grn_number,invoice_number,po_number,status
GRN-INV-3001,INV-3001,PO-2086,Accepted
GRN-INV-3002,INV-3002,PO-2127,Accepted
GRN-INV-3003,INV-3003,PO-2149,Accepted
GRN-INV-3004,INV-3004,PO-2395,Accepted
GRN-INV-3005,INV-3005,PO-2070,Accepted
GRN-INV-3006,INV-3006,PO-2017,Rejected
GRN-INV-3007,INV-3007,PO-2253,Accepted
GRN-INV-3008,INV-3008,PO-2009,Accepted
GRN-INV-3009,INV-3009,PO-2033,Accepted
GRN-INV-3010,INV-3010,PO-2377,Accepted
GRN-INV-3011,INV-3011,PO-2355,Accepted
GRN-INV-3012,INV-3012,PO-2320,Accepted
GRN-INV-3013,INV-3013,PO-2397,Accepted
GRN-INV-3014,INV-3014,PO-2102,Accepted
GRN-INV-3015,INV-3015,PO-2056,Accepted
GRN-INV-3016,INV-3016,PO-2165,Accepted
GRN-INV-3017,INV-3017,PO-2192,Accepted
GRN-INV-3018,INV-3018,PO-2347,Accepted
GRN-INV-3019,INV-3019,PO-2357,Accepted
GRN-INV-3020,INV-3020,PO-2092,Accepted
GRN-INV-3021,INV-3021,PO-2040,Rejected
GRN-INV-3022,INV-3022,PO-2135,Rejected
GRN-INV-3023,INV-3023,PO-2298,Rejected
GRN-INV-3024,INV-3024,PO-2121,Accepted
GRN-INV-3025,INV-3025,PO-2276,Accepted
GRN-INV-3026,INV-3026,PO-2136,Accepted
GRN-INV-3027,INV-3027,PO-2165,Accepted
GRN-INV-3028,INV-3028,PO-2139,Accepted
GRN-INV-3029,INV-3029,PO-2112,Accepted
GRN-INV-3030,INV-3030,PO-2061,Accepted
GRN-INV-3031,INV-3031,PO-2282,Rejected
GRN-INV-3032,INV-3032,PO-2052,Accepted
GRN-INV-3033,INV-3033,PO-2116,Accepted
GRN-INV-3034,INV-3034,PO-2105,Accepted
GRN-INV-3035,INV-3035,PO-2184,Accepted
GRN-INV-3036,INV-3036,PO-2169,Accepted
GRN-INV-3037,INV-3037,PO-2055,Accepted
GRN-INV-3038,INV-3038,PO-2375,Accepted
GRN-INV-3039,INV-3039,PO-2218,Rejected
GRN-INV-3040,INV-3040,PO-2090,Accepted
GRN-INV-3041,INV-3041,PO-2278,Accepted
GRN-INV-3042,INV-3042,PO-2208,Accepted
GRN-INV-3043,INV-3043,PO-2293,Accepted
GRN-INV-3044,INV-3044,PO-2088,Accepted
GRN-INV-3045,INV-3045,PO-2070,Accepted
GRN-INV-3046,INV-3046,PO-2174,Accepted
GRN-INV-3047,INV-3047,PO-2207,Accepted
GRN-INV-3048,INV-3048,PO-2053,Accepted
GRN-INV-3049,INV-3049,PO-2206,Rejected
GRN-INV-3050,INV-3050,PO-2296,Accepted
GRN-INV-3051,INV-3051,PO-2048,Accepted
GRN-INV-3052,INV-3052,PO-2394,Accepted
GRN-INV-3053,INV-3053,PO-2395,Accepted
GRN-INV-3054,INV-3054,PO-2299,Accepted
GRN-INV-3055,INV-3055,PO-2090,Rejected
GRN-INV-3056,INV-3056,PO-2229,Accepted
GRN-INV-3057,INV-3057,PO-2305,Accepted
GRN-INV-3058,INV-3058,PO-2269,Accepted
GRN-INV-3059,INV-3059,PO-2400,Accepted
GRN-INV-3060,INV-3060,PO-2114,Accepted
GRN-INV-3061,INV-3061,PO-2306,Accepted
GRN-INV-3062,INV-3062,PO-2314,Accepted
GRN-INV-3063,INV-3063,PO-2235,Accepted
GRN-INV-3064,INV-3064,PO-2049,Rejected
GRN-INV-3065,INV-3065,PO-2180,Accepted
GRN-INV-3066,INV-3066,PO-2088,Accepted
GRN-INV-3067,INV-3067,PO-2040,Accepted
GRN-INV-3068,INV-3068,PO-2255,Accepted
GRN-INV-3069,INV-3069,PO-2029,Accepted
GRN-INV-3070,INV-3070,PO-2049,Accepted
GRN-INV-3071,INV-3071,PO-2021,Rejected
GRN-INV-3072,INV-3072,PO-2277,Accepted
GRN-INV-3073,INV-3073,PO-2360,Rejected
GRN-INV-3074,INV-3074,PO-2391,Accepted
GRN-INV-3075,INV-3075,PO-2163,Accepted
GRN-INV-3076,INV-3076,PO-2297,Accepted
GRN-INV-3077,INV-3077,PO-2044,Accepted
GRN-INV-3078,INV-3078,PO-2386,Accepted
GRN-INV-3079,INV-3079,PO-2146,Rejected
GRN-INV-3080,INV-3080,PO-2166,Accepted
GRN-INV-3081,INV-3081,PO-2382,Accepted
GRN-INV-3082,INV-3082,PO-2398,Accepted
GRN-INV-3083,INV-3083,PO-2280,Rejected
GRN-INV-3084,INV-3084,PO-2330,Accepted
GRN-INV-3085,INV-3085,PO-2248,Accepted
GRN-INV-3086,INV-3086,PO-2034,Rejected
GRN-INV-3087,INV-3087,PO-2352,Accepted
GRN-INV-3088,INV-3088,PO-2252,Accepted
GRN-INV-3089,INV-3089,PO-2051,Accepted
GRN-INV-3090,INV-3090,PO-2119,Accepted
GRN-INV-3091,INV-3091,PO-2280,Accepted
GRN-INV-3092,INV-3092,PO-2395,Rejected
GRN-INV-3093,INV-3093,PO-2152,Rejected
GRN-INV-3094,INV-3094,PO-2302,Accepted
GRN-INV-3095,INV-3095,PO-2253,Accepted
GRN-INV-3096,INV-3096,PO-2001,Accepted
GRN-INV-3097,INV-3097,PO-2127,Accepted
GRN-INV-3098,INV-3098,PO-2276,Accepted
GRN-INV-3099,INV-3099,PO-2115,Accepted
GRN-INV-3100,INV-3100,PO-2254,Accepted
GRN-INV-3101,INV-3101,PO-2099,Accepted
GRN-INV-3102,INV-3102,PO-2318,Rejected
GRN-INV-3103,INV-3103,PO-2163,Accepted
GRN-INV-3104,INV-3104,PO-2392,Rejected
GRN-INV-3105,INV-3105,PO-2378,Accepted
GRN-INV-3106,INV-3106,PO-2129,Accepted
GRN-INV-3107,INV-3107,PO-2348,Accepted
GRN-INV-3108,INV-3108,PO-2028,Accepted
GRN-INV-3109,INV-3109,PO-2205,Accepted
GRN-INV-3110,INV-3110,PO-2283,Accepted
GRN-INV-3111,INV-3111,PO-2042,Accepted
GRN-INV-3112,INV-3112,PO-2364,Accepted
GRN-INV-3113,INV-3113,PO-2344,Rejected
GRN-INV-3114,INV-3114,PO-2303,Rejected
GRN-INV-3115,INV-3115,PO-2300,Accepted
GRN-INV-3116,INV-3116,PO-2235,Accepted
GRN-INV-3117,INV-3117,PO-2285,Accepted
GRN-INV-3118,INV-3118,PO-2044,Accepted
GRN-INV-3119,INV-3119,PO-2220,Accepted
GRN-INV-3120,INV-3120,PO-2118,Accepted
GRN-INV-3121,INV-3121,PO-2093,Accepted
GRN-INV-3122,INV-3122,PO-2336,Accepted
GRN-INV-3123,INV-3123,PO-2081,Accepted
GRN-INV-3124,INV-3124,PO-2375,Rejected
GRN-INV-3125,INV-3125,PO-2358,Rejected
GRN-INV-3126,INV-3126,PO-2212,Accepted
GRN-INV-3127,INV-3127,PO-2157,Accepted
GRN-INV-3128,INV-3128,PO-2120,Accepted
GRN-INV-3129,INV-3129,PO-2343,Accepted
GRN-INV-3130,INV-3130,PO-2115,Accepted
GRN-INV-3131,INV-3131,PO-2089,Accepted
GRN-INV-3132,INV-3132,PO-2373,Rejected
GRN-INV-3133,INV-3133,PO-2371,Accepted
GRN-INV-3134,INV-3134,PO-2004,Rejected
GRN-INV-3135,INV-3135,PO-2102,Accepted
GRN-INV-3136,INV-3136,PO-2317,Rejected
GRN-INV-3137,INV-3137,PO-2016,Accepted
GRN-INV-3138,INV-3138,PO-2240,Accepted
GRN-INV-3139,INV-3139,PO-2163,Rejected
GRN-INV-3140,INV-3140,PO-2276,Accepted
GRN-INV-3141,INV-3141,PO-2331,Rejected
GRN-INV-3142,INV-3142,PO-2208,Accepted
GRN-INV-3143,INV-3143,PO-2267,Accepted
GRN-INV-3144,INV-3144,PO-2211,Accepted
GRN-INV-3145,INV-3145,PO-2397,Accepted
GRN-INV-3146,INV-3146,PO-2248,Accepted
GRN-INV-3147,INV-3147,PO-2098,Accepted
GRN-INV-3148,INV-3148,PO-2243,Accepted
GRN-INV-3149,INV-3149,PO-2319,Accepted
GRN-INV-3150,INV-3150,PO-2149,Accepted
GRN-INV-3151,INV-3151,PO-2037,Accepted
GRN-INV-3152,INV-3152,PO-2142,Accepted
GRN-INV-3153,INV-3153,PO-2158,Accepted
GRN-INV-3154,INV-3154,PO-2073,Accepted
GRN-INV-3155,INV-3155,PO-2399,Accepted
GRN-INV-3156,INV-3156,PO-2247,Rejected
GRN-INV-3157,INV-3157,PO-2390,Accepted
GRN-INV-3158,INV-3158,PO-2094,Rejected
GRN-INV-3159,INV-3159,PO-2149,Accepted
GRN-INV-3160,INV-3160,PO-2332,Accepted
GRN-INV-3161,INV-3161,PO-2113,Accepted
GRN-INV-3162,INV-3162,PO-2329,Accepted
GRN-INV-3163,INV-3163,PO-2334,Accepted
GRN-INV-3164,INV-3164,PO-2308,Accepted
GRN-INV-3165,INV-3165,PO-2309,Accepted
GRN-INV-3166,INV-3166,PO-2204,Accepted
GRN-INV-3167,INV-3167,PO-2288,Rejected
GRN-INV-3168,INV-3168,PO-2224,Accepted
GRN-INV-3169,INV-3169,PO-2400,Accepted
GRN-INV-3170,INV-3170,PO-2177,Accepted
GRN-INV-3171,INV-3171,PO-2106,Accepted
GRN-INV-3172,INV-3172,PO-2186,Accepted
GRN-INV-3173,INV-3173,PO-2120,Accepted
GRN-INV-3174,INV-3174,PO-2201,Accepted
GRN-INV-3175,INV-3175,PO-2011,Accepted
GRN-INV-3176,INV-3176,PO-2018,Accepted
GRN-INV-3177,INV-3177,PO-2336,Accepted
GRN-INV-3178,INV-3178,PO-2031,Accepted
GRN-INV-3179,INV-3179,PO-2041,Accepted
GRN-INV-3180,INV-3180,PO-2295,Accepted
GRN-INV-3181,INV-3181,PO-2245,Accepted
GRN-INV-3182,INV-3182,PO-2335,Accepted
GRN-INV-3183,INV-3183,PO-2286,Accepted
GRN-INV-3184,INV-3184,PO-2090,Accepted
GRN-INV-3185,INV-3185,PO-2219,Accepted
GRN-INV-3186,INV-3186,PO-2305,Accepted
GRN-INV-3187,INV-3187,PO-2011,Accepted
GRN-INV-3188,INV-3188,PO-2058,Accepted
GRN-INV-3189,INV-3189,PO-2102,Accepted
GRN-INV-3190,INV-3190,PO-2298,Accepted
GRN-INV-3191,INV-3191,PO-2037,Accepted
GRN-INV-3192,INV-3192,PO-2088,Accepted
GRN-INV-3193,INV-3193,PO-2255,Accepted
GRN-INV-3194,INV-3194,PO-2207,Accepted
GRN-INV-3195,INV-3195,PO-2135,Accepted
GRN-INV-3196,INV-3196,PO-2378,Accepted
GRN-INV-3197,INV-3197,PO-2165,Accepted
GRN-INV-3198,INV-3198,PO-2380,Accepted
GRN-INV-3199,INV-3199,PO-2373,Accepted
GRN-INV-3200,INV-3200,PO-2229,Rejected
GRN-INV-3201,INV-3201,PO-2389,Rejected
GRN-INV-3202,INV-3202,PO-2158,Accepted
GRN-INV-3203,INV-3203,PO-2146,Accepted
GRN-INV-3204,INV-3204,PO-2289,Accepted
GRN-INV-3205,INV-3205,PO-2287,Accepted
GRN-INV-3206,INV-3206,PO-2080,Accepted
GRN-INV-3207,INV-3207,PO-2246,Accepted
GRN-INV-3208,INV-3208,PO-2292,Accepted
GRN-INV-3209,INV-3209,PO-2245,Accepted
GRN-INV-3210,INV-3210,PO-2398,Accepted
GRN-INV-3211,INV-3211,PO-2045,Accepted
GRN-INV-3212,INV-3212,PO-2058,Accepted
GRN-INV-3213,INV-3213,PO-2215,Accepted
GRN-INV-3214,INV-3214,PO-2364,Accepted
GRN-INV-3215,INV-3215,PO-2107,Accepted
GRN-INV-3216,INV-3216,PO-2305,Accepted
GRN-INV-3217,INV-3217,PO-2072,Accepted
GRN-INV-3218,INV-3218,PO-2201,Accepted
GRN-INV-3219,INV-3219,PO-2233,Accepted
GRN-INV-3220,INV-3220,PO-2187,Accepted
GRN-INV-3221,INV-3221,PO-2230,Accepted
GRN-INV-3222,INV-3222,PO-2353,Accepted
GRN-INV-3223,INV-3223,PO-2270,Accepted
GRN-INV-3224,INV-3224,PO-2047,Accepted
GRN-INV-3225,INV-3225,PO-2254,Accepted
GRN-INV-3226,INV-3226,PO-2225,Accepted
GRN-INV-3227,INV-3227,PO-2178,Accepted
GRN-INV-3228,INV-3228,PO-2063,Accepted
GRN-INV-3229,INV-3229,PO-2208,Accepted
GRN-INV-3230,INV-3230,PO-2141,Accepted
GRN-INV-3231,INV-3231,PO-2270,Accepted
GRN-INV-3232,INV-3232,PO-2388,Accepted
GRN-INV-3233,INV-3233,PO-2048,Accepted
GRN-INV-3234,INV-3234,PO-2389,Accepted
GRN-INV-3235,INV-3235,PO-2108,Accepted
GRN-INV-3236,INV-3236,PO-2175,Accepted
GRN-INV-3237,INV-3237,PO-2297,Accepted
GRN-INV-3238,INV-3238,PO-2193,Accepted
GRN-INV-3239,INV-3239,PO-2165,Accepted
GRN-INV-3240,INV-3240,PO-2176,Accepted
GRN-INV-3241,INV-3241,PO-2011,Accepted
GRN-INV-3242,INV-3242,PO-2361,Rejected
GRN-INV-3243,INV-3243,PO-2167,Rejected
GRN-INV-3244,INV-3244,PO-2377,Rejected
GRN-INV-3245,INV-3245,PO-2172,Accepted
GRN-INV-3246,INV-3246,PO-2176,Accepted
GRN-INV-3247,INV-3247,PO-2379,Accepted
GRN-INV-3248,INV-3248,PO-2055,Accepted
GRN-INV-3249,INV-3249,PO-2038,Accepted
GRN-INV-3250,INV-3250,PO-2231,Accepted
GRN-INV-3251,INV-3251,PO-2317,Accepted
GRN-INV-3252,INV-3252,PO-2307,Accepted
GRN-INV-3253,INV-3253,PO-2362,Accepted
GRN-INV-3254,INV-3254,PO-2257,Accepted
GRN-INV-3255,INV-3255,PO-2159,Accepted
GRN-INV-3256,INV-3256,PO-2177,Rejected
GRN-INV-3257,INV-3257,PO-2009,Accepted
GRN-INV-3258,INV-3258,PO-2365,Accepted
GRN-INV-3259,INV-3259,PO-2377,Rejected
GRN-INV-3260,INV-3260,PO-2031,Accepted
GRN-INV-3261,INV-3261,PO-2037,Accepted
GRN-INV-3262,INV-3262,PO-2230,Accepted
GRN-INV-3263,INV-3263,PO-2362,Accepted
GRN-INV-3264,INV-3264,PO-2058,Accepted
GRN-INV-3265,INV-3265,PO-2354,Accepted
GRN-INV-3266,INV-3266,PO-2345,Accepted
GRN-INV-3267,INV-3267,PO-2033,Accepted
GRN-INV-3268,INV-3268,PO-2228,Accepted
GRN-INV-3269,INV-3269,PO-2012,Accepted
GRN-INV-3270,INV-3270,PO-2274,Accepted
GRN-INV-3271,INV-3271,PO-2134,Accepted
GRN-INV-3272,INV-3272,PO-2220,Accepted
GRN-INV-3273,INV-3273,PO-2137,Rejected
GRN-INV-3274,INV-3274,PO-2219,Accepted
GRN-INV-3275,INV-3275,PO-2067,Accepted
GRN-INV-3276,INV-3276,PO-2012,Accepted
GRN-INV-3277,INV-3277,PO-2088,Accepted
GRN-INV-3278,INV-3278,PO-2285,Accepted
GRN-INV-3279,INV-3279,PO-2015,Accepted
GRN-INV-3280,INV-3280,PO-2065,Accepted
GRN-INV-3281,INV-3281,PO-2344,Accepted
GRN-INV-3282,INV-3282,PO-2284,Accepted
GRN-INV-3283,INV-3283,PO-2222,Accepted
GRN-INV-3284,INV-3284,PO-2229,Accepted
GRN-INV-3285,INV-3285,PO-2168,Accepted
GRN-INV-3286,INV-3286,PO-2199,Rejected
GRN-INV-3287,INV-3287,PO-2244,Accepted
GRN-INV-3288,INV-3288,PO-2015,Accepted
GRN-INV-3289,INV-3289,PO-2334,Accepted
GRN-INV-3290,INV-3290,PO-2318,Accepted
GRN-INV-3291,INV-3291,PO-2189,Accepted
GRN-INV-3292,INV-3292,PO-2382,Accepted
GRN-INV-3293,INV-3293,PO-2338,Rejected
GRN-INV-3294,INV-3294,PO-2131,Accepted
GRN-INV-3295,INV-3295,PO-2216,Accepted
GRN-INV-3296,INV-3296,PO-2027,Accepted
GRN-INV-3297,INV-3297,PO-2003,Rejected
GRN-INV-3298,INV-3298,PO-2213,Accepted
GRN-INV-3299,INV-3299,PO-2111,Accepted
GRN-INV-3300,INV-3300,PO-2252,Accepted
GRN-INV-3301,INV-3301,PO-2103,Accepted
GRN-INV-3302,INV-3302,PO-2358,Accepted
GRN-INV-3303,INV-3303,PO-2334,Accepted
GRN-INV-3304,INV-3304,PO-2294,Accepted
GRN-INV-3305,INV-3305,PO-2092,Accepted
GRN-INV-3306,INV-3306,PO-2375,Accepted
GRN-INV-3307,INV-3307,PO-2153,Accepted
GRN-INV-3308,INV-3308,PO-2164,Accepted
GRN-INV-3309,INV-3309,PO-2199,Accepted
GRN-INV-3310,INV-3310,PO-2367,Accepted
GRN-INV-3311,INV-3311,PO-2082,Accepted
GRN-INV-3312,INV-3312,PO-2027,Rejected
GRN-INV-3313,INV-3313,PO-2381,Accepted
GRN-INV-3314,INV-3314,PO-2044,Accepted
GRN-INV-3315,INV-3315,PO-2092,Accepted
GRN-INV-3316,INV-3316,PO-2144,Accepted
GRN-INV-3317,INV-3317,PO-2206,Rejected
GRN-INV-3318,INV-3318,PO-2285,Accepted
GRN-INV-3319,INV-3319,PO-2024,Accepted
GRN-INV-3320,INV-3320,PO-2227,Accepted
GRN-INV-3321,INV-3321,PO-2099,Accepted
GRN-INV-3322,INV-3322,PO-2138,Accepted
GRN-INV-3323,INV-3323,PO-2144,Rejected
GRN-INV-3324,INV-3324,PO-2093,Accepted
GRN-INV-3325,INV-3325,PO-2387,Rejected
GRN-INV-3326,INV-3326,PO-2003,Accepted
GRN-INV-3327,INV-3327,PO-2319,Accepted
GRN-INV-3328,INV-3328,PO-2384,Accepted
GRN-INV-3329,INV-3329,PO-2111,Accepted
GRN-INV-3330,INV-3330,PO-2149,Accepted
GRN-INV-3331,INV-3331,PO-2184,Accepted
GRN-INV-3332,INV-3332,PO-2193,Accepted
GRN-INV-3333,INV-3333,PO-2133,Accepted
GRN-INV-3334,INV-3334,PO-2255,Accepted
GRN-INV-3335,INV-3335,PO-2128,Accepted
GRN-INV-3336,INV-3336,PO-2374,Accepted
GRN-INV-3337,INV-3337,PO-2016,Accepted
GRN-INV-3338,INV-3338,PO-2323,Accepted
GRN-INV-3339,INV-3339,PO-2399,Accepted
GRN-INV-3340,INV-3340,PO-2336,Rejected
GRN-INV-3341,INV-3341,PO-2250,Accepted
GRN-INV-3342,INV-3342,PO-2045,Accepted
GRN-INV-3343,INV-3343,PO-2031,Accepted
GRN-INV-3344,INV-3344,PO-2203,Rejected
GRN-INV-3345,INV-3345,PO-2256,Accepted
GRN-INV-3346,INV-3346,PO-2021,Accepted
GRN-INV-3347,INV-3347,PO-2149,Rejected
GRN-INV-3348,INV-3348,PO-2371,Rejected
GRN-INV-3349,INV-3349,PO-2283,Rejected
GRN-INV-3350,INV-3350,PO-2284,Rejected
GRN-INV-3351,INV-3351,PO-2348,Accepted
GRN-INV-3352,INV-3352,PO-2277,Accepted
GRN-INV-3353,INV-3353,PO-2157,Accepted
GRN-INV-3354,INV-3354,PO-2383,Accepted
GRN-INV-3355,INV-3355,PO-2141,Accepted
GRN-INV-3356,INV-3356,PO-2169,Rejected
GRN-INV-3357,INV-3357,PO-2376,Accepted
GRN-INV-3358,INV-3358,PO-2309,Accepted
GRN-INV-3359,INV-3359,PO-2048,Rejected
GRN-INV-3360,INV-3360,PO-2175,Accepted
GRN-INV-3361,INV-3361,PO-2247,Accepted
GRN-INV-3362,INV-3362,PO-2023,Accepted
GRN-INV-3363,INV-3363,PO-2221,Accepted
GRN-INV-3364,INV-3364,PO-2268,Accepted
GRN-INV-3365,INV-3365,PO-2307,Accepted
GRN-INV-3366,INV-3366,PO-2361,Rejected
GRN-INV-3367,INV-3367,PO-2214,Accepted
GRN-INV-3368,INV-3368,PO-2303,Accepted
GRN-INV-3369,INV-3369,PO-2110,Accepted
GRN-INV-3370,INV-3370,PO-2277,Accepted
GRN-INV-3371,INV-3371,PO-2370,Rejected
GRN-INV-3372,INV-3372,PO-2314,Accepted
GRN-INV-3373,INV-3373,PO-2339,Accepted
GRN-INV-3374,INV-3374,PO-2183,Accepted
GRN-INV-3375,INV-3375,PO-2367,Rejected
GRN-INV-3376,INV-3376,PO-2242,Accepted
GRN-INV-3377,INV-3377,PO-2380,Accepted
GRN-INV-3378,INV-3378,PO-2367,Accepted
GRN-INV-3379,INV-3379,PO-2309,Accepted
GRN-INV-3380,INV-3380,PO-2002,Accepted
GRN-INV-3381,INV-3381,PO-2252,Accepted
GRN-INV-3382,INV-3382,PO-2265,Rejected
GRN-INV-3383,INV-3383,PO-2045,Accepted
GRN-INV-3384,INV-3384,PO-2209,Rejected
GRN-INV-3385,INV-3385,PO-2031,Accepted
GRN-INV-3386,INV-3386,PO-2394,Accepted
GRN-INV-3387,INV-3387,PO-2189,Accepted
GRN-INV-3388,INV-3388,PO-2160,Accepted
GRN-INV-3389,INV-3389,PO-2009,Rejected
GRN-INV-3390,INV-3390,PO-2347,Accepted
GRN-INV-3391,INV-3391,PO-2067,Accepted
GRN-INV-3392,INV-3392,PO-2245,Accepted
GRN-INV-3393,INV-3393,PO-2069,Accepted
GRN-INV-3394,INV-3394,PO-2376,Accepted
GRN-INV-3395,INV-3395,PO-2335,Accepted
GRN-INV-3396,INV-3396,PO-2162,Rejected
GRN-INV-3397,INV-3397,PO-2129,Accepted
GRN-INV-3398,INV-3398,PO-2347,Accepted
GRN-INV-3399,INV-3399,PO-2341,Accepted
GRN-INV-3400,INV-3400,PO-2169,Accepted
GRN-INV-3401,INV-3401,PO-2259,Accepted
GRN-INV-3402,INV-3402,PO-2108,Accepted
GRN-INV-3403,INV-3403,PO-2341,Accepted
GRN-INV-3404,INV-3404,PO-2214,Rejected
GRN-INV-3405,INV-3405,PO-2054,Rejected
GRN-INV-3406,INV-3406,PO-2347,Accepted
GRN-INV-3407,INV-3407,PO-2108,Rejected
GRN-INV-3408,INV-3408,PO-2209,Accepted
GRN-INV-3409,INV-3409,PO-2341,Accepted
GRN-INV-3410,INV-3410,PO-2122,Accepted
GRN-INV-3411,INV-3411,PO-2144,Rejected
GRN-INV-3412,INV-3412,PO-2162,Accepted
GRN-INV-3413,INV-3413,PO-2310,Accepted
GRN-INV-3414,INV-3414,PO-2255,Rejected
GRN-INV-3415,INV-3415,PO-2183,Accepted
GRN-INV-3416,INV-3416,PO-2308,Accepted
GRN-INV-3417,INV-3417,PO-2069,Accepted
GRN-INV-3418,INV-3418,PO-2089,Accepted
GRN-INV-3419,INV-3419,PO-2389,Accepted
GRN-INV-3420,INV-3420,PO-2342,Rejected
GRN-INV-3421,INV-3421,PO-2060,Rejected
GRN-INV-3422,INV-3422,PO-2046,Rejected
GRN-INV-3423,INV-3423,PO-2143,Accepted
GRN-INV-3424,INV-3424,PO-2052,Accepted
GRN-INV-3425,INV-3425,PO-2273,Accepted
GRN-INV-3426,INV-3426,PO-2198,Accepted
GRN-INV-3427,INV-3427,PO-2279,Rejected
GRN-INV-3428,INV-3428,PO-2390,Accepted
GRN-INV-3429,INV-3429,PO-2293,Accepted
GRN-INV-3430,INV-3430,PO-2365,Accepted
GRN-INV-3431,INV-3431,PO-2028,Accepted
GRN-INV-3432,INV-3432,PO-2228,Rejected
GRN-INV-3433,INV-3433,PO-2080,Accepted
GRN-INV-3434,INV-3434,PO-2049,Accepted
GRN-INV-3435,INV-3435,PO-2244,Rejected
GRN-INV-3436,INV-3436,PO-2058,Accepted
GRN-INV-3437,INV-3437,PO-2154,Rejected
GRN-INV-3438,INV-3438,PO-2268,Accepted
GRN-INV-3439,INV-3439,PO-2362,Accepted
GRN-INV-3440,INV-3440,PO-2301,Accepted
GRN-INV-3441,INV-3441,PO-2057,Rejected
GRN-INV-3442,INV-3442,PO-2041,Accepted
GRN-INV-3443,INV-3443,PO-2229,Accepted
GRN-INV-3444,INV-3444,PO-2155,Rejected
GRN-INV-3445,INV-3445,PO-2037,Accepted
GRN-INV-3446,INV-3446,PO-2031,Accepted
GRN-INV-3447,INV-3447,PO-2384,Accepted
GRN-INV-3448,INV-3448,PO-2301,Accepted
GRN-INV-3449,INV-3449,PO-2152,Accepted
GRN-INV-3450,INV-3450,PO-2369,Accepted
GRN-INV-3451,INV-3451,PO-2054,Rejected
GRN-INV-3452,INV-3452,PO-2331,Accepted
GRN-INV-3453,INV-3453,PO-2087,Accepted
GRN-INV-3454,INV-3454,PO-2337,Accepted
GRN-INV-3455,INV-3455,PO-2158,Accepted
GRN-INV-3456,INV-3456,PO-2075,Rejected
GRN-INV-3457,INV-3457,PO-2234,Accepted
GRN-INV-3458,INV-3458,PO-2094,Accepted
GRN-INV-3459,INV-3459,PO-2053,Accepted
GRN-INV-3460,INV-3460,PO-2265,Accepted
GRN-INV-3461,INV-3461,PO-2352,Accepted
GRN-INV-3462,INV-3462,PO-2288,Accepted
GRN-INV-3463,INV-3463,PO-2236,Rejected
GRN-INV-3464,INV-3464,PO-2051,Accepted
GRN-INV-3465,INV-3465,PO-2151,Accepted
GRN-INV-3466,INV-3466,PO-2182,Accepted
GRN-INV-3467,INV-3467,PO-2068,Accepted
GRN-INV-3468,INV-3468,PO-2338,Accepted
GRN-INV-3469,INV-3469,PO-2010,Accepted
GRN-INV-3470,INV-3470,PO-2274,Accepted
GRN-INV-3471,INV-3471,PO-2218,Accepted
GRN-INV-3472,INV-3472,PO-2375,Accepted
GRN-INV-3473,INV-3473,PO-2086,Accepted
GRN-INV-3474,INV-3474,PO-2146,Rejected
GRN-INV-3475,INV-3475,PO-2294,Accepted
GRN-INV-3476,INV-3476,PO-2068,Rejected
GRN-INV-3477,INV-3477,PO-2205,Rejected
GRN-INV-3478,INV-3478,PO-2182,Accepted
GRN-INV-3479,INV-3479,PO-2324,Accepted
GRN-INV-3480,INV-3480,PO-2245,Rejected
GRN-INV-3481,INV-3481,PO-2234,Accepted
GRN-INV-3482,INV-3482,PO-2231,Rejected
GRN-INV-3483,INV-3483,PO-2169,Accepted
GRN-INV-3484,INV-3484,PO-2203,Accepted
GRN-INV-3485,INV-3485,PO-2182,Accepted
GRN-INV-3486,INV-3486,PO-2247,Accepted
GRN-INV-3487,INV-3487,PO-2205,Rejected
GRN-INV-3488,INV-3488,PO-2343,Accepted
GRN-INV-3489,INV-3489,PO-2109,Accepted
GRN-INV-3490,INV-3490,PO-2189,Accepted
GRN-INV-3491,INV-3491,PO-2399,Accepted
GRN-INV-3492,INV-3492,PO-2144,Rejected
GRN-INV-3493,INV-3493,PO-2169,Rejected
GRN-INV-3494,INV-3494,PO-2268,Accepted
GRN-INV-3495,INV-3495,PO-2106,Rejected
GRN-INV-3496,INV-3496,PO-2218,Accepted
GRN-INV-3497,INV-3497,PO-2278,Rejected
GRN-INV-3498,INV-3498,PO-2157,Accepted
GRN-INV-3499,INV-3499,PO-2094,Accepted
GRN-INV-3500,INV-3500,PO-2126,Accepted
GRN-INV-3501,INV-3501,PO-2037,Rejected
GRN-INV-3502,INV-3502,PO-2160,Accepted
GRN-INV-3503,INV-3503,PO-2372,Accepted
GRN-INV-3504,INV-3504,PO-2363,Accepted
GRN-INV-3505,INV-3505,PO-2140,Accepted
GRN-INV-3506,INV-3506,PO-2178,Accepted
GRN-INV-3507,INV-3507,PO-2093,Accepted
GRN-INV-3508,INV-3508,PO-2212,Accepted
GRN-INV-3509,INV-3509,PO-2333,Accepted
GRN-INV-3510,INV-3510,PO-2254,Accepted
GRN-INV-3511,INV-3511,PO-2251,Accepted
GRN-INV-3512,INV-3512,PO-2350,Accepted
GRN-INV-3513,INV-3513,PO-2275,Accepted
GRN-INV-3514,INV-3514,PO-2121,Accepted
GRN-INV-3515,INV-3515,PO-2381,Accepted
GRN-INV-3516,INV-3516,PO-2002,Accepted
GRN-INV-3517,INV-3517,PO-2053,Accepted
GRN-INV-3518,INV-3518,PO-2199,Accepted
GRN-INV-3519,INV-3519,PO-2282,Rejected
GRN-INV-3520,INV-3520,PO-2138,Accepted
GRN-INV-3521,INV-3521,PO-2254,Accepted
GRN-INV-3522,INV-3522,PO-2033,Accepted
GRN-INV-3523,INV-3523,PO-2011,Rejected
GRN-INV-3524,INV-3524,PO-2085,Accepted
GRN-INV-3525,INV-3525,PO-2151,Accepted
GRN-INV-3526,INV-3526,PO-2246,Accepted
GRN-INV-3527,INV-3527,PO-2311,Accepted
GRN-INV-3528,INV-3528,PO-2098,Accepted
GRN-INV-3529,INV-3529,PO-2088,Accepted
GRN-INV-3530,INV-3530,PO-2331,Accepted
GRN-INV-3531,INV-3531,PO-2383,Rejected
GRN-INV-3532,INV-3532,PO-2223,Accepted
GRN-INV-3533,INV-3533,PO-2305,Rejected
GRN-INV-3534,INV-3534,PO-2284,Rejected
GRN-INV-3535,INV-3535,PO-2354,Accepted
GRN-INV-3536,INV-3536,PO-2080,Accepted
GRN-INV-3537,INV-3537,PO-2100,Accepted
GRN-INV-3538,INV-3538,PO-2370,Accepted
GRN-INV-3539,INV-3539,PO-2246,Accepted
GRN-INV-3540,INV-3540,PO-2028,Accepted
GRN-INV-3541,INV-3541,PO-2292,Accepted
GRN-INV-3542,INV-3542,PO-2362,Accepted
GRN-INV-3543,INV-3543,PO-2187,Accepted
GRN-INV-3544,INV-3544,PO-2071,Accepted
GRN-INV-3545,INV-3545,PO-2270,Accepted
GRN-INV-3546,INV-3546,PO-2109,Accepted
GRN-INV-3547,INV-3547,PO-2336,Accepted
GRN-INV-3548,INV-3548,PO-2364,Accepted
GRN-INV-3549,INV-3549,PO-2170,Accepted
GRN-INV-3550,INV-3550,PO-2298,Rejected
GRN-INV-3551,INV-3551,PO-2294,Accepted
GRN-INV-3552,INV-3552,PO-2045,Accepted
GRN-INV-3553,INV-3553,PO-2201,Accepted
GRN-INV-3554,INV-3554,PO-2395,Rejected
GRN-INV-3555,INV-3555,PO-2299,Accepted
GRN-INV-3556,INV-3556,PO-2322,Rejected
GRN-INV-3557,INV-3557,PO-2279,Accepted
GRN-INV-3558,INV-3558,PO-2176,Accepted
GRN-INV-3559,INV-3559,PO-2153,Accepted
GRN-INV-3560,INV-3560,PO-2024,Accepted
GRN-INV-3561,INV-3561,PO-2274,Accepted
GRN-INV-3562,INV-3562,PO-2312,Accepted
GRN-INV-3563,INV-3563,PO-2367,Rejected
GRN-INV-3564,INV-3564,PO-2280,Accepted
GRN-INV-3565,INV-3565,PO-2336,Accepted
GRN-INV-3566,INV-3566,PO-2161,Accepted
GRN-INV-3567,INV-3567,PO-2171,Accepted
GRN-INV-3568,INV-3568,PO-2082,Accepted
GRN-INV-3569,INV-3569,PO-2159,Accepted
GRN-INV-3570,INV-3570,PO-2338,Accepted
GRN-INV-3571,INV-3571,PO-2004,Accepted
GRN-INV-3572,INV-3572,PO-2001,Accepted
GRN-INV-3573,INV-3573,PO-2118,Accepted
GRN-INV-3574,INV-3574,PO-2097,Accepted
GRN-INV-3575,INV-3575,PO-2315,Accepted
GRN-INV-3576,INV-3576,PO-2352,Accepted
GRN-INV-3577,INV-3577,PO-2373,Rejected
GRN-INV-3578,INV-3578,PO-2235,Accepted
GRN-INV-3579,INV-3579,PO-2188,Accepted
GRN-INV-3580,INV-3580,PO-2350,Accepted
GRN-INV-3581,INV-3581,PO-2089,Accepted
GRN-INV-3582,INV-3582,PO-2090,Accepted
GRN-INV-3583,INV-3583,PO-2277,Accepted
GRN-INV-3584,INV-3584,PO-2196,Accepted
GRN-INV-3585,INV-3585,PO-2002,Rejected
GRN-INV-3586,INV-3586,PO-2227,Accepted
GRN-INV-3587,INV-3587,PO-2127,Accepted
GRN-INV-3588,INV-3588,PO-2061,Accepted
GRN-INV-3589,INV-3589,PO-2012,Accepted
GRN-INV-3590,INV-3590,PO-2181,Rejected
GRN-INV-3591,INV-3591,PO-2007,Accepted
GRN-INV-3592,INV-3592,PO-2151,Accepted
GRN-INV-3593,INV-3593,PO-2251,Accepted
GRN-INV-3594,INV-3594,PO-2225,Accepted
GRN-INV-3595,INV-3595,PO-2052,Accepted
GRN-INV-3596,INV-3596,PO-2070,Accepted
GRN-INV-3597,INV-3597,PO-2332,Accepted
GRN-INV-3598,INV-3598,PO-2114,Accepted
GRN-INV-3599,INV-3599,PO-2276,Accepted
GRN-INV-3600,INV-3600,PO-2362,Accepted
GRN-INV-3601,INV-3601,PO-2055,Accepted
GRN-INV-3602,INV-3602,PO-2049,Rejected
GRN-INV-3603,INV-3603,PO-2088,Accepted
GRN-INV-3604,INV-3604,PO-2121,Rejected
GRN-INV-3605,INV-3605,PO-2146,Rejected
GRN-INV-3606,INV-3606,PO-2056,Accepted
GRN-INV-3607,INV-3607,PO-2200,Accepted
GRN-INV-3608,INV-3608,PO-2136,Accepted
GRN-INV-3609,INV-3609,PO-2110,Accepted
GRN-INV-3610,INV-3610,PO-2013,Accepted
GRN-INV-3611,INV-3611,PO-2076,Accepted
GRN-INV-3612,INV-3612,PO-2065,Accepted
GRN-INV-3613,INV-3613,PO-2123,Accepted
GRN-INV-3614,INV-3614,PO-2089,Accepted
GRN-INV-3615,INV-3615,PO-2214,Rejected
GRN-INV-3616,INV-3616,PO-2299,Accepted
GRN-INV-3617,INV-3617,PO-2314,Accepted
GRN-INV-3618,INV-3618,PO-2374,Accepted
GRN-INV-3619,INV-3619,PO-2299,Accepted
GRN-INV-3620,INV-3620,PO-2156,Accepted
GRN-INV-3621,INV-3621,PO-2303,Rejected
GRN-INV-3622,INV-3622,PO-2148,Rejected
GRN-INV-3623,INV-3623,PO-2330,Accepted
GRN-INV-3624,INV-3624,PO-2099,Accepted
GRN-INV-3625,INV-3625,PO-2098,Rejected
GRN-INV-3626,INV-3626,PO-2147,Accepted
GRN-INV-3627,INV-3627,PO-2379,Accepted
GRN-INV-3628,INV-3628,PO-2088,Accepted
GRN-INV-3629,INV-3629,PO-2247,Accepted
GRN-INV-3630,INV-3630,PO-2279,Accepted
GRN-INV-3631,INV-3631,PO-2148,Accepted
GRN-INV-3632,INV-3632,PO-2346,Accepted
GRN-INV-3633,INV-3633,PO-2360,Rejected
GRN-INV-3634,INV-3634,PO-2060,Accepted
GRN-INV-3635,INV-3635,PO-2076,Accepted
GRN-INV-3636,INV-3636,PO-2145,Accepted
GRN-INV-3637,INV-3637,PO-2220,Accepted
GRN-INV-3638,INV-3638,PO-2158,Accepted
GRN-INV-3639,INV-3639,PO-2200,Accepted
GRN-INV-3640,INV-3640,PO-2209,Accepted
GRN-INV-3641,INV-3641,PO-2041,Accepted
GRN-INV-3642,INV-3642,PO-2292,Accepted
GRN-INV-3643,INV-3643,PO-2042,Accepted
GRN-INV-3644,INV-3644,PO-2056,Accepted
GRN-INV-3645,INV-3645,PO-2250,Accepted
GRN-INV-3646,INV-3646,PO-2355,Accepted
GRN-INV-3647,INV-3647,PO-2119,Accepted
GRN-INV-3648,INV-3648,PO-2108,Accepted
GRN-INV-3649,INV-3649,PO-2168,Accepted
GRN-INV-3650,INV-3650,PO-2326,Accepted
GRN-INV-3651,INV-3651,PO-2353,Rejected
GRN-INV-3652,INV-3652,PO-2258,Rejected
GRN-INV-3653,INV-3653,PO-2253,Accepted
GRN-INV-3654,INV-3654,PO-2073,Accepted
GRN-INV-3655,INV-3655,PO-2165,Accepted
GRN-INV-3656,INV-3656,PO-2225,Accepted
GRN-INV-3657,INV-3657,PO-2214,Rejected
GRN-INV-3658,INV-3658,PO-2348,Accepted
GRN-INV-3659,INV-3659,PO-2132,Accepted
GRN-INV-3660,INV-3660,PO-2204,Rejected
GRN-INV-3661,INV-3661,PO-2350,Accepted
GRN-INV-3662,INV-3662,PO-2330,Accepted
GRN-INV-3663,INV-3663,PO-2121,Rejected
GRN-INV-3664,INV-3664,PO-2222,Accepted
GRN-INV-3665,INV-3665,PO-2001,Accepted
GRN-INV-3666,INV-3666,PO-2307,Accepted
GRN-INV-3667,INV-3667,PO-2273,Accepted
GRN-INV-3668,INV-3668,PO-2247,Accepted
GRN-INV-3669,INV-3669,PO-2009,Accepted
GRN-INV-3670,INV-3670,PO-2366,Accepted
GRN-INV-3671,INV-3671,PO-2297,Rejected
GRN-INV-3672,INV-3672,PO-2277,Accepted
GRN-INV-3673,INV-3673,PO-2294,Accepted
GRN-INV-3674,INV-3674,PO-2217,Accepted
GRN-INV-3675,INV-3675,PO-2117,Rejected
GRN-INV-3676,INV-3676,PO-2303,Accepted
GRN-INV-3677,INV-3677,PO-2400,Accepted
GRN-INV-3678,INV-3678,PO-2148,Rejected
GRN-INV-3679,INV-3679,PO-2400,Accepted
GRN-INV-3680,INV-3680,PO-2333,Accepted
GRN-INV-3681,INV-3681,PO-2392,Accepted
GRN-INV-3682,INV-3682,PO-2272,Rejected
GRN-INV-3683,INV-3683,PO-2110,Accepted
GRN-INV-3684,INV-3684,PO-2097,Accepted
GRN-INV-3685,INV-3685,PO-2223,Accepted
GRN-INV-3686,INV-3686,PO-2106,Accepted
GRN-INV-3687,INV-3687,PO-2018,Accepted
GRN-INV-3688,INV-3688,PO-2017,Rejected
GRN-INV-3689,INV-3689,PO-2097,Accepted
GRN-INV-3690,INV-3690,PO-2081,Accepted
GRN-INV-3691,INV-3691,PO-2259,Rejected
GRN-INV-3692,INV-3692,PO-2123,Accepted
GRN-INV-3693,INV-3693,PO-2022,Rejected
GRN-INV-3694,INV-3694,PO-2253,Accepted
GRN-INV-3695,INV-3695,PO-2016,Accepted
GRN-INV-3696,INV-3696,PO-2240,Accepted
GRN-INV-3697,INV-3697,PO-2326,Accepted
GRN-INV-3698,INV-3698,PO-2007,Accepted
GRN-INV-3699,INV-3699,PO-2077,Rejected
GRN-INV-3700,INV-3700,PO-2299,Rejected
GRN-INV-3701,INV-3701,PO-2274,Accepted
GRN-INV-3702,INV-3702,PO-2315,Accepted
GRN-INV-3703,INV-3703,PO-2122,Accepted
GRN-INV-3704,INV-3704,PO-2006,Accepted
GRN-INV-3705,INV-3705,PO-2117,Rejected
GRN-INV-3706,INV-3706,PO-2133,Accepted
GRN-INV-3707,INV-3707,PO-2088,Accepted
GRN-INV-3708,INV-3708,PO-2135,Accepted
GRN-INV-3709,INV-3709,PO-2327,Accepted
GRN-INV-3710,INV-3710,PO-2129,Rejected
GRN-INV-3711,INV-3711,PO-2262,Accepted
GRN-INV-3712,INV-3712,PO-2212,Accepted
GRN-INV-3713,INV-3713,PO-2147,Accepted
GRN-INV-3714,INV-3714,PO-2374,Accepted
GRN-INV-3715,INV-3715,PO-2001,Accepted
GRN-INV-3716,INV-3716,PO-2080,Accepted
GRN-INV-3717,INV-3717,PO-2189,Accepted
GRN-INV-3718,INV-3718,PO-2018,Accepted
GRN-INV-3719,INV-3719,PO-2330,Accepted
GRN-INV-3720,INV-3720,PO-2241,Accepted
GRN-INV-3721,INV-3721,PO-2155,Rejected
GRN-INV-3722,INV-3722,PO-2362,Accepted
GRN-INV-3723,INV-3723,PO-2383,Accepted
GRN-INV-3724,INV-3724,PO-2153,Accepted
GRN-INV-3725,INV-3725,PO-2010,Accepted
GRN-INV-3726,INV-3726,PO-2014,Accepted
GRN-INV-3727,INV-3727,PO-2315,Rejected
GRN-INV-3728,INV-3728,PO-2281,Accepted
GRN-INV-3729,INV-3729,PO-2272,Accepted
GRN-INV-3730,INV-3730,PO-2275,Accepted
GRN-INV-3731,INV-3731,PO-2348,Accepted
GRN-INV-3732,INV-3732,PO-2214,Rejected
GRN-INV-3733,INV-3733,PO-2112,Accepted
GRN-INV-3734,INV-3734,PO-2234,Accepted
GRN-INV-3735,INV-3735,PO-2394,Accepted
GRN-INV-3736,INV-3736,PO-2208,Accepted
GRN-INV-3737,INV-3737,PO-2398,Accepted
GRN-INV-3738,INV-3738,PO-2193,Accepted
GRN-INV-3739,INV-3739,PO-2010,Rejected
GRN-INV-3740,INV-3740,PO-2119,Accepted
GRN-INV-3741,INV-3741,PO-2207,Accepted
GRN-INV-3742,INV-3742,PO-2074,Accepted
GRN-INV-3743,INV-3743,PO-2139,Accepted
GRN-INV-3744,INV-3744,PO-2027,Accepted
GRN-INV-3745,INV-3745,PO-2063,Accepted
GRN-INV-3746,INV-3746,PO-2278,Accepted
GRN-INV-3747,INV-3747,PO-2007,Accepted
GRN-INV-3748,INV-3748,PO-2279,Accepted
GRN-INV-3749,INV-3749,PO-2391,Accepted
GRN-INV-3750,INV-3750,PO-2284,Accepted
GRN-INV-3751,INV-3751,PO-2014,Accepted
GRN-INV-3752,INV-3752,PO-2350,Accepted
GRN-INV-3753,INV-3753,PO-2073,Accepted
GRN-INV-3754,INV-3754,PO-2268,Accepted
GRN-INV-3755,INV-3755,PO-2033,Rejected
GRN-INV-3756,INV-3756,PO-2032,Rejected
GRN-INV-3757,INV-3757,PO-2110,Rejected
GRN-INV-3758,INV-3758,PO-2350,Accepted
GRN-INV-3759,INV-3759,PO-2268,Accepted
GRN-INV-3760,INV-3760,PO-2150,Accepted
GRN-INV-3761,INV-3761,PO-2245,Accepted
GRN-INV-3762,INV-3762,PO-2081,Accepted
GRN-INV-3763,INV-3763,PO-2056,Accepted
GRN-INV-3764,INV-3764,PO-2045,Accepted
GRN-INV-3765,INV-3765,PO-2128,Accepted
GRN-INV-3766,INV-3766,PO-2025,Accepted
GRN-INV-3767,INV-3767,PO-2340,Accepted
GRN-INV-3768,INV-3768,PO-2393,Accepted
GRN-INV-3769,INV-3769,PO-2136,Accepted
GRN-INV-3770,INV-3770,PO-2176,Accepted
GRN-INV-3771,INV-3771,PO-2204,Accepted
GRN-INV-3772,INV-3772,PO-2245,Rejected
GRN-INV-3773,INV-3773,PO-2300,Rejected
GRN-INV-3774,INV-3774,PO-2289,Accepted
GRN-INV-3775,INV-3775,PO-2015,Rejected
GRN-INV-3776,INV-3776,PO-2158,Accepted
GRN-INV-3777,INV-3777,PO-2040,Accepted
GRN-INV-3778,INV-3778,PO-2144,Accepted
GRN-INV-3779,INV-3779,PO-2046,Accepted
GRN-INV-3780,INV-3780,PO-2079,Accepted
GRN-INV-3781,INV-3781,PO-2279,Accepted
GRN-INV-3782,INV-3782,PO-2061,Rejected
GRN-INV-3783,INV-3783,PO-2281,Accepted
GRN-INV-3784,INV-3784,PO-2087,Accepted
GRN-INV-3785,INV-3785,PO-2119,Accepted
GRN-INV-3786,INV-3786,PO-2291,Accepted
GRN-INV-3787,INV-3787,PO-2294,Accepted
GRN-INV-3788,INV-3788,PO-2358,Accepted
GRN-INV-3789,INV-3789,PO-2070,Accepted
GRN-INV-3790,INV-3790,PO-2283,Rejected
GRN-INV-3791,INV-3791,PO-2354,Accepted
GRN-INV-3792,INV-3792,PO-2259,Accepted
GRN-INV-3793,INV-3793,PO-2315,Accepted
GRN-INV-3794,INV-3794,PO-2106,Rejected
GRN-INV-3795,INV-3795,PO-2232,Accepted
GRN-INV-3796,INV-3796,PO-2299,Accepted
GRN-INV-3797,INV-3797,PO-2016,Accepted
GRN-INV-3798,INV-3798,PO-2125,Rejected
GRN-INV-3799,INV-3799,PO-2249,Accepted
GRN-INV-3800,INV-3800,PO-2277,Accepted
GRN-INV-3801,INV-3801,PO-2333,Accepted
GRN-INV-3802,INV-3802,PO-2308,Accepted
GRN-INV-3803,INV-3803,PO-2107,Accepted
GRN-INV-3804,INV-3804,PO-2238,Accepted
GRN-INV-3805,INV-3805,PO-2062,Accepted
GRN-INV-3806,INV-3806,PO-2132,Accepted
GRN-INV-3807,INV-3807,PO-2053,Accepted
GRN-INV-3808,INV-3808,PO-2132,Rejected
GRN-INV-3809,INV-3809,PO-2129,Accepted
GRN-INV-3810,INV-3810,PO-2293,Accepted
GRN-INV-3811,INV-3811,PO-2249,Rejected
GRN-INV-3812,INV-3812,PO-2325,Accepted
GRN-INV-3813,INV-3813,PO-2273,Accepted
GRN-INV-3814,INV-3814,PO-2314,Rejected
GRN-INV-3815,INV-3815,PO-2263,Accepted
GRN-INV-3816,INV-3816,PO-2144,Accepted
GRN-INV-3817,INV-3817,PO-2172,Accepted
GRN-INV-3818,INV-3818,PO-2275,Rejected
GRN-INV-3819,INV-3819,PO-2065,Accepted
GRN-INV-3820,INV-3820,PO-2055,Accepted
GRN-INV-3821,INV-3821,PO-2278,Accepted
GRN-INV-3822,INV-3822,PO-2137,Accepted
GRN-INV-3823,INV-3823,PO-2356,Accepted
GRN-INV-3824,INV-3824,PO-2283,Accepted
GRN-INV-3825,INV-3825,PO-2093,Rejected
GRN-INV-3826,INV-3826,PO-2298,Accepted
GRN-INV-3827,INV-3827,PO-2368,Accepted
GRN-INV-3828,INV-3828,PO-2375,Accepted
GRN-INV-3829,INV-3829,PO-2300,Rejected
GRN-INV-3830,INV-3830,PO-2191,Accepted
GRN-INV-3831,INV-3831,PO-2160,Rejected
GRN-INV-3832,INV-3832,PO-2089,Accepted
GRN-INV-3833,INV-3833,PO-2143,Accepted
GRN-INV-3834,INV-3834,PO-2200,Rejected
GRN-INV-3835,INV-3835,PO-2025,Rejected
GRN-INV-3836,INV-3836,PO-2074,Accepted
GRN-INV-3837,INV-3837,PO-2242,Rejected
GRN-INV-3838,INV-3838,PO-2342,Accepted
GRN-INV-3839,INV-3839,PO-2041,Accepted
GRN-INV-3840,INV-3840,PO-2062,Accepted
GRN-INV-3841,INV-3841,PO-2087,Accepted
GRN-INV-3842,INV-3842,PO-2042,Accepted
GRN-INV-3843,INV-3843,PO-2088,Accepted
GRN-INV-3844,INV-3844,PO-2289,Accepted
GRN-INV-3845,INV-3845,PO-2393,Accepted
GRN-INV-3846,INV-3846,PO-2278,Accepted
GRN-INV-3847,INV-3847,PO-2045,Rejected
GRN-INV-3848,INV-3848,PO-2367,Accepted
GRN-INV-3849,INV-3849,PO-2364,Accepted
GRN-INV-3850,INV-3850,PO-2369,Accepted
GRN-INV-3851,INV-3851,PO-2362,Accepted
GRN-INV-3852,INV-3852,PO-2206,Accepted
GRN-INV-3853,INV-3853,PO-2102,Accepted
GRN-INV-3854,INV-3854,PO-2131,Accepted
GRN-INV-3855,INV-3855,PO-2086,Accepted
GRN-INV-3856,INV-3856,PO-2185,Accepted
GRN-INV-3857,INV-3857,PO-2107,Accepted
GRN-INV-3858,INV-3858,PO-2297,Accepted
GRN-INV-3859,INV-3859,PO-2161,Accepted
GRN-INV-3860,INV-3860,PO-2220,Accepted
GRN-INV-3861,INV-3861,PO-2312,Rejected
GRN-INV-3862,INV-3862,PO-2375,Accepted
GRN-INV-3863,INV-3863,PO-2155,Rejected
GRN-INV-3864,INV-3864,PO-2044,Accepted
GRN-INV-3865,INV-3865,PO-2107,Rejected
GRN-INV-3866,INV-3866,PO-2241,Rejected
GRN-INV-3867,INV-3867,PO-2328,Accepted
GRN-INV-3868,INV-3868,PO-2033,Accepted
GRN-INV-3869,INV-3869,PO-2272,Accepted
GRN-INV-3870,INV-3870,PO-2356,Accepted
GRN-INV-3871,INV-3871,PO-2099,Accepted
GRN-INV-3872,INV-3872,PO-2273,Accepted
GRN-INV-3873,INV-3873,PO-2047,Accepted
GRN-INV-3874,INV-3874,PO-2328,Accepted
GRN-INV-3875,INV-3875,PO-2030,Accepted
GRN-INV-3876,INV-3876,PO-2314,Accepted
GRN-INV-3877,INV-3877,PO-2344,Accepted
GRN-INV-3878,INV-3878,PO-2079,Rejected
GRN-INV-3879,INV-3879,PO-2264,Rejected
GRN-INV-3880,INV-3880,PO-2183,Accepted
GRN-INV-3881,INV-3881,PO-2071,Rejected
GRN-INV-3882,INV-3882,PO-2249,Accepted
GRN-INV-3883,INV-3883,PO-2282,Accepted
GRN-INV-3884,INV-3884,PO-2175,Accepted
GRN-INV-3885,INV-3885,PO-2300,Accepted
GRN-INV-3886,INV-3886,PO-2087,Accepted
GRN-INV-3887,INV-3887,PO-2214,Accepted
GRN-INV-3888,INV-3888,PO-2076,Accepted
GRN-INV-3889,INV-3889,PO-2236,Accepted
GRN-INV-3890,INV-3890,PO-2337,Accepted
GRN-INV-3891,INV-3891,PO-2140,Accepted
GRN-INV-3892,INV-3892,PO-2331,Accepted
GRN-INV-3893,INV-3893,PO-2229,Accepted
GRN-INV-3894,INV-3894,PO-2399,Accepted
GRN-INV-3895,INV-3895,PO-2156,Accepted
GRN-INV-3896,INV-3896,PO-2077,Accepted
GRN-INV-3897,INV-3897,PO-2331,Accepted
GRN-INV-3898,INV-3898,PO-2294,Accepted
GRN-INV-3899,INV-3899,PO-2277,Accepted
GRN-INV-3900,INV-3900,PO-2133,Accepted
GRN-INV-3901,INV-3901,PO-2371,Accepted
GRN-INV-3902,INV-3902,PO-2141,Accepted
GRN-INV-3903,INV-3903,PO-2063,Rejected
GRN-INV-3904,INV-3904,PO-2027,Accepted
GRN-INV-3905,INV-3905,PO-2347,Accepted
GRN-INV-3906,INV-3906,PO-2200,Accepted
GRN-INV-3907,INV-3907,PO-2079,Accepted
GRN-INV-3908,INV-3908,PO-2266,Accepted
GRN-INV-3909,INV-3909,PO-2143,Accepted
GRN-INV-3910,INV-3910,PO-2298,Accepted
GRN-INV-3911,INV-3911,PO-2277,Accepted
GRN-INV-3912,INV-3912,PO-2272,Accepted
GRN-INV-3913,INV-3913,PO-2239,Accepted
GRN-INV-3914,INV-3914,PO-2101,Accepted
GRN-INV-3915,INV-3915,PO-2177,Accepted
GRN-INV-3916,INV-3916,PO-2083,Accepted
GRN-INV-3917,INV-3917,PO-2284,Rejected
GRN-INV-3918,INV-3918,PO-2098,Rejected
GRN-INV-3919,INV-3919,PO-2025,Rejected
GRN-INV-3920,INV-3920,PO-2281,Rejected
GRN-INV-3921,INV-3921,PO-2200,Accepted
GRN-INV-3922,INV-3922,PO-2067,Accepted
GRN-INV-3923,INV-3923,PO-2254,Accepted
GRN-INV-3924,INV-3924,PO-2172,Rejected
GRN-INV-3925,INV-3925,PO-2318,Rejected
GRN-INV-3926,INV-3926,PO-2301,Accepted
GRN-INV-3927,INV-3927,PO-2381,Accepted
GRN-INV-3928,INV-3928,PO-2030,Accepted
GRN-INV-3929,INV-3929,PO-2046,Accepted
GRN-INV-3930,INV-3930,PO-2264,Rejected
GRN-INV-3931,INV-3931,PO-2205,Accepted
GRN-INV-3932,INV-3932,PO-2120,Accepted
GRN-INV-3933,INV-3933,PO-2353,Accepted
GRN-INV-3934,INV-3934,PO-2279,Accepted
GRN-INV-3935,INV-3935,PO-2182,Accepted
GRN-INV-3936,INV-3936,PO-2341,Accepted
GRN-INV-3937,INV-3937,PO-2121,Accepted
GRN-INV-3938,INV-3938,PO-2118,Accepted
GRN-INV-3939,INV-3939,PO-2307,Accepted
GRN-INV-3940,INV-3940,PO-2061,Accepted
GRN-INV-3941,INV-3941,PO-2392,Accepted
GRN-INV-3942,INV-3942,PO-2278,Accepted
GRN-INV-3943,INV-3943,PO-2062,Accepted
GRN-INV-3944,INV-3944,PO-2249,Accepted
GRN-INV-3945,INV-3945,PO-2252,Accepted
GRN-INV-3946,INV-3946,PO-2245,Accepted
GRN-INV-3947,INV-3947,PO-2386,Accepted
GRN-INV-3948,INV-3948,PO-2048,Rejected
GRN-INV-3949,INV-3949,PO-2352,Accepted
GRN-INV-3950,INV-3950,PO-2333,Accepted
GRN-INV-3951,INV-3951,PO-2361,Accepted
GRN-INV-3952,INV-3952,PO-2281,Accepted
GRN-INV-3953,INV-3953,PO-2372,Accepted
GRN-INV-3954,INV-3954,PO-2197,Accepted
GRN-INV-3955,INV-3955,PO-2147,Accepted
GRN-INV-3956,INV-3956,PO-2257,Rejected
GRN-INV-3957,INV-3957,PO-2293,Accepted
GRN-INV-3958,INV-3958,PO-2337,Accepted
GRN-INV-3959,INV-3959,PO-2339,Accepted
GRN-INV-3960,INV-3960,PO-2335,Accepted
GRN-INV-3961,INV-3961,PO-2243,Accepted
GRN-INV-3962,INV-3962,PO-2155,Rejected
GRN-INV-3963,INV-3963,PO-2377,Accepted
GRN-INV-3964,INV-3964,PO-2270,Accepted
GRN-INV-3965,INV-3965,PO-2252,Rejected
GRN-INV-3966,INV-3966,PO-2220,Rejected
GRN-INV-3967,INV-3967,PO-2363,Accepted
GRN-INV-3968,INV-3968,PO-2250,Rejected
GRN-INV-3969,INV-3969,PO-2029,Accepted
GRN-INV-3970,INV-3970,PO-2004,Accepted
GRN-INV-3971,INV-3971,PO-2377,Accepted
GRN-INV-3972,INV-3972,PO-2047,Rejected
GRN-INV-3973,INV-3973,PO-2224,Accepted
GRN-INV-3974,INV-3974,PO-2187,Accepted
GRN-INV-3975,INV-3975,PO-2248,Accepted
GRN-INV-3976,INV-3976,PO-2266,Accepted
GRN-INV-3977,INV-3977,PO-2253,Accepted
GRN-INV-3978,INV-3978,PO-2241,Accepted
GRN-INV-3979,INV-3979,PO-2367,Accepted
GRN-INV-3980,INV-3980,PO-2347,Accepted
GRN-INV-3981,INV-3981,PO-2355,Accepted
GRN-INV-3982,INV-3982,PO-2323,Accepted
GRN-INV-3983,INV-3983,PO-2206,Rejected
GRN-INV-3984,INV-3984,PO-2192,Accepted
GRN-INV-3985,INV-3985,PO-2301,Accepted
GRN-INV-3986,INV-3986,PO-2356,Accepted
GRN-INV-3987,INV-3987,PO-2104,Accepted
GRN-INV-3988,INV-3988,PO-2159,Accepted
GRN-INV-3989,INV-3989,PO-2226,Rejected
GRN-INV-3990,INV-3990,PO-2031,Accepted
GRN-INV-3991,INV-3991,PO-2389,Accepted
GRN-INV-3992,INV-3992,PO-2281,Accepted
GRN-INV-3993,INV-3993,PO-2362,Accepted
GRN-INV-3994,INV-3994,PO-2105,Rejected
GRN-INV-3995,INV-3995,PO-2084,Accepted
GRN-INV-3996,INV-3996,PO-2285,Accepted
GRN-INV-3997,INV-3997,PO-2018,Accepted
GRN-INV-3998,INV-3998,PO-2279,Accepted
GRN-INV-3999,INV-3999,PO-2061,Accepted
GRN-INV-4000,INV-4000,PO-2038,Accepted
