payment_id,invoice_number,amount,payment_date,status,payment_issue,approved_by
PAY-INV-3001,INV-3001,15829.74,2025-11-21,Failed,Payment failed,
PAY-INV-3002,INV-3002,7128.68,2025-11-21,Failed,Bank rejection,
PAY-INV-3003,INV-3003,17768.83,2025-11-21,Failed,Approval delay,
PAY-INV-3004,INV-3004,12023.58,2025-11-21,Failed,Payment failed,
PAY-INV-3005,INV-3005,9537.87,2025-11-21,Failed,Payment failed,
PAY-INV-3006,INV-3006,5680.22,2025-11-21,Failed,Approval delay,
PAY-INV-3007,INV-3007,6369.26,2025-11-21,Paid,,acct_mgr5
PAY-INV-3008,INV-3008,8212.78,2025-11-21,Failed,Approval delay,
PAY-INV-3009,INV-3009,19947.3,2025-11-21,Failed,Payment failed,
PAY-INV-3010,INV-3010,11830.36,2025-11-21,Failed,Bank rejection,
PAY-INV-3011,INV-3011,12456.84,2025-11-21,Failed,Bank rejection,
PAY-INV-3012,INV-3012,15777.12,2025-11-21,Failed,Approval delay,
PAY-INV-3013,INV-3013,11582.36,2025-11-21,Failed,Payment failed,
PAY-INV-3014,INV-3014,2854.07,2025-11-21,Failed,Payment failed,
PAY-INV-3015,INV-3015,10502.93,2025-11-21,Failed,Bank rejection,
PAY-INV-3016,INV-3016,12427.02,2025-11-21,Failed,Bank rejection,
PAY-INV-3017,INV-3017,27782.8,2025-11-21,Failed,Approval delay,
PAY-INV-3018,INV-3018,7965.08,2025-11-21,Failed,Bank rejection,
PAY-INV-3019,INV-3019,11967.45,2025-11-21,Failed,Approval delay,
PAY-INV-3020,INV-3020,19792.38,2025-11-21,Failed,Payment failed,
PAY-INV-3021,INV-3021,25563.98,2025-11-21,Failed,Bank rejection,
PAY-INV-3022,INV-3022,20523.18,2025-11-21,Failed,Payment failed,
PAY-INV-3023,INV-3023,10379.12,2025-11-21,Failed,Bank rejection,
PAY-INV-3024,INV-3024,16312.22,2025-11-21,Failed,Bank rejection,
PAY-INV-3025,INV-3025,22692.98,2025-11-21,Failed,Payment failed,
PAY-INV-3026,INV-3026,15463.4,2025-11-21,Paid,,acct_mgr2
PAY-INV-3027,INV-3027,13034.92,2025-11-21,Failed,Bank rejection,
PAY-INV-3028,INV-3028,6706.62,2025-11-21,Failed,Bank rejection,
PAY-INV-3029,INV-3029,14745.12,2025-11-21,Failed,Bank rejection,
PAY-INV-3030,INV-3030,5122.03,2025-11-21,Failed,Payment failed,
PAY-INV-3031,INV-3031,5090.42,2025-11-21,Failed,Payment failed,
PAY-INV-3032,INV-3032,14645.81,2025-11-21,Failed,Bank rejection,
PAY-INV-3033,INV-3033,10339.89,2025-11-21,Failed,Payment failed,
PAY-INV-3034,INV-3034,6799.49,2025-11-21,Failed,Payment failed,
PAY-INV-3035,INV-3035,10133.79,2025-11-21,Failed,Approval delay,
PAY-INV-3036,INV-3036,21461.77,2025-11-21,Failed,Approval delay,
PAY-INV-3037,INV-3037,10553.65,2025-11-21,Failed,Payment failed,
PAY-INV-3038,INV-3038,10522.58,2025-11-21,Failed,Payment failed,
PAY-INV-3039,INV-3039,6491.87,2025-11-21,Failed,Payment failed,
PAY-INV-3040,INV-3040,17145.32,2025-11-21,Failed,Approval delay,
PAY-INV-3041,INV-3041,15073.44,2025-11-21,Failed,Payment failed,
PAY-INV-3042,INV-3042,17566.28,2025-11-21,Failed,Bank rejection,
PAY-INV-3043,INV-3043,15563.48,2025-11-21,Failed,Approval delay,
PAY-INV-3044,INV-3044,5947.75,2025-11-21,Failed,Payment failed,
PAY-INV-3045,INV-3045,9653.79,2025-11-21,Failed,Payment failed,
PAY-INV-3046,INV-3046,11527.89,2025-11-21,Failed,Bank rejection,
PAY-INV-3047,INV-3047,21897.34,2025-11-21,Failed,Bank rejection,
PAY-INV-3048,INV-3048,10557.82,2025-11-21,Failed,Payment failed,
PAY-INV-3049,INV-3049,32048.39,2025-11-21,Failed,Payment failed,
PAY-INV-3050,INV-3050,4185.18,2025-11-21,Failed,Bank rejection,
PAY-INV-3051,INV-3051,14803.84,2025-11-21,Failed,Payment failed,
PAY-INV-3052,INV-3052,1813.92,2025-11-21,Failed,Payment failed,
PAY-INV-3053,INV-3053,12736.03,2025-11-21,Failed,Payment failed,
PAY-INV-3054,INV-3054,24583.15,2025-11-21,Failed,Approval delay,
PAY-INV-3055,INV-3055,17404.44,2025-11-21,Failed,Payment failed,
PAY-INV-3056,INV-3056,16584.02,2025-11-21,Failed,Approval delay,
PAY-INV-3057,INV-3057,15307.6,2025-11-21,Failed,Bank rejection,
PAY-INV-3058,INV-3058,8688.88,2025-11-21,Failed,Bank rejection,
PAY-INV-3059,INV-3059,11902.29,2025-11-21,Failed,Approval delay,
PAY-INV-3060,INV-3060,16578.97,2025-11-21,Failed,Approval delay,
PAY-INV-3061,INV-3061,15791.23,2025-11-21,Failed,Approval delay,
PAY-INV-3062,INV-3062,14781.36,2025-11-21,Failed,Payment failed,
PAY-INV-3063,INV-3063,9542.02,2025-11-21,Failed,Payment failed,
PAY-INV-3064,INV-3064,4899.3,2025-11-21,Failed,Bank rejection,
PAY-INV-3065,INV-3065,19418.21,2025-11-21,Failed,Bank rejection,
PAY-INV-3066,INV-3066,6292.2,2025-11-21,Failed,Bank rejection,
PAY-INV-3067,INV-3067,25597.35,2025-11-21,Failed,Bank rejection,
PAY-INV-3068,INV-3068,10748.58,2025-11-21,Paid,,acct_mgr1
PAY-INV-3069,INV-3069,14622.32,2025-11-21,Failed,Payment failed,
PAY-INV-3070,INV-3070,4834.2,2025-11-21,Failed,Approval delay,
PAY-INV-3071,INV-3071,16569.51,2025-11-21,Failed,Bank rejection,
PAY-INV-3072,INV-3072,17532.52,2025-11-21,Failed,Bank rejection,
PAY-INV-3073,INV-3073,14759.39,2025-11-21,Failed,Bank rejection,
PAY-INV-3074,INV-3074,10251.21,2025-11-21,Failed,Payment failed,
PAY-INV-3075,INV-3075,14877.68,2025-11-21,Failed,Approval delay,
PAY-INV-3076,INV-3076,21994.4,2025-11-21,Failed,Bank rejection,
PAY-INV-3077,INV-3077,19793.94,2025-11-21,Failed,Payment failed,
PAY-INV-3078,INV-3078,7233.45,2025-11-21,Paid,,acct_mgr4
PAY-INV-3079,INV-3079,18033.66,2025-11-21,Failed,Approval delay,
PAY-INV-3080,INV-3080,12092.66,2025-11-21,Failed,Approval delay,
PAY-INV-3081,INV-3081,20671.47,2025-11-21,Failed,Approval delay,
PAY-INV-3082,INV-3082,23417.8,2025-11-21,Failed,Approval delay,
PAY-INV-3083,INV-3083,17624.1,2025-11-21,Failed,Approval delay,
PAY-INV-3084,INV-3084,10674.79,2025-11-21,Failed,Approval delay,
PAY-INV-3085,INV-3085,6470.52,2025-11-21,Failed,Bank rejection,
PAY-INV-3086,INV-3086,9747.93,2025-11-21,Failed,Bank rejection,
PAY-INV-3087,INV-3087,26220.11,2025-11-21,Failed,Bank rejection,
PAY-INV-3088,INV-3088,12897.34,2025-11-21,Failed,Payment failed,
PAY-INV-3089,INV-3089,3747.37,2025-11-21,Failed,Bank rejection,
PAY-INV-3090,INV-3090,12533.65,2025-11-21,Failed,Bank rejection,
PAY-INV-3091,INV-3091,17582.5,2025-11-21,Paid,,acct_mgr1
PAY-INV-3092,INV-3092,12605.9,2025-11-21,Failed,Approval delay,
PAY-INV-3093,INV-3093,9741.89,2025-11-21,Failed,Approval delay,
PAY-INV-3094,INV-3094,6312.04,2025-11-21,Failed,Bank rejection,
PAY-INV-3095,INV-3095,6450.31,2025-11-21,Paid,,acct_mgr3
PAY-INV-3096,INV-3096,27440.9,2025-11-21,Failed,Bank rejection,
PAY-INV-3097,INV-3097,7177.18,2025-11-21,Failed,Payment failed,
PAY-INV-3098,INV-3098,22285.04,2025-11-21,Failed,Payment failed,
PAY-INV-3099,INV-3099,15584.89,2025-11-21,Failed,Approval delay,
PAY-INV-3100,INV-3100,6395.2,2025-11-21,Failed,Payment failed,
PAY-INV-3101,INV-3101,18985.7,2025-11-21,Failed,Approval delay,
PAY-INV-3102,INV-3102,4640.33,2025-11-21,Failed,Payment failed,
PAY-INV-3103,INV-3103,14491.38,2025-11-21,Failed,Bank rejection,
PAY-INV-3104,INV-3104,23130.34,2025-11-21,Failed,Approval delay,
PAY-INV-3105,INV-3105,17498.27,2025-11-21,Failed,Approval delay,
PAY-INV-3106,INV-3106,24194.41,2025-11-21,Failed,Approval delay,
PAY-INV-3107,INV-3107,8594.31,2025-11-21,Failed,Bank rejection,
PAY-INV-3108,INV-3108,4978.22,2025-11-21,Paid,,acct_mgr1
PAY-INV-3109,INV-3109,19026.43,2025-11-21,Failed,Bank rejection,
PAY-INV-3110,INV-3110,6603.85,2025-11-21,Failed,Bank rejection,
PAY-INV-3111,INV-3111,28258.65,2025-11-21,Failed,Payment failed,
PAY-INV-3112,INV-3112,23682.78,2025-11-21,Failed,Payment failed,
PAY-INV-3113,INV-3113,7171.15,2025-11-21,Failed,Approval delay,
PAY-INV-3114,INV-3114,19851.2,2025-11-21,Failed,Bank rejection,
PAY-INV-3115,INV-3115,14771.33,2025-11-21,Failed,Payment failed,
PAY-INV-3116,INV-3116,9812.47,2025-11-21,Failed,Approval delay,
PAY-INV-3117,INV-3117,21708.98,2025-11-21,Failed,Approval delay,
PAY-INV-3118,INV-3118,19356.0,2025-11-21,Failed,Approval delay,
PAY-INV-3119,INV-3119,19039.43,2025-11-21,Failed,Payment failed,
PAY-INV-3120,INV-3120,15313.56,2025-11-21,Failed,Payment failed,
PAY-INV-3121,INV-3121,17836.99,2025-11-21,Failed,Payment failed,
PAY-INV-3122,INV-3122,17194.17,2025-11-21,Failed,Payment failed,
PAY-INV-3123,INV-3123,20482.02,2025-11-21,Failed,Payment failed,
PAY-INV-3124,INV-3124,10558.99,2025-11-21,Failed,Payment failed,
PAY-INV-3125,INV-3125,18491.73,2025-11-21,Failed,Payment failed,
PAY-INV-3126,INV-3126,8183.02,2025-11-21,Paid,,acct_mgr1
PAY-INV-3127,INV-3127,16673.96,2025-11-21,Failed,Approval delay,
PAY-INV-3128,INV-3128,17102.45,2025-11-21,Failed,Payment failed,
PAY-INV-3129,INV-3129,20807.46,2025-11-21,Failed,Approval delay,
PAY-INV-3130,INV-3130,15787.57,2025-11-21,Failed,Bank rejection,
PAY-INV-3131,INV-3131,20021.9,2025-11-21,Failed,Bank rejection,
PAY-INV-3132,INV-3132,9640.44,2025-11-21,Failed,Payment failed,
PAY-INV-3133,INV-3133,14962.58,2025-11-21,Failed,Payment failed,
PAY-INV-3134,INV-3134,8067.57,2025-11-21,Failed,Bank rejection,
PAY-INV-3135,INV-3135,2919.83,2025-11-21,Failed,Payment failed,
PAY-INV-3136,INV-3136,12443.09,2025-11-21,Failed,Payment failed,
PAY-INV-3137,INV-3137,26892.46,2025-11-21,Failed,Approval delay,
PAY-INV-3138,INV-3138,7897.6,2025-11-21,Failed,Bank rejection,
PAY-INV-3139,INV-3139,14520.55,2025-11-21,Failed,Approval delay,
PAY-INV-3140,INV-3140,22374.4,2025-11-21,Failed,Approval delay,
PAY-INV-3141,INV-3141,7400.4,2025-11-21,Failed,Approval delay,
PAY-INV-3142,INV-3142,17320.19,2025-11-21,Failed,Approval delay,
PAY-INV-3143,INV-3143,20801.81,2025-11-21,Failed,Approval delay,
PAY-INV-3144,INV-3144,11865.21,2025-11-21,Failed,Bank rejection,
PAY-INV-3145,INV-3145,11559.24,2025-11-21,Failed,Bank rejection,
PAY-INV-3146,INV-3146,6488.66,2025-11-21,Failed,Bank rejection,
PAY-INV-3147,INV-3147,21642.52,2025-11-21,Failed,Bank rejection,
PAY-INV-3148,INV-3148,19860.86,2025-11-21,Failed,Payment failed,
PAY-INV-3149,INV-3149,16106.84,2025-11-21,Failed,Approval delay,
PAY-INV-3150,INV-3150,18061.31,2025-11-21,Failed,Bank rejection,
PAY-INV-3151,INV-3151,13081.82,2025-11-21,Failed,Payment failed,
PAY-INV-3152,INV-3152,21680.2,2025-11-21,Failed,Bank rejection,
PAY-INV-3153,INV-3153,20534.64,2025-11-21,Failed,Payment failed,
PAY-INV-3154,INV-3154,20579.07,2025-11-21,Failed,Approval delay,
PAY-INV-3155,INV-3155,3093.61,2025-11-21,Failed,Bank rejection,
PAY-INV-3156,INV-3156,12481.08,2025-11-21,Failed,Payment failed,
PAY-INV-3157,INV-3157,6396.22,2025-11-21,Failed,Bank rejection,
PAY-INV-3158,INV-3158,15767.8,2025-11-21,Failed,Bank rejection,
PAY-INV-3159,INV-3159,18015.69,2025-11-21,Failed,Payment failed,
PAY-INV-3160,INV-3160,17672.72,2025-11-21,Failed,Approval delay,
PAY-INV-3161,INV-3161,10530.63,2025-11-21,Failed,Approval delay,
PAY-INV-3162,INV-3162,22525.73,2025-11-21,Failed,Bank rejection,
PAY-INV-3163,INV-3163,13802.32,2025-11-21,Paid,,acct_mgr3
PAY-INV-3164,INV-3164,15701.88,2025-11-21,Failed,Bank rejection,
PAY-INV-3165,INV-3165,3823.63,2025-11-21,Paid,,acct_mgr5
PAY-INV-3166,INV-3166,23988.39,2025-11-21,Failed,Approval delay,
PAY-INV-3167,INV-3167,23999.16,2025-11-21,Failed,Payment failed,
PAY-INV-3168,INV-3168,14805.89,2025-11-21,Failed,Payment failed,
PAY-INV-3169,INV-3169,12433.53,2025-11-21,Failed,Approval delay,
PAY-INV-3170,INV-3170,19138.38,2025-11-21,Failed,Payment failed,
PAY-INV-3171,INV-3171,2866.03,2025-11-21,Failed,Payment failed,
PAY-INV-3172,INV-3172,6387.93,2025-11-21,Failed,Approval delay,
PAY-INV-3173,INV-3173,17277.46,2025-11-21,Failed,Bank rejection,
PAY-INV-3174,INV-3174,22195.58,2025-11-21,Failed,Payment failed,
PAY-INV-3175,INV-3175,17963.98,2025-11-21,Failed,Bank rejection,
PAY-INV-3176,INV-3176,6513.72,2025-11-21,Failed,Bank rejection,
PAY-INV-3177,INV-3177,17126.88,2025-11-21,Failed,Payment failed,
PAY-INV-3178,INV-3178,24175.19,2025-11-21,Failed,Payment failed,
PAY-INV-3179,INV-3179,10105.92,2025-11-21,Failed,Bank rejection,
PAY-INV-3180,INV-3180,3221.64,2025-11-21,Failed,Payment failed,
PAY-INV-3181,INV-3181,28708.14,2025-11-21,Failed,Approval delay,
PAY-INV-3182,INV-3182,6530.24,2025-11-21,Failed,Payment failed,
PAY-INV-3183,INV-3183,6724.32,2025-11-21,Paid,,acct_mgr4
PAY-INV-3184,INV-3184,17553.61,2025-11-21,Paid,,acct_mgr4
PAY-INV-3185,INV-3185,23209.15,2025-11-21,Failed,Bank rejection,
PAY-INV-3186,INV-3186,15570.33,2025-11-21,Failed,Bank rejection,
PAY-INV-3187,INV-3187,17751.88,2025-11-21,Failed,Approval delay,
PAY-INV-3188,INV-3188,9000.54,2025-11-21,Failed,Approval delay,
PAY-INV-3189,INV-3189,2794.47,2025-11-21,Failed,Bank rejection,
PAY-INV-3190,INV-3190,10326.75,2025-11-21,Failed,Approval delay,
PAY-INV-3191,INV-3191,13772.83,2025-11-21,Paid,,acct_mgr2
PAY-INV-3192,INV-3192,6213.43,2025-11-21,Failed,Bank rejection,
PAY-INV-3193,INV-3193,10226.39,2025-11-21,Failed,Payment failed,
PAY-INV-3194,INV-3194,21595.61,2025-11-21,Failed,Bank rejection,
PAY-INV-3195,INV-3195,21266.54,2025-11-21,Failed,Payment failed,
PAY-INV-3196,INV-3196,17458.5,2025-11-21,Failed,Bank rejection,
PAY-INV-3197,INV-3197,12626.98,2025-11-21,Failed,Approval delay,
PAY-INV-3198,INV-3198,5264.79,2025-11-21,Failed,Bank rejection,
PAY-INV-3199,INV-3199,10080.7,2025-11-21,Failed,Approval delay,
PAY-INV-3200,INV-3200,16613.23,2025-11-21,Failed,Bank rejection,
PAY-INV-3201,INV-3201,17360.73,2025-11-21,Failed,Bank rejection,
PAY-INV-3202,INV-3202,20399.57,2025-11-21,Failed,Payment failed,
PAY-INV-3203,INV-3203,18078.88,2025-11-21,Failed,Bank rejection,
PAY-INV-3204,INV-3204,18922.8,2025-11-21,Failed,Bank rejection,
PAY-INV-3205,INV-3205,15473.9,2025-11-21,Failed,Payment failed,
PAY-INV-3206,INV-3206,18514.53,2025-11-21,Failed,Bank rejection,
PAY-INV-3207,INV-3207,5758.24,2025-11-21,Failed,Approval delay,
PAY-INV-3208,INV-3208,10692.4,2025-11-21,Failed,Approval delay,
PAY-INV-3209,INV-3209,28123.09,2025-11-21,Failed,Payment failed,
PAY-INV-3210,INV-3210,23935.09,2025-11-21,Paid,,acct_mgr1
PAY-INV-3211,INV-3211,9011.93,2025-11-21,Failed,Bank rejection,
PAY-INV-3212,INV-3212,9164.33,2025-11-21,Failed,Bank rejection,
PAY-INV-3213,INV-3213,7095.09,2025-11-21,Failed,Payment failed,
PAY-INV-3214,INV-3214,22971.06,2025-11-21,Failed,Payment failed,
PAY-INV-3215,INV-3215,11018.0,2025-11-21,Failed,Payment failed,
PAY-INV-3216,INV-3216,15062.57,2025-11-21,Failed,Payment failed,
PAY-INV-3217,INV-3217,32797.41,2025-11-21,Failed,Bank rejection,
PAY-INV-3218,INV-3218,21955.17,2025-11-21,Failed,Bank rejection,
PAY-INV-3219,INV-3219,20019.76,2025-11-21,Failed,Payment failed,
PAY-INV-3220,INV-3220,21976.57,2025-11-21,Failed,Approval delay,
PAY-INV-3221,INV-3221,8229.41,2025-11-21,Failed,Approval delay,
PAY-INV-3222,INV-3222,10916.21,2025-11-21,Failed,Payment failed,
PAY-INV-3223,INV-3223,6471.6,2025-11-21,Failed,Payment failed,
PAY-INV-3224,INV-3224,14088.49,2025-11-21,Failed,Approval delay,
PAY-INV-3225,INV-3225,6370.37,2025-11-21,Failed,Payment failed,
PAY-INV-3226,INV-3226,23715.96,2025-11-21,Failed,Bank rejection,
PAY-INV-3227,INV-3227,5941.13,2025-11-21,Failed,Payment failed,
PAY-INV-3228,INV-3228,20703.1,2025-11-21,Failed,Approval delay,
PAY-INV-3229,INV-3229,17188.05,2025-11-21,Failed,Approval delay,
PAY-INV-3230,INV-3230,19981.62,2025-11-21,Failed,Bank rejection,
PAY-INV-3231,INV-3231,6331.07,2025-11-21,Failed,Approval delay,
PAY-INV-3232,INV-3232,14702.21,2025-11-21,Failed,Payment failed,
PAY-INV-3233,INV-3233,14901.73,2025-11-21,Failed,Bank rejection,
PAY-INV-3234,INV-3234,17263.67,2025-11-21,Failed,Bank rejection,
PAY-INV-3235,INV-3235,14466.66,2025-11-21,Failed,Payment failed,
PAY-INV-3236,INV-3236,7025.46,2025-11-21,Paid,,acct_mgr2
PAY-INV-3237,INV-3237,22512.1,2025-11-21,Failed,Approval delay,
PAY-INV-3238,INV-3238,8124.18,2025-11-21,Failed,Payment failed,
PAY-INV-3239,INV-3239,12957.65,2025-11-21,Failed,Payment failed,
PAY-INV-3240,INV-3240,15741.82,2025-11-21,Failed,Payment failed,
PAY-INV-3241,INV-3241,17952.18,2025-11-21,Failed,Approval delay,
PAY-INV-3242,INV-3242,10185.06,2025-11-21,Failed,Payment failed,
PAY-INV-3243,INV-3243,19604.58,2025-11-21,Failed,Payment failed,
PAY-INV-3244,INV-3244,11866.66,2025-11-21,Failed,Bank rejection,
PAY-INV-3245,INV-3245,20937.36,2025-11-21,Failed,Bank rejection,
PAY-INV-3246,INV-3246,15838.19,2025-11-21,Failed,Bank rejection,
PAY-INV-3247,INV-3247,20972.13,2025-11-21,Failed,Bank rejection,
PAY-INV-3248,INV-3248,11025.04,2025-11-21,Failed,Payment failed,
PAY-INV-3249,INV-3249,9579.95,2025-11-21,Failed,Approval delay,
PAY-INV-3250,INV-3250,10445.98,2025-11-21,Failed,Bank rejection,
PAY-INV-3251,INV-3251,12219.62,2025-11-21,Failed,Approval delay,
PAY-INV-3252,INV-3252,16211.13,2025-11-21,Failed,Payment failed,
PAY-INV-3253,INV-3253,33804.22,2025-11-21,Failed,Payment failed,
PAY-INV-3254,INV-3254,2944.36,2025-11-21,Failed,Bank rejection,
PAY-INV-3255,INV-3255,21071.34,2025-11-21,Failed,Bank rejection,
PAY-INV-3256,INV-3256,18969.23,2025-11-21,Failed,Approval delay,
PAY-INV-3257,INV-3257,8522.57,2025-11-21,Failed,Approval delay,
PAY-INV-3258,INV-3258,10762.64,2025-11-21,Paid,,acct_mgr2
PAY-INV-3259,INV-3259,11862.82,2025-11-21,Failed,Bank rejection,
PAY-INV-3260,INV-3260,23898.81,2025-11-21,Failed,Bank rejection,
PAY-INV-3261,INV-3261,13528.66,2025-11-21,Failed,Payment failed,
PAY-INV-3262,INV-3262,8485.12,2025-11-21,Failed,Approval delay,
PAY-INV-3263,INV-3263,33554.76,2025-11-21,Failed,Approval delay,
PAY-INV-3264,INV-3264,8833.16,2025-11-21,Failed,Approval delay,
PAY-INV-3265,INV-3265,11385.08,2025-11-21,Failed,Payment failed,
PAY-INV-3266,INV-3266,2381.4,2025-11-21,Failed,Payment failed,
PAY-INV-3267,INV-3267,20118.29,2025-11-21,Failed,Payment failed,
PAY-INV-3268,INV-3268,6000.67,2025-11-21,Failed,Payment failed,
PAY-INV-3269,INV-3269,30075.95,2025-11-21,Failed,Approval delay,
PAY-INV-3270,INV-3270,27951.07,2025-11-21,Failed,Approval delay,
PAY-INV-3271,INV-3271,8641.44,2025-11-21,Failed,Bank rejection,
PAY-INV-3272,INV-3272,19428.4,2025-11-21,Failed,Approval delay,
PAY-INV-3273,INV-3273,15265.98,2025-11-21,Failed,Bank rejection,
PAY-INV-3274,INV-3274,22994.32,2025-11-21,Failed,Payment failed,
PAY-INV-3275,INV-3275,8087.6,2025-11-21,Failed,Approval delay,
PAY-INV-3276,INV-3276,29897.24,2025-11-21,Failed,Approval delay,
PAY-INV-3277,INV-3277,6091.59,2025-11-21,Failed,Bank rejection,
PAY-INV-3278,INV-3278,21501.76,2025-11-21,Failed,Payment failed,
PAY-INV-3279,INV-3279,11307.64,2025-11-21,Failed,Bank rejection,
PAY-INV-3280,INV-3280,12754.76,2025-11-21,Paid,,acct_mgr2
PAY-INV-3281,INV-3281,7449.07,2025-11-21,Failed,Approval delay,
PAY-INV-3282,INV-3282,20256.54,2025-11-21,Failed,Bank rejection,
PAY-INV-3283,INV-3283,7127.96,2025-11-21,Failed,Approval delay,
PAY-INV-3284,INV-3284,16629.56,2025-11-21,Failed,Payment failed,
PAY-INV-3285,INV-3285,6924.4,2025-11-21,Failed,Approval delay,
PAY-INV-3286,INV-3286,10682.37,2025-11-21,Failed,Approval delay,
PAY-INV-3287,INV-3287,9570.84,2025-11-21,Failed,Payment failed,
PAY-INV-3288,INV-3288,11307.2,2025-11-21,Paid,,acct_mgr4
PAY-INV-3289,INV-3289,13704.49,2025-11-21,Failed,Payment failed,
PAY-INV-3290,INV-3290,4490.19,2025-11-21,Failed,Bank rejection,
PAY-INV-3291,INV-3291,25696.41,2025-11-21,Failed,Approval delay,
PAY-INV-3292,INV-3292,20555.96,2025-11-21,Failed,Approval delay,
PAY-INV-3293,INV-3293,6273.06,2025-11-21,Failed,Payment failed,
PAY-INV-3294,INV-3294,7183.07,2025-11-21,Failed,Approval delay,
PAY-INV-3295,INV-3295,10991.73,2025-11-21,Failed,Approval delay,
PAY-INV-3296,INV-3296,13024.87,2025-11-21,Failed,Bank rejection,
PAY-INV-3297,INV-3297,19467.16,2025-11-21,Failed,Bank rejection,
PAY-INV-3298,INV-3298,19623.1,2025-11-21,Failed,Payment failed,
PAY-INV-3299,INV-3299,17185.13,2025-11-21,Paid,,acct_mgr2
PAY-INV-3300,INV-3300,12955.64,2025-11-21,Failed,Bank rejection,
PAY-INV-3301,INV-3301,6651.08,2025-11-21,Failed,Approval delay,
PAY-INV-3302,INV-3302,18759.34,2025-11-21,Failed,Payment failed,
PAY-INV-3303,INV-3303,13894.71,2025-11-21,Failed,Approval delay,
PAY-INV-3304,INV-3304,5117.26,2025-11-21,Failed,Bank rejection,
PAY-INV-3305,INV-3305,19816.23,2025-11-21,Failed,Payment failed,
PAY-INV-3306,INV-3306,10606.31,2025-11-21,Failed,Payment failed,
PAY-INV-3307,INV-3307,14331.74,2025-11-21,Failed,Approval delay,
PAY-INV-3308,INV-3308,7245.71,2025-11-21,Failed,Bank rejection,
PAY-INV-3309,INV-3309,10287.47,2025-11-21,Failed,Approval delay,
PAY-INV-3310,INV-3310,14122.79,2025-11-21,Failed,Bank rejection,
PAY-INV-3311,INV-3311,5958.17,2025-11-21,Paid,,acct_mgr1
PAY-INV-3312,INV-3312,13202.17,2025-11-21,Failed,Bank rejection,
PAY-INV-3313,INV-3313,17534.85,2025-11-21,Failed,Bank rejection,
PAY-INV-3314,INV-3314,19869.17,2025-11-21,Failed,Approval delay,
PAY-INV-3315,INV-3315,19975.92,2025-11-21,Failed,Payment failed,
PAY-INV-3316,INV-3316,15223.5,2025-11-21,Failed,Bank rejection,
PAY-INV-3317,INV-3317,32860.66,2025-11-21,Failed,Approval delay,
PAY-INV-3318,INV-3318,21072.76,2025-11-21,Failed,Bank rejection,
PAY-INV-3319,INV-3319,25592.3,2025-11-21,Failed,Payment failed,
PAY-INV-3320,INV-3320,16398.34,2025-11-21,Failed,Payment failed,
PAY-INV-3321,INV-3321,18960.95,2025-11-21,Failed,Payment failed,
PAY-INV-3322,INV-3322,11063.63,2025-11-21,Failed,Bank rejection,
PAY-INV-3323,INV-3323,15011.48,2025-11-21,Failed,Approval delay,
PAY-INV-3324,INV-3324,17933.47,2025-11-21,Failed,Approval delay,
PAY-INV-3325,INV-3325,19455.72,2025-11-21,Failed,Bank rejection,
PAY-INV-3326,INV-3326,19211.84,2025-11-21,Failed,Approval delay,
PAY-INV-3327,INV-3327,16838.08,2025-11-21,Failed,Bank rejection,
PAY-INV-3328,INV-3328,5508.84,2025-11-21,Failed,Payment failed,
PAY-INV-3329,INV-3329,17142.54,2025-11-21,Failed,Bank rejection,
PAY-INV-3330,INV-3330,18463.71,2025-11-21,Failed,Payment failed,
PAY-INV-3331,INV-3331,10059.59,2025-11-21,Failed,Approval delay,
PAY-INV-3332,INV-3332,8029.57,2025-11-21,Failed,Payment failed,
PAY-INV-3333,INV-3333,20384.41,2025-11-21,Failed,Bank rejection,
PAY-INV-3334,INV-3334,10446.45,2025-11-21,Failed,Payment failed,
PAY-INV-3335,INV-3335,14121.05,2025-11-21,Failed,Bank rejection,
PAY-INV-3336,INV-3336,22418.66,2025-11-21,Failed,Payment failed,
PAY-INV-3337,INV-3337,25956.5,2025-11-21,Failed,Payment failed,
PAY-INV-3338,INV-3338,8517.69,2025-11-21,Paid,,acct_mgr1
PAY-INV-3339,INV-3339,3179.02,2025-11-21,Failed,Payment failed,
PAY-INV-3340,INV-3340,16739.5,2025-11-21,Failed,Approval delay,
PAY-INV-3341,INV-3341,21685.76,2025-11-21,Failed,Approval delay,
PAY-INV-3342,INV-3342,8970.89,2025-11-21,Failed,Bank rejection,
PAY-INV-3343,INV-3343,23804.62,2025-11-21,Failed,Approval delay,
PAY-INV-3344,INV-3344,18687.75,2025-11-21,Failed,Bank rejection,
PAY-INV-3345,INV-3345,10526.85,2025-11-21,Failed,Bank rejection,
PAY-INV-3346,INV-3346,17025.81,2025-11-21,Failed,Payment failed,
PAY-INV-3347,INV-3347,17865.37,2025-11-21,Failed,Payment failed,
PAY-INV-3348,INV-3348,15165.66,2025-11-21,Failed,Payment failed,
PAY-INV-3349,INV-3349,6671.03,2025-11-21,Failed,Payment failed,
PAY-INV-3350,INV-3350,19968.62,2025-11-21,Failed,Payment failed,
PAY-INV-3351,INV-3351,8837.65,2025-11-21,Failed,Approval delay,
PAY-INV-3352,INV-3352,17463.17,2025-11-21,Failed,Approval delay,
PAY-INV-3353,INV-3353,17095.84,2025-11-21,Failed,Bank rejection,
PAY-INV-3354,INV-3354,6651.7,2025-11-21,Failed,Payment failed,
PAY-INV-3355,INV-3355,19887.81,2025-11-21,Failed,Payment failed,
PAY-INV-3356,INV-3356,21072.57,2025-11-21,Failed,Bank rejection,
PAY-INV-3357,INV-3357,10249.54,2025-11-21,Failed,Bank rejection,
PAY-INV-3358,INV-3358,3983.43,2025-11-21,Failed,Bank rejection,
PAY-INV-3359,INV-3359,15085.45,2025-11-21,Failed,Payment failed,
PAY-INV-3360,INV-3360,7345.17,2025-11-21,Failed,Bank rejection,
PAY-INV-3361,INV-3361,12353.12,2025-11-21,Failed,Approval delay,
PAY-INV-3362,INV-3362,16172.62,2025-11-21,Failed,Payment failed,
PAY-INV-3363,INV-3363,16535.7,2025-11-21,Failed,Approval delay,
PAY-INV-3364,INV-3364,4257.38,2025-11-21,Failed,Payment failed,
PAY-INV-3365,INV-3365,16268.83,2025-11-21,Failed,Approval delay,
PAY-INV-3366,INV-3366,10053.8,2025-11-21,Failed,Bank rejection,
PAY-INV-3367,INV-3367,13720.8,2025-11-21,Failed,Approval delay,
PAY-INV-3368,INV-3368,19757.3,2025-11-21,Failed,Payment failed,
PAY-INV-3369,INV-3369,11511.4,2025-11-21,Failed,Bank rejection,
PAY-INV-3370,INV-3370,16950.42,2025-11-21,Failed,Bank rejection,
PAY-INV-3371,INV-3371,22708.73,2025-11-21,Failed,Bank rejection,
PAY-INV-3372,INV-3372,14752.53,2025-11-21,Failed,Approval delay,
PAY-INV-3373,INV-3373,12659.92,2025-11-21,Failed,Approval delay,
PAY-INV-3374,INV-3374,2041.34,2025-11-21,Failed,Bank rejection,
PAY-INV-3375,INV-3375,14082.59,2025-11-21,Failed,Payment failed,
PAY-INV-3376,INV-3376,18585.54,2025-11-21,Failed,Payment failed,
PAY-INV-3377,INV-3377,5378.88,2025-11-21,Failed,Bank rejection,
PAY-INV-3378,INV-3378,14115.66,2025-11-21,Failed,Approval delay,
PAY-INV-3379,INV-3379,3988.64,2025-11-21,Failed,Bank rejection,
PAY-INV-3380,INV-3380,8662.8,2025-11-21,Failed,Approval delay,
PAY-INV-3381,INV-3381,12591.84,2025-11-21,Failed,Bank rejection,
PAY-INV-3382,INV-3382,25575.21,2025-11-21,Failed,Approval delay,
PAY-INV-3383,INV-3383,8860.24,2025-11-21,Failed,Approval delay,
PAY-INV-3384,INV-3384,13700.19,2025-11-21,Failed,Bank rejection,
PAY-INV-3385,INV-3385,23593.64,2025-11-21,Failed,Bank rejection,
PAY-INV-3386,INV-3386,1814.61,2025-11-21,Failed,Payment failed,
PAY-INV-3387,INV-3387,25608.39,2025-11-21,Failed,Bank rejection,
PAY-INV-3388,INV-3388,19012.82,2025-11-21,Failed,Bank rejection,
PAY-INV-3389,INV-3389,8387.67,2025-11-21,Failed,Bank rejection,
PAY-INV-3390,INV-3390,7912.62,2025-11-21,Failed,Bank rejection,
PAY-INV-3391,INV-3391,8195.68,2025-11-21,Failed,Payment failed,
PAY-INV-3392,INV-3392,28539.82,2025-11-21,Failed,Bank rejection,
PAY-INV-3393,INV-3393,16429.01,2025-11-21,Failed,Payment failed,
PAY-INV-3394,INV-3394,9445.19,2025-11-21,Failed,Bank rejection,
PAY-INV-3395,INV-3395,6442.76,2025-11-21,Failed,Bank rejection,
PAY-INV-3396,INV-3396,15840.91,2025-11-21,Failed,Approval delay,
PAY-INV-3397,INV-3397,23975.09,2025-11-21,Failed,Bank rejection,
PAY-INV-3398,INV-3398,7686.22,2025-11-21,Failed,Payment failed,
PAY-INV-3399,INV-3399,5748.37,2025-11-21,Failed,Bank rejection,
PAY-INV-3400,INV-3400,21628.27,2025-11-21,Failed,Approval delay,
PAY-INV-3401,INV-3401,5037.12,2025-11-21,Failed,Payment failed,
PAY-INV-3402,INV-3402,14932.65,2025-11-21,Failed,Payment failed,
PAY-INV-3403,INV-3403,5845.96,2025-11-21,Failed,Payment failed,
PAY-INV-3404,INV-3404,13489.42,2025-11-21,Failed,Bank rejection,
PAY-INV-3405,INV-3405,2144.56,2025-11-21,Failed,Approval delay,
PAY-INV-3406,INV-3406,7888.9,2025-11-21,Failed,Approval delay,
PAY-INV-3407,INV-3407,14628.04,2025-11-21,Failed,Approval delay,
PAY-INV-3408,INV-3408,13838.32,2025-11-21,Failed,Approval delay,
PAY-INV-3409,INV-3409,5812.08,2025-11-21,Failed,Approval delay,
PAY-INV-3410,INV-3410,8351.07,2025-11-21,Failed,Approval delay,
PAY-INV-3411,INV-3411,15202.23,2025-11-21,Failed,Approval delay,
PAY-INV-3412,INV-3412,16124.78,2025-11-21,Failed,Bank rejection,
PAY-INV-3413,INV-3413,5210.88,2025-11-21,Failed,Bank rejection,
PAY-INV-3414,INV-3414,10633.95,2025-11-21,Failed,Approval delay,
PAY-INV-3415,INV-3415,2082.29,2025-11-21,Failed,Payment failed,
PAY-INV-3416,INV-3416,15008.34,2025-11-21,Failed,Bank rejection,
PAY-INV-3417,INV-3417,16215.93,2025-11-21,Failed,Bank rejection,
PAY-INV-3418,INV-3418,20017.93,2025-11-21,Failed,Approval delay,
PAY-INV-3419,INV-3419,17003.03,2025-11-21,Failed,Bank rejection,
PAY-INV-3420,INV-3420,15017.2,2025-11-21,Failed,Approval delay,
PAY-INV-3421,INV-3421,11449.98,2025-11-21,Failed,Bank rejection,
PAY-INV-3422,INV-3422,23711.49,2025-11-21,Failed,Bank rejection,
PAY-INV-3423,INV-3423,16081.03,2025-11-21,Failed,Payment failed,
PAY-INV-3424,INV-3424,14611.1,2025-11-21,Paid,,acct_mgr4
PAY-INV-3425,INV-3425,8135.88,2025-11-21,Failed,Bank rejection,
PAY-INV-3426,INV-3426,15403.0,2025-11-21,Failed,Approval delay,
PAY-INV-3427,INV-3427,7032.04,2025-11-21,Failed,Payment failed,
PAY-INV-3428,INV-3428,6826.62,2025-11-21,Paid,,acct_mgr1
PAY-INV-3429,INV-3429,16126.16,2025-11-21,Failed,Bank rejection,
PAY-INV-3430,INV-3430,10634.12,2025-11-21,Failed,Approval delay,
PAY-INV-3431,INV-3431,4981.7,2025-11-21,Paid,,acct_mgr3
PAY-INV-3432,INV-3432,5852.32,2025-11-21,Failed,Approval delay,
PAY-INV-3433,INV-3433,18659.11,2025-11-21,Failed,Approval delay,
PAY-INV-3434,INV-3434,4929.96,2025-11-21,Paid,,acct_mgr3
PAY-INV-3435,INV-3435,9316.95,2025-11-21,Failed,Payment failed,
PAY-INV-3436,INV-3436,9271.86,2025-11-21,Failed,Payment failed,
PAY-INV-3437,INV-3437,14691.68,2025-11-21,Failed,Payment failed,
PAY-INV-3438,INV-3438,4468.35,2025-11-21,Failed,Approval delay,
PAY-INV-3439,INV-3439,33558.01,2025-11-21,Failed,Payment failed,
PAY-INV-3440,INV-3440,17687.14,2025-11-21,Failed,Approval delay,
PAY-INV-3441,INV-3441,19665.69,2025-11-21,Failed,Payment failed,
PAY-INV-3442,INV-3442,9902.26,2025-11-21,Failed,Payment failed,
PAY-INV-3443,INV-3443,16647.39,2025-11-21,Failed,Approval delay,
PAY-INV-3444,INV-3444,5857.22,2025-11-21,Failed,Bank rejection,
PAY-INV-3445,INV-3445,13788.79,2025-11-21,Failed,Approval delay,
PAY-INV-3446,INV-3446,23795.76,2025-11-21,Failed,Approval delay,
PAY-INV-3447,INV-3447,5538.64,2025-11-21,Failed,Bank rejection,
PAY-INV-3448,INV-3448,18126.65,2025-11-21,Failed,Payment failed,
PAY-INV-3449,INV-3449,9266.77,2025-11-21,Failed,Approval delay,
PAY-INV-3450,INV-3450,2983.78,2025-11-21,Failed,Bank rejection,
PAY-INV-3451,INV-3451,2171.72,2025-11-21,Failed,Approval delay,
PAY-INV-3452,INV-3452,7397.8,2025-11-21,Failed,Bank rejection,
PAY-INV-3453,INV-3453,13700.63,2025-11-21,Failed,Payment failed,
PAY-INV-3454,INV-3454,4306.49,2025-11-21,Failed,Payment failed,
PAY-INV-3455,INV-3455,20011.5,2025-11-21,Failed,Approval delay,
PAY-INV-3456,INV-3456,7694.03,2025-11-21,Failed,Bank rejection,
PAY-INV-3457,INV-3457,19417.61,2025-11-21,Failed,Bank rejection,
PAY-INV-3458,INV-3458,15696.66,2025-11-21,Failed,Payment failed,
PAY-INV-3459,INV-3459,10593.13,2025-11-21,Failed,Approval delay,
PAY-INV-3460,INV-3460,25064.03,2025-11-21,Failed,Bank rejection,
PAY-INV-3461,INV-3461,26683.84,2025-11-21,Failed,Approval delay,
PAY-INV-3462,INV-3462,24529.1,2025-11-21,Failed,Approval delay,
PAY-INV-3463,INV-3463,18071.96,2025-11-21,Failed,Approval delay,
PAY-INV-3464,INV-3464,3828.89,2025-11-21,Failed,Bank rejection,
PAY-INV-3465,INV-3465,5313.94,2025-11-21,Failed,Payment failed,
PAY-INV-3466,INV-3466,5271.65,2025-11-21,Paid,,acct_mgr4
PAY-INV-3467,INV-3467,10706.75,2025-11-21,Failed,Payment failed,
PAY-INV-3468,INV-3468,6096.61,2025-11-21,Failed,Payment failed,
PAY-INV-3469,INV-3469,6441.74,2025-11-21,Failed,Payment failed,
PAY-INV-3470,INV-3470,27200.57,2025-11-21,Failed,Approval delay,
PAY-INV-3471,INV-3471,6442.16,2025-11-21,Failed,Bank rejection,
PAY-INV-3472,INV-3472,10626.56,2025-11-21,Failed,Approval delay,
PAY-INV-3473,INV-3473,15993.72,2025-11-21,Failed,Payment failed,
PAY-INV-3474,INV-3474,18259.62,2025-11-21,Failed,Payment failed,
PAY-INV-3475,INV-3475,5272.32,2025-11-21,Failed,Bank rejection,
PAY-INV-3476,INV-3476,10826.54,2025-11-21,Failed,Bank rejection,
PAY-INV-3477,INV-3477,19089.97,2025-11-21,Failed,Payment failed,
PAY-INV-3478,INV-3478,5277.92,2025-11-21,Failed,Payment failed,
PAY-INV-3479,INV-3479,19506.49,2025-11-21,Failed,Payment failed,
PAY-INV-3480,INV-3480,28845.11,2025-11-21,Failed,Approval delay,
PAY-INV-3481,INV-3481,18494.29,2025-11-21,Failed,Approval delay,
PAY-INV-3482,INV-3482,10636.67,2025-11-21,Failed,Approval delay,
PAY-INV-3483,INV-3483,21689.83,2025-11-21,Failed,Payment failed,
PAY-INV-3484,INV-3484,18476.19,2025-11-21,Failed,Bank rejection,
PAY-INV-3485,INV-3485,5377.83,2025-11-21,Failed,Bank rejection,
PAY-INV-3486,INV-3486,12362.74,2025-11-21,Failed,Approval delay,
PAY-INV-3487,INV-3487,19203.91,2025-11-21,Failed,Payment failed,
PAY-INV-3488,INV-3488,20678.11,2025-11-21,Failed,Approval delay,
PAY-INV-3489,INV-3489,10360.2,2025-11-21,Failed,Payment failed,
PAY-INV-3490,INV-3490,25838.43,2025-11-21,Failed,Payment failed,
PAY-INV-3491,INV-3491,3250.11,2025-11-21,Failed,Bank rejection,
PAY-INV-3492,INV-3492,15215.92,2025-11-21,Failed,Approval delay,
PAY-INV-3493,INV-3493,21507.98,2025-11-21,Failed,Bank rejection,
PAY-INV-3494,INV-3494,4392.22,2025-11-21,Failed,Bank rejection,
PAY-INV-3495,INV-3495,2901.43,2025-11-21,Failed,Approval delay,
PAY-INV-3496,INV-3496,6444.47,2025-11-21,Failed,Approval delay,
PAY-INV-3497,INV-3497,15490.84,2025-11-21,Failed,Bank rejection,
PAY-INV-3498,INV-3498,17047.76,2025-11-21,Failed,Approval delay,
PAY-INV-3499,INV-3499,15918.95,2025-11-21,Failed,Approval delay,
PAY-INV-3500,INV-3500,2546.62,2025-11-21,Failed,Approval delay,
PAY-INV-3501,INV-3501,14041.7,2025-11-21,Failed,Approval delay,
PAY-INV-3502,INV-3502,18375.89,2025-11-21,Failed,Bank rejection,
PAY-INV-3503,INV-3503,18719.57,2025-11-21,Failed,Bank rejection,
PAY-INV-3504,INV-3504,18146.84,2025-11-21,Failed,Bank rejection,
PAY-INV-3505,INV-3505,21091.86,2025-11-21,Failed,Payment failed,
PAY-INV-3506,INV-3506,5854.94,2025-11-21,Failed,Payment failed,
PAY-INV-3507,INV-3507,17860.74,2025-11-21,Failed,Approval delay,
PAY-INV-3508,INV-3508,7943.93,2025-11-21,Failed,Approval delay,
PAY-INV-3509,INV-3509,6639.94,2025-11-21,Failed,Bank rejection,
PAY-INV-3510,INV-3510,6586.94,2025-11-21,Failed,Bank rejection,
PAY-INV-3511,INV-3511,5258.96,2025-11-21,Paid,,acct_mgr3
PAY-INV-3512,INV-3512,19470.69,2025-11-21,Failed,Payment failed,
PAY-INV-3513,INV-3513,18438.3,2025-11-21,Failed,Payment failed,
PAY-INV-3514,INV-3514,15852.76,2025-11-21,Failed,Approval delay,
PAY-INV-3515,INV-3515,17982.2,2025-11-21,Failed,Bank rejection,
PAY-INV-3516,INV-3516,8924.62,2025-11-21,Failed,Payment failed,
PAY-INV-3517,INV-3517,10647.59,2025-11-21,Failed,Approval delay,
PAY-INV-3518,INV-3518,10592.21,2025-11-21,Failed,Bank rejection,
PAY-INV-3519,INV-3519,5178.54,2025-11-21,Failed,Payment failed,
PAY-INV-3520,INV-3520,11135.01,2025-11-21,Failed,Approval delay,
PAY-INV-3521,INV-3521,6493.48,2025-11-21,Failed,Bank rejection,
PAY-INV-3522,INV-3522,20628.27,2025-11-21,Failed,Bank rejection,
PAY-INV-3523,INV-3523,17932.02,2025-11-21,Failed,Bank rejection,
PAY-INV-3524,INV-3524,5253.17,2025-11-21,Paid,,acct_mgr5
PAY-INV-3525,INV-3525,5281.46,2025-11-21,Paid,,acct_mgr1
PAY-INV-3526,INV-3526,5688.35,2025-11-21,Paid,,acct_mgr3
PAY-INV-3527,INV-3527,16078.05,2025-11-21,Failed,Payment failed,
PAY-INV-3528,INV-3528,21633.43,2025-11-21,Failed,Approval delay,
PAY-INV-3529,INV-3529,6066.96,2025-11-21,Paid,,acct_mgr4
PAY-INV-3530,INV-3530,7892.96,2025-11-21,Failed,Approval delay,
PAY-INV-3531,INV-3531,6673.38,2025-11-21,Failed,Approval delay,
PAY-INV-3532,INV-3532,25041.79,2025-11-21,Failed,Payment failed,
PAY-INV-3533,INV-3533,15356.41,2025-11-21,Failed,Bank rejection,
PAY-INV-3534,INV-3534,20668.51,2025-11-21,Failed,Bank rejection,
PAY-INV-3535,INV-3535,11652.83,2025-11-21,Failed,Payment failed,
PAY-INV-3536,INV-3536,18479.97,2025-11-21,Failed,Approval delay,
PAY-INV-3537,INV-3537,5192.35,2025-11-21,Failed,Payment failed,
PAY-INV-3538,INV-3538,23479.25,2025-11-21,Failed,Payment failed,
PAY-INV-3539,INV-3539,5920.35,2025-11-21,Failed,Payment failed,
PAY-INV-3540,INV-3540,5022.41,2025-11-21,Failed,Approval delay,
PAY-INV-3541,INV-3541,10569.71,2025-11-21,Failed,Bank rejection,
PAY-INV-3542,INV-3542,34091.51,2025-11-21,Failed,Payment failed,
PAY-INV-3543,INV-3543,22131.25,2025-11-21,Failed,Payment failed,
PAY-INV-3544,INV-3544,15151.93,2025-11-21,Failed,Payment failed,
PAY-INV-3545,INV-3545,6187.42,2025-11-21,Paid,,acct_mgr3
PAY-INV-3546,INV-3546,10527.09,2025-11-21,Failed,Bank rejection,
PAY-INV-3547,INV-3547,17327.34,2025-11-21,Failed,Bank rejection,
PAY-INV-3548,INV-3548,23225.58,2025-11-21,Failed,Approval delay,
PAY-INV-3549,INV-3549,1278.68,2025-11-21,Failed,Bank rejection,
PAY-INV-3550,INV-3550,10825.02,2025-11-21,Failed,Bank rejection,
PAY-INV-3551,INV-3551,5112.38,2025-11-21,Failed,Approval delay,
PAY-INV-3552,INV-3552,9094.36,2025-11-21,Failed,Approval delay,
PAY-INV-3553,INV-3553,22620.66,2025-11-21,Failed,Payment failed,
PAY-INV-3554,INV-3554,12624.76,2025-11-21,Failed,Bank rejection,
PAY-INV-3555,INV-3555,23977.47,2025-11-21,Failed,Approval delay,
PAY-INV-3556,INV-3556,4926.84,2025-11-21,Failed,Payment failed,
PAY-INV-3557,INV-3557,6975.0,2025-11-21,Paid,,acct_mgr5
PAY-INV-3558,INV-3558,15511.14,2025-11-21,Failed,Approval delay,
PAY-INV-3559,INV-3559,14163.89,2025-11-21,Failed,Payment failed,
PAY-INV-3560,INV-3560,25738.5,2025-11-21,Failed,Approval delay,
PAY-INV-3561,INV-3561,27036.6,2025-11-21,Failed,Approval delay,
PAY-INV-3562,INV-3562,10181.38,2025-11-21,Failed,Payment failed,
PAY-INV-3563,INV-3563,13912.97,2025-11-21,Failed,Approval delay,
PAY-INV-3564,INV-3564,17801.5,2025-11-21,Failed,Payment failed,
PAY-INV-3565,INV-3565,16981.48,2025-11-21,Failed,Bank rejection,
PAY-INV-3566,INV-3566,8552.06,2025-11-21,Failed,Bank rejection,
PAY-INV-3567,INV-3567,21970.88,2025-11-21,Failed,Approval delay,
PAY-INV-3568,INV-3568,6198.67,2025-11-21,Paid,,acct_mgr5
PAY-INV-3569,INV-3569,21029.77,2025-11-21,Failed,Bank rejection,
PAY-INV-3570,INV-3570,6267.17,2025-11-21,Failed,Bank rejection,
PAY-INV-3571,INV-3571,8195.14,2025-11-21,Failed,Bank rejection,
PAY-INV-3572,INV-3572,26489.39,2025-11-21,Failed,Payment failed,
PAY-INV-3573,INV-3573,15632.83,2025-11-21,Failed,Approval delay,
PAY-INV-3574,INV-3574,8908.57,2025-11-21,Failed,Payment failed,
PAY-INV-3575,INV-3575,10024.48,2025-11-21,Failed,Approval delay,
PAY-INV-3576,INV-3576,26365.88,2025-11-21,Failed,Approval delay,
PAY-INV-3577,INV-3577,9811.66,2025-11-21,Failed,Payment failed,
PAY-INV-3578,INV-3578,9752.09,2025-11-21,Failed,Payment failed,
PAY-INV-3579,INV-3579,16032.71,2025-11-21,Failed,Bank rejection,
PAY-INV-3580,INV-3580,19412.79,2025-11-21,Failed,Approval delay,
PAY-INV-3581,INV-3581,20075.04,2025-11-21,Failed,Approval delay,
PAY-INV-3582,INV-3582,17374.86,2025-11-21,Failed,Bank rejection,
PAY-INV-3583,INV-3583,17071.75,2025-11-21,Failed,Approval delay,
PAY-INV-3584,INV-3584,21744.12,2025-11-21,Failed,Approval delay,
PAY-INV-3585,INV-3585,8402.76,2025-11-21,Failed,Bank rejection,
PAY-INV-3586,INV-3586,16695.86,2025-11-21,Failed,Payment failed,
PAY-INV-3587,INV-3587,7181.66,2025-11-21,Failed,Bank rejection,
PAY-INV-3588,INV-3588,5175.43,2025-11-21,Paid,,acct_mgr4
PAY-INV-3589,INV-3589,29836.21,2025-11-21,Failed,Payment failed,
PAY-INV-3590,INV-3590,7288.53,2025-11-21,Failed,Bank rejection,
PAY-INV-3591,INV-3591,3335.12,2025-11-21,Failed,Payment failed,
PAY-INV-3592,INV-3592,5396.73,2025-11-21,Failed,Bank rejection,
PAY-INV-3593,INV-3593,5218.7,2025-11-21,Paid,,acct_mgr2
PAY-INV-3594,INV-3594,24284.97,2025-11-21,Failed,Approval delay,
PAY-INV-3595,INV-3595,14846.29,2025-11-21,Failed,Approval delay,
PAY-INV-3596,INV-3596,9633.46,2025-11-21,Paid,,acct_mgr5
PAY-INV-3597,INV-3597,17677.61,2025-11-21,Failed,Bank rejection,
PAY-INV-3598,INV-3598,16705.85,2025-11-21,Failed,Payment failed,
PAY-INV-3599,INV-3599,22255.05,2025-11-21,Failed,Approval delay,
PAY-INV-3600,INV-3600,33814.75,2025-11-21,Failed,Bank rejection,
PAY-INV-3601,INV-3601,11082.02,2025-11-21,Failed,Payment failed,
PAY-INV-3602,INV-3602,4785.83,2025-11-21,Failed,Approval delay,
PAY-INV-3603,INV-3603,5919.48,2025-11-21,Failed,Approval delay,
PAY-INV-3604,INV-3604,16087.23,2025-11-21,Failed,Bank rejection,
PAY-INV-3605,INV-3605,17988.42,2025-11-21,Failed,Approval delay,
PAY-INV-3606,INV-3606,10911.3,2025-11-21,Failed,Approval delay,
PAY-INV-3607,INV-3607,15834.57,2025-11-21,Failed,Approval delay,
PAY-INV-3608,INV-3608,15325.58,2025-11-21,Failed,Payment failed,
PAY-INV-3609,INV-3609,11265.27,2025-11-21,Failed,Bank rejection,
PAY-INV-3610,INV-3610,8438.21,2025-11-21,Failed,Bank rejection,
PAY-INV-3611,INV-3611,21050.1,2025-11-21,Failed,Payment failed,
PAY-INV-3612,INV-3612,12845.35,2025-11-21,Failed,Bank rejection,
PAY-INV-3613,INV-3613,22231.27,2025-11-21,Failed,Payment failed,
PAY-INV-3614,INV-3614,20112.35,2025-11-21,Failed,Payment failed,
PAY-INV-3615,INV-3615,13910.99,2025-11-21,Failed,Payment failed,
PAY-INV-3616,INV-3616,23662.91,2025-11-21,Failed,Payment failed,
PAY-INV-3617,INV-3617,14558.45,2025-11-21,Failed,Bank rejection,
PAY-INV-3618,INV-3618,22192.55,2025-11-21,Failed,Bank rejection,
PAY-INV-3619,INV-3619,24205.57,2025-11-21,Paid,,acct_mgr5
PAY-INV-3620,INV-3620,5370.65,2025-11-21,Failed,Bank rejection,
PAY-INV-3621,INV-3621,19665.93,2025-11-21,Failed,Payment failed,
PAY-INV-3622,INV-3622,21289.83,2025-11-21,Failed,Payment failed,
PAY-INV-3623,INV-3623,10287.64,2025-11-21,Failed,Payment failed,
PAY-INV-3624,INV-3624,19095.6,2025-11-21,Failed,Payment failed,
PAY-INV-3625,INV-3625,21547.48,2025-11-21,Failed,Bank rejection,
PAY-INV-3626,INV-3626,5604.6,2025-11-21,Failed,Bank rejection,
PAY-INV-3627,INV-3627,21136.51,2025-11-21,Failed,Approval delay,
PAY-INV-3628,INV-3628,6078.26,2025-11-21,Failed,Approval delay,
PAY-INV-3629,INV-3629,12145.01,2025-11-21,Failed,Approval delay,
PAY-INV-3630,INV-3630,7048.5,2025-11-21,Failed,Approval delay,
PAY-INV-3631,INV-3631,21148.98,2025-11-21,Failed,Approval delay,
PAY-INV-3632,INV-3632,5478.25,2025-11-21,Failed,Approval delay,
PAY-INV-3633,INV-3633,14602.05,2025-11-21,Failed,Approval delay,
PAY-INV-3634,INV-3634,11474.2,2025-11-21,Failed,Payment failed,
PAY-INV-3635,INV-3635,20918.41,2025-11-21,Failed,Approval delay,
PAY-INV-3636,INV-3636,21084.11,2025-11-21,Failed,Approval delay,
PAY-INV-3637,INV-3637,18993.34,2025-11-21,Failed,Approval delay,
PAY-INV-3638,INV-3638,19783.97,2025-11-21,Failed,Bank rejection,
PAY-INV-3639,INV-3639,15870.43,2025-11-21,Failed,Payment failed,
PAY-INV-3640,INV-3640,13970.17,2025-11-21,Failed,Approval delay,
PAY-INV-3641,INV-3641,9768.68,2025-11-21,Paid,,acct_mgr4
PAY-INV-3642,INV-3642,10556.45,2025-11-21,Failed,Payment failed,
PAY-INV-3643,INV-3643,28554.46,2025-11-21,Failed,Payment failed,
PAY-INV-3644,INV-3644,10604.42,2025-11-21,Failed,Approval delay,
PAY-INV-3645,INV-3645,21917.35,2025-11-21,Failed,Approval delay,
PAY-INV-3646,INV-3646,12585.39,2025-11-21,Failed,Bank rejection,
PAY-INV-3647,INV-3647,12277.95,2025-11-21,Failed,Bank rejection,
PAY-INV-3648,INV-3648,15108.15,2025-11-21,Failed,Approval delay,
PAY-INV-3649,INV-3649,7032.9,2025-11-21,Paid,,acct_mgr1
PAY-INV-3650,INV-3650,11991.25,2025-11-21,Paid,,acct_mgr2
PAY-INV-3651,INV-3651,11065.16,2025-11-21,Failed,Payment failed,
PAY-INV-3652,INV-3652,20295.78,2025-11-21,Failed,Payment failed,
PAY-INV-3653,INV-3653,6647.14,2025-11-21,Failed,Bank rejection,
PAY-INV-3654,INV-3654,20251.95,2025-11-21,Failed,Bank rejection,
PAY-INV-3655,INV-3655,12402.3,2025-11-21,Failed,Bank rejection,
PAY-INV-3656,INV-3656,23733.08,2025-11-21,Failed,Approval delay,
PAY-INV-3657,INV-3657,14085.97,2025-11-21,Failed,Bank rejection,
PAY-INV-3658,INV-3658,8391.15,2025-11-21,Failed,Payment failed,
PAY-INV-3659,INV-3659,14313.58,2025-11-21,Failed,Approval delay,
PAY-INV-3660,INV-3660,23753.62,2025-11-21,Failed,Approval delay,
PAY-INV-3661,INV-3661,19873.4,2025-11-21,Failed,Bank rejection,
PAY-INV-3662,INV-3662,10593.78,2025-11-21,Failed,Payment failed,
PAY-INV-3663,INV-3663,16380.07,2025-11-21,Failed,Bank rejection,
PAY-INV-3664,INV-3664,7053.55,2025-11-21,Failed,Approval delay,
PAY-INV-3665,INV-3665,27002.66,2025-11-21,Failed,Bank rejection,
PAY-INV-3666,INV-3666,16823.57,2025-11-21,Failed,Approval delay,
PAY-INV-3667,INV-3667,8318.42,2025-11-21,Failed,Approval delay,
PAY-INV-3668,INV-3668,12511.18,2025-11-21,Failed,Payment failed,
PAY-INV-3669,INV-3669,8343.29,2025-11-21,Failed,Payment failed,
PAY-INV-3670,INV-3670,15019.34,2025-11-21,Failed,Bank rejection,
PAY-INV-3671,INV-3671,22069.93,2025-11-21,Failed,Bank rejection,
PAY-INV-3672,INV-3672,17136.45,2025-11-21,Failed,Bank rejection,
PAY-INV-3673,INV-3673,5136.7,2025-11-21,Paid,,acct_mgr5
PAY-INV-3674,INV-3674,4327.42,2025-11-21,Failed,Payment failed,
PAY-INV-3675,INV-3675,5484.27,2025-11-21,Failed,Payment failed,
PAY-INV-3676,INV-3676,19831.04,2025-11-21,Failed,Bank rejection,
PAY-INV-3677,INV-3677,12184.89,2025-11-21,Failed,Approval delay,
PAY-INV-3678,INV-3678,21429.86,2025-11-21,Failed,Bank rejection,
PAY-INV-3679,INV-3679,12016.08,2025-11-21,Failed,Bank rejection,
PAY-INV-3680,INV-3680,7069.72,2025-11-21,Failed,Bank rejection,
PAY-INV-3681,INV-3681,22972.79,2025-11-21,Failed,Payment failed,
PAY-INV-3682,INV-3682,20046.38,2025-11-21,Failed,Payment failed,
PAY-INV-3683,INV-3683,11116.14,2025-11-21,Failed,Payment failed,
PAY-INV-3684,INV-3684,8592.43,2025-11-21,Failed,Payment failed,
PAY-INV-3685,INV-3685,25381.7,2025-11-21,Failed,Payment failed,
PAY-INV-3686,INV-3686,2856.1,2025-11-21,Failed,Bank rejection,
PAY-INV-3687,INV-3687,6695.82,2025-11-21,Failed,Approval delay,
PAY-INV-3688,INV-3688,6050.08,2025-11-21,Failed,Payment failed,
PAY-INV-3689,INV-3689,8833.03,2025-11-21,Failed,Approval delay,
PAY-INV-3690,INV-3690,20355.27,2025-11-21,Failed,Payment failed,
PAY-INV-3691,INV-3691,4972.4,2025-11-21,Failed,Approval delay,
PAY-INV-3692,INV-3692,22316.48,2025-11-21,Failed,Bank rejection,
PAY-INV-3693,INV-3693,3552.36,2025-11-21,Failed,Payment failed,
PAY-INV-3694,INV-3694,6415.47,2025-11-21,Failed,Bank rejection,
PAY-INV-3695,INV-3695,26705.03,2025-11-21,Failed,Payment failed,
PAY-INV-3696,INV-3696,8048.56,2025-11-21,Failed,Approval delay,
PAY-INV-3697,INV-3697,12235.46,2025-11-21,Failed,Bank rejection,
PAY-INV-3698,INV-3698,3150.8,2025-11-21,Failed,Payment failed,
PAY-INV-3699,INV-3699,2204.63,2025-11-21,Failed,Bank rejection,
PAY-INV-3700,INV-3700,23855.21,2025-11-21,Failed,Bank rejection,
PAY-INV-3701,INV-3701,27110.34,2025-11-21,Failed,Approval delay,
PAY-INV-3702,INV-3702,10375.11,2025-11-21,Failed,Bank rejection,
PAY-INV-3703,INV-3703,8189.2,2025-11-21,Failed,Payment failed,
PAY-INV-3704,INV-3704,14210.76,2025-11-21,Failed,Payment failed,
PAY-INV-3705,INV-3705,5329.5,2025-11-21,Failed,Bank rejection,
PAY-INV-3706,INV-3706,20130.97,2025-11-21,Failed,Bank rejection,
PAY-INV-3707,INV-3707,5983.5,2025-11-21,Failed,Payment failed,
PAY-INV-3708,INV-3708,20947.44,2025-11-21,Failed,Bank rejection,
PAY-INV-3709,INV-3709,19894.34,2025-11-21,Failed,Approval delay,
PAY-INV-3710,INV-3710,24957.48,2025-11-21,Failed,Approval delay,
PAY-INV-3711,INV-3711,11388.77,2025-11-21,Failed,Bank rejection,
PAY-INV-3712,INV-3712,7877.9,2025-11-21,Failed,Payment failed,
PAY-INV-3713,INV-3713,5421.52,2025-11-21,Paid,,acct_mgr3
PAY-INV-3714,INV-3714,22305.4,2025-11-21,Failed,Bank rejection,
PAY-INV-3715,INV-3715,27589.4,2025-11-21,Failed,Approval delay,
PAY-INV-3716,INV-3716,19140.73,2025-11-21,Failed,Payment failed,
PAY-INV-3717,INV-3717,25536.98,2025-11-21,Failed,Approval delay,
PAY-INV-3718,INV-3718,6727.8,2025-11-21,Failed,Payment failed,
PAY-INV-3719,INV-3719,10654.72,2025-11-21,Failed,Payment failed,
PAY-INV-3720,INV-3720,14695.67,2025-11-21,Failed,Bank rejection,
PAY-INV-3721,INV-3721,5725.34,2025-11-21,Failed,Payment failed,
PAY-INV-3722,INV-3722,33248.97,2025-11-21,Failed,Payment failed,
PAY-INV-3723,INV-3723,6767.15,2025-11-21,Failed,Payment failed,
PAY-INV-3724,INV-3724,14257.32,2025-11-21,Failed,Bank rejection,
PAY-INV-3725,INV-3725,6184.01,2025-11-21,Failed,Approval delay,
PAY-INV-3726,INV-3726,10431.95,2025-11-21,Failed,Bank rejection,
PAY-INV-3727,INV-3727,9897.47,2025-11-21,Failed,Payment failed,
PAY-INV-3728,INV-3728,19235.34,2025-11-21,Failed,Payment failed,
PAY-INV-3729,INV-3729,19943.09,2025-11-21,Failed,Bank rejection,
PAY-INV-3730,INV-3730,18680.47,2025-11-21,Failed,Bank rejection,
PAY-INV-3731,INV-3731,8484.88,2025-11-21,Failed,Payment failed,
PAY-INV-3732,INV-3732,14056.49,2025-11-21,Failed,Payment failed,
PAY-INV-3733,INV-3733,14800.35,2025-11-21,Failed,Payment failed,
PAY-INV-3734,INV-3734,19322.95,2025-11-21,Failed,Bank rejection,
PAY-INV-3735,INV-3735,1743.43,2025-11-21,Paid,,acct_mgr2
PAY-INV-3736,INV-3736,17572.72,2025-11-21,Paid,,acct_mgr3
PAY-INV-3737,INV-3737,23878.68,2025-11-21,Failed,Payment failed,
PAY-INV-3738,INV-3738,8099.47,2025-11-21,Failed,Payment failed,
PAY-INV-3739,INV-3739,6375.72,2025-11-21,Failed,Approval delay,
PAY-INV-3740,INV-3740,12507.99,2025-11-21,Failed,Payment failed,
PAY-INV-3741,INV-3741,21644.04,2025-11-21,Failed,Bank rejection,
PAY-INV-3742,INV-3742,24257.23,2025-11-21,Failed,Approval delay,
PAY-INV-3743,INV-3743,6691.38,2025-11-21,Failed,Approval delay,
PAY-INV-3744,INV-3744,13172.63,2025-11-21,Failed,Approval delay,
PAY-INV-3745,INV-3745,21126.57,2025-11-21,Failed,Approval delay,
PAY-INV-3746,INV-3746,14985.27,2025-11-21,Failed,Payment failed,
PAY-INV-3747,INV-3747,3321.2,2025-11-21,Failed,Bank rejection,
PAY-INV-3748,INV-3748,7387.24,2025-11-21,Paid,,acct_mgr4
PAY-INV-3749,INV-3749,9965.68,2025-11-21,Failed,Bank rejection,
PAY-INV-3750,INV-3750,20389.99,2025-11-21,Failed,Bank rejection,
PAY-INV-3751,INV-3751,10353.5,2025-11-21,Failed,Approval delay,
PAY-INV-3752,INV-3752,19608.19,2025-11-21,Failed,Approval delay,
PAY-INV-3753,INV-3753,20068.47,2025-11-21,Failed,Payment failed,
PAY-INV-3754,INV-3754,4126.5,2025-11-21,Paid,,acct_mgr1
PAY-INV-3755,INV-3755,20043.83,2025-11-21,Failed,Bank rejection,
PAY-INV-3756,INV-3756,10555.97,2025-11-21,Failed,Bank rejection,
PAY-INV-3757,INV-3757,11050.06,2025-11-21,Failed,Bank rejection,
PAY-INV-3758,INV-3758,19488.18,2025-11-21,Failed,Payment failed,
PAY-INV-3759,INV-3759,4227.0,2025-11-21,Failed,Approval delay,
PAY-INV-3760,INV-3760,25183.78,2025-11-21,Failed,Approval delay,
PAY-INV-3761,INV-3761,29177.02,2025-11-21,Failed,Payment failed,
PAY-INV-3762,INV-3762,20591.67,2025-11-21,Failed,Approval delay,
PAY-INV-3763,INV-3763,10815.73,2025-11-21,Failed,Approval delay,
PAY-INV-3764,INV-3764,8811.1,2025-11-21,Failed,Bank rejection,
PAY-INV-3765,INV-3765,14135.51,2025-11-21,Failed,Bank rejection,
PAY-INV-3766,INV-3766,12678.72,2025-11-21,Failed,Approval delay,
PAY-INV-3767,INV-3767,10340.55,2025-11-21,Paid,,acct_mgr1
PAY-INV-3768,INV-3768,21262.4,2025-11-21,Failed,Payment failed,
PAY-INV-3769,INV-3769,15045.61,2025-11-21,Failed,Approval delay,
PAY-INV-3770,INV-3770,15754.09,2025-11-21,Failed,Bank rejection,
PAY-INV-3771,INV-3771,23418.76,2025-11-21,Failed,Bank rejection,
PAY-INV-3772,INV-3772,28351.81,2025-11-21,Failed,Bank rejection,
PAY-INV-3773,INV-3773,15181.56,2025-11-21,Failed,Bank rejection,
PAY-INV-3774,INV-3774,18652.01,2025-11-21,Failed,Approval delay,
PAY-INV-3775,INV-3775,11726.95,2025-11-21,Failed,Payment failed,
PAY-INV-3776,INV-3776,20124.78,2025-11-21,Failed,Bank rejection,
PAY-INV-3777,INV-3777,25924.72,2025-11-21,Failed,Approval delay,
PAY-INV-3778,INV-3778,15047.25,2025-11-21,Failed,Payment failed,
PAY-INV-3779,INV-3779,23986.91,2025-11-21,Failed,Payment failed,
PAY-INV-3780,INV-3780,15740.96,2025-11-21,Failed,Payment failed,
PAY-INV-3781,INV-3781,7143.58,2025-11-21,Failed,Payment failed,
PAY-INV-3782,INV-3782,5372.41,2025-11-21,Failed,Approval delay,
PAY-INV-3783,INV-3783,19726.29,2025-11-21,Failed,Payment failed,
PAY-INV-3784,INV-3784,13612.27,2025-11-21,Failed,Approval delay,
PAY-INV-3785,INV-3785,12513.9,2025-11-21,Failed,Bank rejection,
PAY-INV-3786,INV-3786,6698.53,2025-11-21,Failed,Bank rejection,
PAY-INV-3787,INV-3787,5221.62,2025-11-21,Failed,Approval delay,
PAY-INV-3788,INV-3788,19292.2,2025-11-21,Failed,Approval delay,
PAY-INV-3789,INV-3789,9209.42,2025-11-21,Failed,Payment failed,
PAY-INV-3790,INV-3790,6537.7,2025-11-21,Failed,Payment failed,
PAY-INV-3791,INV-3791,11430.97,2025-11-21,Failed,Approval delay,
PAY-INV-3792,INV-3792,5178.52,2025-11-21,Failed,Payment failed,
PAY-INV-3793,INV-3793,10323.83,2025-11-21,Failed,Approval delay,
PAY-INV-3794,INV-3794,2810.82,2025-11-21,Failed,Payment failed,
PAY-INV-3795,INV-3795,6509.38,2025-11-21,Failed,Approval delay,
PAY-INV-3796,INV-3796,24327.62,2025-11-21,Failed,Approval delay,
PAY-INV-3797,INV-3797,26285.97,2025-11-21,Failed,Payment failed,
PAY-INV-3798,INV-3798,4027.3,2025-11-21,Failed,Approval delay,
PAY-INV-3799,INV-3799,6588.78,2025-11-21,Failed,Approval delay,
PAY-INV-3800,INV-3800,17130.79,2025-11-21,Failed,Bank rejection,
PAY-INV-3801,INV-3801,6848.16,2025-11-21,Failed,Approval delay,
PAY-INV-3802,INV-3802,15246.66,2025-11-21,Failed,Payment failed,
PAY-INV-3803,INV-3803,10961.02,2025-11-21,Failed,Bank rejection,
PAY-INV-3804,INV-3804,18036.47,2025-11-21,Failed,Payment failed,
PAY-INV-3805,INV-3805,25661.96,2025-11-21,Failed,Bank rejection,
PAY-INV-3806,INV-3806,14113.59,2025-11-21,Failed,Payment failed,
PAY-INV-3807,INV-3807,10737.55,2025-11-21,Failed,Bank rejection,
PAY-INV-3808,INV-3808,14184.44,2025-11-21,Failed,Payment failed,
PAY-INV-3809,INV-3809,24036.54,2025-11-21,Failed,Approval delay,
PAY-INV-3810,INV-3810,15741.15,2025-11-21,Failed,Approval delay,
PAY-INV-3811,INV-3811,7095.83,2025-11-21,Failed,Payment failed,
PAY-INV-3812,INV-3812,7246.38,2025-11-21,Failed,Bank rejection,
PAY-INV-3813,INV-3813,8351.9,2025-11-21,Failed,Bank rejection,
PAY-INV-3814,INV-3814,14503.12,2025-11-21,Failed,Approval delay,
PAY-INV-3815,INV-3815,13115.85,2025-11-21,Failed,Approval delay,
PAY-INV-3816,INV-3816,15325.58,2025-11-21,Failed,Approval delay,
PAY-INV-3817,INV-3817,21640.87,2025-11-21,Failed,Bank rejection,
PAY-INV-3818,INV-3818,18099.11,2025-11-21,Failed,Bank rejection,
PAY-INV-3819,INV-3819,12970.76,2025-11-21,Paid,,acct_mgr1
PAY-INV-3820,INV-3820,10848.14,2025-11-21,Failed,Approval delay,
PAY-INV-3821,INV-3821,15371.71,2025-11-21,Failed,Bank rejection,
PAY-INV-3822,INV-3822,14795.37,2025-11-21,Failed,Bank rejection,
PAY-INV-3823,INV-3823,28249.68,2025-11-21,Failed,Bank rejection,
PAY-INV-3824,INV-3824,6597.03,2025-11-21,Failed,Payment failed,
PAY-INV-3825,INV-3825,18252.69,2025-11-21,Failed,Approval delay,
PAY-INV-3826,INV-3826,10445.95,2025-11-21,Failed,Approval delay,
PAY-INV-3827,INV-3827,9952.04,2025-11-21,Failed,Bank rejection,
PAY-INV-3828,INV-3828,10319.09,2025-11-21,Failed,Bank rejection,
PAY-INV-3829,INV-3829,14873.86,2025-11-21,Failed,Payment failed,
PAY-INV-3830,INV-3830,21152.61,2025-11-21,Failed,Bank rejection,
PAY-INV-3831,INV-3831,18970.48,2025-11-21,Failed,Bank rejection,
PAY-INV-3832,INV-3832,20492.29,2025-11-21,Failed,Payment failed,
PAY-INV-3833,INV-3833,16307.47,2025-11-21,Failed,Payment failed,
PAY-INV-3834,INV-3834,15957.71,2025-11-21,Failed,Approval delay,
PAY-INV-3835,INV-3835,12586.35,2025-11-21,Failed,Approval delay,
PAY-INV-3836,INV-3836,25066.71,2025-11-21,Failed,Payment failed,
PAY-INV-3837,INV-3837,18373.91,2025-11-21,Failed,Bank rejection,
PAY-INV-3838,INV-3838,14342.51,2025-11-21,Failed,Approval delay,
PAY-INV-3839,INV-3839,9717.28,2025-11-21,Failed,Approval delay,
PAY-INV-3840,INV-3840,25255.34,2025-11-21,Failed,Bank rejection,
PAY-INV-3841,INV-3841,13662.48,2025-11-21,Failed,Bank rejection,
PAY-INV-3842,INV-3842,28067.03,2025-11-21,Failed,Bank rejection,
PAY-INV-3843,INV-3843,6084.46,2025-11-21,Failed,Bank rejection,
PAY-INV-3844,INV-3844,18544.68,2025-11-21,Failed,Payment failed,
PAY-INV-3845,INV-3845,20478.45,2025-11-21,Failed,Payment failed,
PAY-INV-3846,INV-3846,15191.4,2025-11-21,Failed,Bank rejection,
PAY-INV-3847,INV-3847,8739.15,2025-11-21,Failed,Approval delay,
PAY-INV-3848,INV-3848,14213.58,2025-11-21,Failed,Bank rejection,
PAY-INV-3849,INV-3849,23225.92,2025-11-21,Failed,Approval delay,
PAY-INV-3850,INV-3850,2942.43,2025-11-21,Failed,Approval delay,
PAY-INV-3851,INV-3851,34146.98,2025-11-21,Failed,Payment failed,
PAY-INV-3852,INV-3852,32397.24,2025-11-21,Failed,Payment failed,
PAY-INV-3853,INV-3853,2878.97,2025-11-21,Failed,Approval delay,
PAY-INV-3854,INV-3854,7339.73,2025-11-21,Failed,Approval delay,
PAY-INV-3855,INV-3855,15596.29,2025-11-21,Failed,Bank rejection,
PAY-INV-3856,INV-3856,25476.32,2025-11-21,Failed,Bank rejection,
PAY-INV-3857,INV-3857,10986.89,2025-11-21,Failed,Bank rejection,
PAY-INV-3858,INV-3858,22090.11,2025-11-21,Failed,Approval delay,
PAY-INV-3859,INV-3859,8485.43,2025-11-21,Failed,Bank rejection,
PAY-INV-3860,INV-3860,18835.94,2025-11-21,Failed,Approval delay,
PAY-INV-3861,INV-3861,10585.85,2025-11-21,Failed,Bank rejection,
PAY-INV-3862,INV-3862,10601.92,2025-11-21,Failed,Approval delay,
PAY-INV-3863,INV-3863,5782.82,2025-11-21,Failed,Payment failed,
PAY-INV-3864,INV-3864,19142.77,2025-11-21,Failed,Payment failed,
PAY-INV-3865,INV-3865,11178.24,2025-11-21,Failed,Approval delay,
PAY-INV-3866,INV-3866,14117.26,2025-11-21,Failed,Payment failed,
PAY-INV-3867,INV-3867,18968.03,2025-11-21,Failed,Approval delay,
PAY-INV-3868,INV-3868,19930.86,2025-11-21,Failed,Payment failed,
PAY-INV-3869,INV-3869,20189.12,2025-11-21,Failed,Payment failed,
PAY-INV-3870,INV-3870,28579.64,2025-11-21,Failed,Payment failed,
PAY-INV-3871,INV-3871,19065.42,2025-11-21,Failed,Payment failed,
PAY-INV-3872,INV-3872,8141.31,2025-11-21,Failed,Bank rejection,
PAY-INV-3873,INV-3873,13624.22,2025-11-21,Failed,Bank rejection,
PAY-INV-3874,INV-3874,19539.31,2025-11-21,Failed,Bank rejection,
PAY-INV-3875,INV-3875,13802.64,2025-11-21,Failed,Payment failed,
PAY-INV-3876,INV-3876,14917.3,2025-11-21,Failed,Payment failed,
PAY-INV-3877,INV-3877,7170.78,2025-11-21,Failed,Payment failed,
PAY-INV-3878,INV-3878,15933.43,2025-11-21,Failed,Bank rejection,
PAY-INV-3879,INV-3879,1826.18,2025-11-21,Failed,Payment failed,
PAY-INV-3880,INV-3880,2095.31,2025-11-21,Failed,Payment failed,
PAY-INV-3881,INV-3881,15526.91,2025-11-21,Failed,Bank rejection,
PAY-INV-3882,INV-3882,6913.78,2025-11-21,Failed,Bank rejection,
PAY-INV-3883,INV-3883,5156.2,2025-11-21,Failed,Approval delay,
PAY-INV-3884,INV-3884,7361.65,2025-11-21,Failed,Bank rejection,
PAY-INV-3885,INV-3885,15003.71,2025-11-21,Failed,Payment failed,
PAY-INV-3886,INV-3886,13287.56,2025-11-21,Failed,Approval delay,
PAY-INV-3887,INV-3887,13689.52,2025-11-21,Failed,Payment failed,
PAY-INV-3888,INV-3888,20865.39,2025-11-21,Failed,Bank rejection,
PAY-INV-3889,INV-3889,17464.54,2025-11-21,Failed,Bank rejection,
PAY-INV-3890,INV-3890,4267.62,2025-11-21,Failed,Payment failed,
PAY-INV-3891,INV-3891,21592.6,2025-11-21,Failed,Approval delay,
PAY-INV-3892,INV-3892,7732.56,2025-11-21,Failed,Payment failed,
PAY-INV-3893,INV-3893,16877.73,2025-11-21,Failed,Payment failed,
PAY-INV-3894,INV-3894,3072.01,2025-11-21,Failed,Payment failed,
PAY-INV-3895,INV-3895,5348.77,2025-11-21,Failed,Payment failed,
PAY-INV-3896,INV-3896,2307.23,2025-11-21,Failed,Bank rejection,
PAY-INV-3897,INV-3897,7801.2,2025-11-21,Failed,Payment failed,
PAY-INV-3898,INV-3898,5134.86,2025-11-21,Failed,Bank rejection,
PAY-INV-3899,INV-3899,17521.12,2025-11-21,Failed,Payment failed,
PAY-INV-3900,INV-3900,20106.37,2025-11-21,Failed,Bank rejection,
PAY-INV-3901,INV-3901,15240.56,2025-11-21,Failed,Approval delay,
PAY-INV-3902,INV-3902,19981.74,2025-11-21,Failed,Bank rejection,
PAY-INV-3903,INV-3903,20596.76,2025-11-21,Failed,Approval delay,
PAY-INV-3904,INV-3904,12924.16,2025-11-21,Failed,Approval delay,
PAY-INV-3905,INV-3905,7947.97,2025-11-21,Failed,Payment failed,
PAY-INV-3906,INV-3906,15946.59,2025-11-21,Failed,Bank rejection,
PAY-INV-3907,INV-3907,15606.9,2025-11-21,Failed,Bank rejection,
PAY-INV-3908,INV-3908,22876.18,2025-11-21,Failed,Payment failed,
PAY-INV-3909,INV-3909,16361.36,2025-11-21,Failed,Payment failed,
PAY-INV-3910,INV-3910,10208.79,2025-11-21,Failed,Payment failed,
PAY-INV-3911,INV-3911,17023.91,2025-11-21,Failed,Approval delay,
PAY-INV-3912,INV-3912,20608.87,2025-11-21,Failed,Payment failed,
PAY-INV-3913,INV-3913,13867.14,2025-11-21,Failed,Payment failed,
PAY-INV-3914,INV-3914,23893.84,2025-11-21,Failed,Bank rejection,
PAY-INV-3915,INV-3915,18730.51,2025-11-21,Failed,Approval delay,
PAY-INV-3916,INV-3916,11403.74,2025-11-21,Failed,Approval delay,
PAY-INV-3917,INV-3917,19926.72,2025-11-21,Failed,Payment failed,
PAY-INV-3918,INV-3918,21451.73,2025-11-21,Failed,Payment failed,
PAY-INV-3919,INV-3919,13063.34,2025-11-21,Failed,Bank rejection,
PAY-INV-3920,INV-3920,19677.63,2025-11-21,Failed,Payment failed,
PAY-INV-3921,INV-3921,15866.26,2025-11-21,Failed,Bank rejection,
PAY-INV-3922,INV-3922,8072.42,2025-11-21,Failed,Payment failed,
PAY-INV-3923,INV-3923,6802.27,2025-11-21,Paid,,acct_mgr1
PAY-INV-3924,INV-3924,21165.55,2025-11-21,Failed,Payment failed,
PAY-INV-3925,INV-3925,4670.12,2025-11-21,Failed,Payment failed,
PAY-INV-3926,INV-3926,18191.65,2025-11-21,Failed,Bank rejection,
PAY-INV-3927,INV-3927,17873.9,2025-11-21,Failed,Approval delay,
PAY-INV-3928,INV-3928,14198.07,2025-11-21,Failed,Bank rejection,
PAY-INV-3929,INV-3929,23805.68,2025-11-21,Failed,Payment failed,
PAY-INV-3930,INV-3930,1856.84,2025-11-21,Failed,Bank rejection,
PAY-INV-3931,INV-3931,19035.0,2025-11-21,Failed,Payment failed,
PAY-INV-3932,INV-3932,17162.16,2025-11-21,Failed,Approval delay,
PAY-INV-3933,INV-3933,11262.6,2025-11-21,Failed,Payment failed,
PAY-INV-3934,INV-3934,7103.58,2025-11-21,Failed,Approval delay,
PAY-INV-3935,INV-3935,5302.98,2025-11-21,Failed,Bank rejection,
PAY-INV-3936,INV-3936,5744.86,2025-11-21,Failed,Bank rejection,
PAY-INV-3937,INV-3937,16203.83,2025-11-21,Failed,Payment failed,
PAY-INV-3938,INV-3938,14963.34,2025-11-21,Failed,Payment failed,
PAY-INV-3939,INV-3939,16197.84,2025-11-21,Failed,Bank rejection,
PAY-INV-3940,INV-3940,5060.41,2025-11-21,Failed,Approval delay,
PAY-INV-3941,INV-3941,22295.62,2025-11-21,Failed,Approval delay,
PAY-INV-3942,INV-3942,15047.14,2025-11-21,Failed,Payment failed,
PAY-INV-3943,INV-3943,25537.24,2025-11-21,Failed,Approval delay,
PAY-INV-3944,INV-3944,7003.29,2025-11-21,Failed,Bank rejection,
PAY-INV-3945,INV-3945,12628.14,2025-11-21,Failed,Bank rejection,
PAY-INV-3946,INV-3946,28324.73,2025-11-21,Failed,Payment failed,
PAY-INV-3947,INV-3947,6832.64,2025-11-21,Failed,Payment failed,
PAY-INV-3948,INV-3948,14955.48,2025-11-21,Failed,Approval delay,
PAY-INV-3949,INV-3949,26253.01,2025-11-21,Failed,Bank rejection,
PAY-INV-3950,INV-3950,6719.88,2025-11-21,Failed,Bank rejection,
PAY-INV-3951,INV-3951,10041.23,2025-11-21,Failed,Approval delay,
PAY-INV-3952,INV-3952,19600.54,2025-11-21,Paid,,acct_mgr5
PAY-INV-3953,INV-3953,18949.67,2025-11-21,Failed,Payment failed,
PAY-INV-3954,INV-3954,10207.29,2025-11-21,Failed,Payment failed,
PAY-INV-3955,INV-3955,5444.04,2025-11-21,Paid,,acct_mgr5
PAY-INV-3956,INV-3956,2954.33,2025-11-21,Failed,Payment failed,
PAY-INV-3957,INV-3957,15677.42,2025-11-21,Failed,Approval delay,
PAY-INV-3958,INV-3958,4104.01,2025-11-21,Paid,,acct_mgr3
PAY-INV-3959,INV-3959,13157.58,2025-11-21,Failed,Payment failed,
PAY-INV-3960,INV-3960,6567.58,2025-11-21,Failed,Payment failed,
PAY-INV-3961,INV-3961,19433.54,2025-11-21,Failed,Payment failed,
PAY-INV-3962,INV-3962,5714.24,2025-11-21,Failed,Payment failed,
PAY-INV-3963,INV-3963,11671.22,2025-11-21,Failed,Approval delay,
PAY-INV-3964,INV-3964,6426.61,2025-11-21,Failed,Payment failed,
PAY-INV-3965,INV-3965,12478.07,2025-11-21,Failed,Bank rejection,
PAY-INV-3966,INV-3966,19340.92,2025-11-21,Failed,Payment failed,
PAY-INV-3967,INV-3967,18294.17,2025-11-21,Failed,Payment failed,
PAY-INV-3968,INV-3968,21631.32,2025-11-21,Failed,Approval delay,
PAY-INV-3969,INV-3969,14124.2,2025-11-21,Failed,Approval delay,
PAY-INV-3970,INV-3970,8062.09,2025-11-21,Failed,Bank rejection,
PAY-INV-3971,INV-3971,12195.0,2025-11-21,Failed,Payment failed,
PAY-INV-3972,INV-3972,13922.03,2025-11-21,Failed,Payment failed,
PAY-INV-3973,INV-3973,14794.58,2025-11-21,Failed,Approval delay,
PAY-INV-3974,INV-3974,22949.74,2025-11-21,Failed,Bank rejection,
PAY-INV-3975,INV-3975,6307.32,2025-11-21,Paid,,acct_mgr2
PAY-INV-3976,INV-3976,23304.4,2025-11-21,Failed,Payment failed,
PAY-INV-3977,INV-3977,6381.44,2025-11-21,Failed,Bank rejection,
PAY-INV-3978,INV-3978,14364.28,2025-11-21,Failed,Bank rejection,
PAY-INV-3979,INV-3979,14521.06,2025-11-21,Failed,Approval delay,
PAY-INV-3980,INV-3980,7863.04,2025-11-21,Failed,Approval delay,
PAY-INV-3981,INV-3981,12674.59,2025-11-21,Failed,Approval delay,
PAY-INV-3982,INV-3982,8827.11,2025-11-21,Paid,,acct_mgr2
PAY-INV-3983,INV-3983,32212.26,2025-11-21,Failed,Bank rejection,
PAY-INV-3984,INV-3984,27559.06,2025-11-21,Failed,Approval delay,
PAY-INV-3985,INV-3985,17906.24,2025-11-21,Failed,Bank rejection,
PAY-INV-3986,INV-3986,27612.8,2025-11-21,Failed,Approval delay,
PAY-INV-3987,INV-3987,8225.87,2025-11-21,Failed,Bank rejection,
PAY-INV-3988,INV-3988,21479.07,2025-11-21,Failed,Payment failed,
PAY-INV-3989,INV-3989,7956.01,2025-11-21,Failed,Payment failed,
PAY-INV-3990,INV-3990,23115.3,2025-11-21,Failed,Bank rejection,
PAY-INV-3991,INV-3991,17366.44,2025-11-21,Failed,Payment failed,
PAY-INV-3992,INV-3992,19446.08,2025-11-21,Failed,Payment failed,
PAY-INV-3993,INV-3993,33956.71,2025-11-21,Failed,Payment failed,
PAY-INV-3994,INV-3994,6881.9,2025-11-21,Failed,Bank rejection,
PAY-INV-3995,INV-3995,8096.79,2025-11-21,Failed,Bank rejection,
PAY-INV-3996,INV-3996,21563.42,2025-11-21,Failed,Payment failed,
PAY-INV-3997,INV-3997,6622.92,2025-11-21,Failed,Bank rejection,
PAY-INV-3998,INV-3998,6946.8,2025-11-21,Paid,,acct_mgr4
PAY-INV-3999,INV-3999,5219.47,2025-11-21,Failed,Payment failed,
PAY-INV-4000,INV-4000,9340.21,2025-11-21,Failed,Bank rejection,
