po_number,product_name,uom,quantity,unit_price,line_amount
PO-2001,Product 3,Litre,14,100.0,1400.0
PO-2001,Product 73,Kg,11,100.0,1100.0
PO-2001,Product 88,Piece,26,100.0,2600.0
PO-2001,Product 38,Pack,36,100.0,3600.0
PO-2001,Product 107,Pack,39,134.99,5264.61
PO-2001,Product 30,Piece,47,100.0,4700.0
PO-2001,Product 68,Pack,21,100.0,2100.0
PO-2001,Product 65,Pack,34,183.22,6229.48
PO-2002,Product 106,Piece,50,100.0,5000.0
PO-2002,Product 46,Piece,38,100.0,3800.0
PO-2003,Product 85,Piece,48,100.0,4800.0
PO-2003,Product 110,Kg,14,100.0,1400.0
PO-2003,Product 111,Pack,19,100.0,1900.0
PO-2003,Product 116,Litre,27,100.0,2700.0
PO-2003,Product 108,Pack,6,100.0,600.0
PO-2003,Product 77,Litre,41,100.0,4100.0
PO-2003,Product 62,Pack,28,100.0,2800.0
PO-2003,Product 15,Litre,10,100.0,1000.0
PO-2004,Product 118,Kg,22,100.0,2200.0
PO-2004,Product 49,Pack,38,100.0,3800.0
PO-2004,Product 82,Litre,21,100.0,2100.0
PO-2005,Product 45,Piece,17,100.0,1700.0
PO-2005,Product 114,Kg,42,100.0,4200.0
PO-2005,Product 43,Litre,44,51.66,2273.04
PO-2005,Product 51,Kg,32,100.0,3200.0
PO-2005,Product 76,Pack,41,100.0,4100.0
PO-2005,Product 54,Piece,23,100.0,2300.0
PO-2005,Product 36,Kg,5,100.0,500.0
PO-2006,Product 119,Piece,44,100.0,4400.0
PO-2006,Product 88,Kg,24,141.48,3395.52
PO-2006,Product 19,Pack,23,100.0,2300.0
PO-2006,Product 60,Kg,23,100.0,2300.0
PO-2006,Product 20,Pack,34,48.58,1651.72
PO-2007,Product 28,Kg,8,100.0,800.0
PO-2007,Product 37,Pack,24,100.0,2400.0
PO-2008,Product 56,Kg,8,100.0,800.0
PO-2008,Product 46,Pack,13,115.37,1499.81
PO-2009,Product 113,Litre,10,109.83,1098.3
PO-2009,Product 37,Piece,14,100.0,1400.0
PO-2009,Product 101,Litre,32,109.32,3498.24
PO-2009,Product 110,Kg,23,100.0,2300.0
PO-2010,Product 5,Piece,20,100.0,2000.0
PO-2010,Product 61,Pack,32,100.0,3200.0
PO-2010,Product 120,Pack,11,100.0,1100.0
PO-2011,Product 118,Litre,41,100.0,4100.0
PO-2011,Product 39,Pack,48,100.0,4800.0
PO-2011,Product 77,Piece,42,100.0,4200.0
PO-2011,Product 40,Litre,48,100.0,4800.0
PO-2012,Product 26,Piece,41,100.0,4100.0
PO-2012,Product 33,Pack,39,133.71,5214.69
PO-2012,Product 18,Kg,29,100.97,2928.13
PO-2012,Product 54,Litre,11,30.81,338.91
PO-2012,Product 71,Litre,38,100.0,3800.0
PO-2012,Product 39,Pack,49,130.46,6392.54
PO-2012,Product 40,Piece,37,100.0,3700.0
PO-2012,Product 11,Piece,34,100.0,3400.0
PO-2013,Product 55,Pack,6,100.0,600.0
PO-2013,Product 60,Kg,31,153.88,4770.28
PO-2013,Product 54,Kg,13,100.0,1300.0
PO-2013,Product 53,Piece,20,100.0,2000.0
PO-2014,Product 66,Piece,8,100.0,800.0
PO-2014,Product 48,Piece,13,30.55,397.15
PO-2014,Product 17,Piece,47,89.91,4225.77
PO-2014,Product 80,Kg,34,100.0,3400.0
PO-2014,Product 70,Pack,8,100.0,800.0
PO-2014,Product 116,Kg,8,100.0,800.0
PO-2015,Product 107,Kg,23,100.0,2300.0
PO-2015,Product 84,Pack,49,100.0,4900.0
PO-2015,Product 14,Kg,8,21.71,173.68
PO-2015,Product 43,Kg,42,100.0,4200.0
PO-2016,Product 66,Litre,40,100.0,4000.0
PO-2016,Product 95,Pack,13,100.0,1300.0
PO-2016,Product 92,Piece,48,194.53,9337.44
PO-2016,Product 7,Litre,24,100.0,2400.0
PO-2016,Product 90,Piece,5,100.0,500.0
PO-2016,Product 27,Pack,44,177.37,7804.28
PO-2016,Product 67,Litre,12,100.0,1200.0
PO-2017,Product 1,Kg,38,102.25,3885.5
PO-2017,Product 20,Kg,20,100.0,2000.0
PO-2018,Product 14,Pack,30,100.0,3000.0
PO-2018,Product 61,Piece,12,57.25,687.0
PO-2018,Product 4,Piece,30,100.0,3000.0
PO-2019,Product 24,Kg,44,195.05,8582.2
PO-2019,Product 105,Pack,47,100.0,4700.0
PO-2019,Product 31,Pack,32,194.73,6231.36
PO-2019,Product 108,Litre,45,100.0,4500.0
PO-2019,Product 109,Pack,16,26.98,431.68
PO-2020,Product 105,Litre,15,100.0,1500.0
PO-2020,Product 96,Litre,35,100.0,3500.0
PO-2020,Product 85,Pack,23,100.0,2300.0
PO-2021,Product 86,Piece,47,100.0,4700.0
PO-2021,Product 13,Piece,30,100.0,3000.0
PO-2021,Product 76,Pack,49,100.0,4900.0
PO-2021,Product 64,Piece,34,116.43,3958.62
PO-2022,Product 105,Pack,12,28.76,345.12
PO-2022,Product 55,Litre,5,111.04,555.2
PO-2022,Product 19,Piece,7,100.0,700.0
PO-2022,Product 4,Kg,7,96.48,675.36
PO-2022,Product 37,Piece,13,100.0,1300.0
PO-2023,Product 113,Kg,27,83.8,2262.6
PO-2023,Product 93,Pack,27,97.03,2619.81
PO-2023,Product 59,Pack,37,177.18,6555.66
PO-2023,Product 36,Pack,16,53.67,858.72
PO-2023,Product 2,Piece,27,134.64,3635.28
PO-2024,Product 93,Litre,22,100.0,2200.0
PO-2024,Product 73,Piece,30,100.0,3000.0
PO-2024,Product 44,Kg,46,100.0,4600.0
PO-2024,Product 59,Pack,29,100.0,2900.0
PO-2024,Product 92,Piece,43,150.7,6480.1
PO-2024,Product 110,Pack,41,106.1,4350.1
PO-2024,Product 101,Litre,13,164.03,2132.39
PO-2025,Product 42,Litre,7,78.88,552.16
PO-2025,Product 76,Kg,15,100.0,1500.0
PO-2025,Product 75,Litre,11,100.0,1100.0
PO-2025,Product 45,Kg,36,100.0,3600.0
PO-2025,Product 80,Pack,25,100.0,2500.0
PO-2025,Product 107,Litre,20,100.0,2000.0
PO-2025,Product 52,Kg,16,100.0,1600.0
PO-2026,Product 115,Piece,12,100.0,1200.0
PO-2026,Product 50,Kg,9,100.0,900.0
PO-2026,Product 97,Pack,28,100.0,2800.0
PO-2026,Product 54,Kg,16,100.0,1600.0
PO-2026,Product 119,Piece,11,100.0,1100.0
PO-2026,Product 9,Pack,29,105.28,3053.12
PO-2026,Product 8,Litre,45,100.0,4500.0
PO-2027,Product 72,Piece,19,100.0,1900.0
PO-2027,Product 26,Litre,15,100.0,1500.0
PO-2027,Product 33,Litre,38,62.54,2376.52
PO-2027,Product 63,Litre,10,100.0,1000.0
PO-2027,Product 57,Kg,45,100.0,4500.0
PO-2027,Product 87,Kg,18,100.0,1800.0
PO-2028,Product 104,Kg,28,36.52,1022.56
PO-2028,Product 18,Pack,41,100.0,4100.0
PO-2029,Product 111,Pack,17,100.0,1700.0
PO-2029,Product 10,Litre,41,51.7,2119.7
PO-2029,Product 44,Pack,37,100.0,3700.0
PO-2029,Product 24,Piece,27,100.0,2700.0
PO-2029,Product 88,Pack,9,115.3,1037.7
PO-2029,Product 94,Pack,32,100.0,3200.0
PO-2030,Product 49,Piece,11,100.0,1100.0
PO-2030,Product 112,Kg,36,100.0,3600.0
PO-2030,Product 10,Litre,8,100.0,800.0
PO-2030,Product 73,Piece,6,100.0,600.0
PO-2030,Product 11,Litre,23,100.0,2300.0
PO-2030,Product 17,Piece,29,159.08,4613.32
PO-2030,Product 101,Piece,9,100.0,900.0
PO-2031,Product 112,Piece,30,100.0,3000.0
PO-2031,Product 21,Kg,39,100.0,3900.0
PO-2031,Product 37,Kg,42,183.25,7696.5
PO-2031,Product 10,Pack,21,150.35,3157.35
PO-2031,Product 69,Kg,7,100.0,700.0
PO-2031,Product 74,Piece,31,100.0,3100.0
PO-2031,Product 31,Litre,17,107.88,1833.96
PO-2031,Product 110,Kg,8,35.11,280.88
PO-2032,Product 27,Pack,47,157.15,7386.05
PO-2032,Product 71,Kg,20,100.0,2000.0
PO-2032,Product 105,Pack,9,100.0,900.0
PO-2033,Product 73,Piece,9,100.0,900.0
PO-2033,Product 116,Pack,43,100.0,4300.0
PO-2033,Product 79,Kg,40,100.0,4000.0
PO-2033,Product 90,Pack,13,100.0,1300.0
PO-2033,Product 107,Piece,7,100.0,700.0
PO-2033,Product 98,Kg,7,100.0,700.0
PO-2033,Product 104,Pack,37,100.0,3700.0
PO-2033,Product 5,Litre,46,100.0,4600.0
PO-2034,Product 56,Litre,6,100.0,600.0
PO-2034,Product 62,Kg,6,100.0,600.0
PO-2034,Product 39,Litre,39,100.0,3900.0
PO-2034,Product 101,Pack,48,100.0,4800.0
PO-2035,Product 95,Pack,49,100.0,4900.0
PO-2035,Product 3,Litre,32,100.0,3200.0
PO-2035,Product 71,Pack,40,100.0,4000.0
PO-2035,Product 62,Litre,12,74.74,896.88
PO-2035,Product 7,Pack,12,100.0,1200.0
PO-2035,Product 50,Piece,27,100.0,2700.0
PO-2035,Product 99,Piece,26,172.27,4479.02
PO-2036,Product 118,Kg,19,100.0,1900.0
PO-2036,Product 8,Pack,39,138.13,5387.07
PO-2036,Product 31,Pack,5,87.38,436.9
PO-2036,Product 30,Piece,8,187.24,1497.92
PO-2036,Product 12,Kg,8,130.8,1046.4
PO-2037,Product 57,Piece,25,150.81,3770.25
PO-2037,Product 24,Pack,43,174.14,7488.02
PO-2037,Product 37,Litre,23,100.0,2300.0
PO-2038,Product 78,Kg,47,100.0,4700.0
PO-2038,Product 51,Kg,9,105.72,951.48
PO-2038,Product 62,Piece,39,100.0,3900.0
PO-2039,Product 64,Litre,19,172.48,3277.12
PO-2039,Product 91,Pack,50,100.0,5000.0
PO-2039,Product 95,Piece,28,100.0,2800.0
PO-2040,Product 71,Pack,49,199.86,9793.14
PO-2040,Product 38,Kg,8,100.0,800.0
PO-2040,Product 112,Piece,31,100.0,3100.0
PO-2040,Product 84,Litre,22,94.37,2076.14
PO-2040,Product 32,Litre,18,136.36,2454.48
PO-2040,Product 68,Litre,38,100.0,3800.0
PO-2040,Product 115,Litre,24,100.0,2400.0
PO-2040,Product 35,Piece,12,137.55,1650.6
PO-2041,Product 93,Kg,20,100.0,2000.0
PO-2041,Product 105,Pack,46,100.0,4600.0
PO-2041,Product 101,Pack,12,100.0,1200.0
PO-2041,Product 19,Kg,36,57.3,2062.8
PO-2042,Product 5,Kg,22,100.0,2200.0
PO-2042,Product 35,Kg,36,186.77,6723.72
PO-2042,Product 36,Kg,29,100.0,2900.0
PO-2042,Product 76,Pack,33,100.0,3300.0
PO-2042,Product 50,Kg,19,100.0,1900.0
PO-2042,Product 39,Litre,29,100.0,2900.0
PO-2042,Product 106,Litre,47,100.0,4700.0
PO-2042,Product 11,Pack,39,100.0,3900.0
PO-2043,Product 85,Kg,39,100.0,3900.0
PO-2043,Product 40,Piece,6,100.0,600.0
PO-2044,Product 97,Piece,42,100.0,4200.0
PO-2044,Product 115,Litre,6,100.0,600.0
PO-2044,Product 44,Piece,44,100.0,4400.0
PO-2044,Product 119,Pack,32,100.0,3200.0
PO-2044,Product 107,Kg,11,100.0,1100.0
PO-2044,Product 117,Piece,48,125.78,6037.44
PO-2045,Product 110,Litre,15,133.08,1996.2
PO-2045,Product 69,Pack,34,100.0,3400.0
PO-2045,Product 60,Litre,13,100.0,1300.0
PO-2045,Product 55,Kg,22,100.0,2200.0
PO-2046,Product 88,Kg,7,43.72,306.04
PO-2046,Product 36,Piece,28,112.38,3146.64
PO-2046,Product 11,Piece,47,100.0,4700.0
PO-2046,Product 32,Piece,46,88.56,4073.76
PO-2046,Product 99,Kg,12,100.0,1200.0
PO-2046,Product 70,Litre,41,125.99,5165.59
PO-2046,Product 38,Piece,21,100.0,2100.0
PO-2046,Product 44,Litre,33,100.0,3300.0
PO-2047,Product 3,Piece,35,100.0,3500.0
PO-2047,Product 57,Litre,31,100.0,3100.0
PO-2047,Product 2,Kg,42,100.0,4200.0
PO-2047,Product 60,Kg,22,100.0,2200.0
PO-2047,Product 5,Piece,9,100.0,900.0
PO-2048,Product 24,Piece,36,100.0,3600.0
PO-2048,Product 34,Litre,19,100.0,1900.0
PO-2048,Product 99,Litre,14,100.0,1400.0
PO-2048,Product 101,Litre,19,178.79,3397.01
PO-2048,Product 36,Litre,46,99.43,4573.78
PO-2049,Product 24,Pack,42,100.0,4200.0
PO-2049,Product 88,Piece,7,100.0,700.0
PO-2050,Product 92,Piece,39,49.28,1921.92
PO-2050,Product 30,Piece,43,123.92,5328.56
PO-2050,Product 8,Litre,27,100.0,2700.0
PO-2050,Product 34,Kg,9,142.45,1282.05
PO-2050,Product 33,Pack,12,100.0,1200.0
PO-2050,Product 3,Kg,20,100.0,2000.0
PO-2051,Product 42,Pack,9,100.0,900.0
PO-2051,Product 74,Pack,23,100.0,2300.0
PO-2051,Product 48,Litre,6,100.0,600.0
PO-2052,Product 78,Pack,46,100.0,4600.0
PO-2052,Product 101,Piece,35,100.0,3500.0
PO-2052,Product 47,Piece,44,100.0,4400.0
PO-2052,Product 43,Litre,15,134.73,2020.95
PO-2053,Product 6,Litre,11,193.23,2125.53
PO-2053,Product 38,Litre,25,100.0,2500.0
PO-2053,Product 120,Piece,18,100.0,1800.0
PO-2053,Product 20,Pack,42,100.0,4200.0
PO-2054,Product 85,Piece,29,41.38,1200.02
PO-2054,Product 93,Kg,9,100.0,900.0
PO-2055,Product 73,Pack,39,100.0,3900.0
PO-2055,Product 65,Kg,38,100.0,3800.0
PO-2055,Product 74,Kg,43,72.77,3129.11
PO-2056,Product 85,Kg,17,171.52,2915.84
PO-2056,Product 68,Piece,20,100.0,2000.0
PO-2056,Product 67,Piece,20,100.0,2000.0
PO-2056,Product 57,Pack,19,100.16,1903.04
PO-2056,Product 41,Kg,25,74.84,1871.0
PO-2057,Product 15,Piece,10,100.0,1000.0
PO-2057,Product 89,Kg,40,104.25,4170.0
PO-2057,Product 31,Kg,28,100.0,2800.0
PO-2057,Product 57,Piece,43,28.84,1240.12
PO-2057,Product 94,Litre,33,129.07,4259.31
PO-2057,Product 113,Litre,19,115.7,2198.3
PO-2057,Product 53,Litre,39,100.0,3900.0
PO-2058,Product 100,Litre,43,100.0,4300.0
PO-2058,Product 117,Piece,23,100.0,2300.0
PO-2058,Product 53,Piece,25,100.0,2500.0
PO-2059,Product 11,Pack,37,100.0,3700.0
PO-2059,Product 53,Litre,41,100.0,4100.0
PO-2060,Product 81,Litre,34,100.0,3400.0
PO-2060,Product 113,Litre,15,150.51,2257.65
PO-2060,Product 99,Litre,31,21.28,659.68
PO-2060,Product 26,Piece,40,100.0,4000.0
PO-2060,Product 116,Pack,11,100.0,1100.0
PO-2061,Product 112,Pack,6,100.0,600.0
PO-2061,Product 5,Litre,9,100.0,900.0
PO-2061,Product 107,Litre,37,100.0,3700.0
PO-2062,Product 68,Litre,50,100.0,5000.0
PO-2062,Product 118,Piece,12,100.0,1200.0
PO-2062,Product 50,Pack,26,131.55,3420.3
PO-2062,Product 116,Pack,7,191.75,1342.25
PO-2062,Product 55,Kg,27,100.0,2700.0
PO-2062,Product 46,Pack,31,100.0,3100.0
PO-2062,Product 17,Piece,32,159.08,5090.56
PO-2062,Product 52,Piece,35,100.0,3500.0
PO-2063,Product 18,Piece,14,114.16,1598.24
PO-2063,Product 94,Kg,42,100.0,4200.0
PO-2063,Product 24,Piece,48,100.0,4800.0
PO-2063,Product 93,Pack,29,100.0,2900.0
PO-2063,Product 99,Piece,33,100.0,3300.0
PO-2063,Product 76,Piece,37,82.61,3056.57
PO-2063,Product 118,Piece,11,100.0,1100.0
PO-2064,Product 39,Kg,41,100.0,4100.0
PO-2064,Product 64,Kg,23,139.02,3197.46
PO-2064,Product 44,Kg,29,126.28,3662.12
PO-2065,Product 97,Litre,32,153.2,4902.4
PO-2065,Product 23,Piece,41,100.0,4100.0
PO-2065,Product 19,Piece,11,139.34,1532.74
PO-2065,Product 6,Pack,23,96.24,2213.52
PO-2066,Product 16,Pack,33,100.0,3300.0
PO-2066,Product 37,Litre,15,100.0,1500.0
PO-2066,Product 36,Piece,21,100.0,2100.0
PO-2067,Product 97,Litre,11,100.0,1100.0
PO-2067,Product 14,Litre,40,25.78,1031.2
PO-2067,Product 119,Kg,6,181.11,1086.66
PO-2067,Product 30,Kg,39,100.0,3900.0
PO-2067,Product 86,Pack,5,112.68,563.4
PO-2067,Product 36,Pack,6,100.0,600.0
PO-2068,Product 27,Pack,38,100.0,3800.0
PO-2068,Product 37,Pack,34,68.57,2331.38
PO-2068,Product 74,Piece,12,100.0,1200.0
PO-2068,Product 55,Kg,33,100.0,3300.0
PO-2069,Product 64,Piece,47,100.0,4700.0
PO-2069,Product 34,Piece,27,121.56,3282.12
PO-2069,Product 12,Pack,19,34.11,648.09
PO-2069,Product 111,Kg,25,161.58,4039.5
PO-2069,Product 18,Litre,37,100.0,3700.0
PO-2070,Product 36,Kg,50,100.0,5000.0
PO-2070,Product 59,Piece,7,100.0,700.0
PO-2070,Product 81,Kg,11,198.4,2182.4
PO-2070,Product 95,Piece,17,100.0,1700.0
PO-2071,Product 72,Litre,13,100.0,1300.0
PO-2071,Product 85,Pack,19,100.0,1900.0
PO-2071,Product 108,Litre,21,100.0,2100.0
PO-2071,Product 113,Pack,14,63.07,882.98
PO-2071,Product 81,Pack,16,100.0,1600.0
PO-2071,Product 5,Pack,23,100.0,2300.0
PO-2071,Product 82,Litre,17,100.0,1700.0
PO-2071,Product 2,Kg,38,100.0,3800.0
PO-2072,Product 93,Litre,50,100.0,5000.0
PO-2072,Product 96,Litre,7,100.0,700.0
PO-2072,Product 28,Pack,49,100.0,4900.0
PO-2072,Product 1,Kg,44,158.33,6966.52
PO-2072,Product 56,Pack,45,100.0,4500.0
PO-2072,Product 9,Litre,45,100.0,4500.0
PO-2072,Product 63,Piece,35,100.0,3500.0
PO-2072,Product 72,Litre,24,100.0,2400.0
PO-2073,Product 30,Piece,39,100.0,3900.0
PO-2073,Product 113,Pack,23,100.0,2300.0
PO-2073,Product 38,Kg,19,100.0,1900.0
PO-2073,Product 86,Kg,23,100.0,2300.0
PO-2073,Product 63,Pack,33,100.0,3300.0
PO-2073,Product 102,Piece,20,100.0,2000.0
PO-2073,Product 81,Piece,12,79.6,955.2
PO-2073,Product 51,Litre,34,100.0,3400.0
PO-2074,Product 85,Pack,50,100.0,5000.0
PO-2074,Product 15,Kg,35,175.46,6141.1
PO-2074,Product 45,Pack,43,100.0,4300.0
PO-2074,Product 90,Kg,48,194.39,9330.72
PO-2075,Product 4,Kg,31,52.36,1623.16
PO-2075,Product 38,Kg,40,100.0,4000.0
PO-2075,Product 35,Piece,21,100.0,2100.0
PO-2076,Product 41,Kg,8,62.68,501.44
PO-2076,Product 53,Piece,36,100.0,3600.0
PO-2076,Product 51,Litre,26,100.0,2600.0
PO-2076,Product 104,Kg,24,100.0,2400.0
PO-2076,Product 57,Piece,31,146.08,4528.48
PO-2076,Product 55,Kg,41,85.31,3497.71
PO-2076,Product 52,Litre,39,100.0,3900.0
PO-2077,Product 100,Piece,13,100.0,1300.0
PO-2077,Product 81,Kg,6,100.0,600.0
PO-2077,Product 15,Kg,10,35.5,355.0
PO-2078,Product 91,Kg,38,100.0,3800.0
PO-2078,Product 43,Litre,28,100.0,2800.0
PO-2078,Product 117,Litre,15,100.0,1500.0
PO-2078,Product 46,Piece,50,144.82,7241.0
PO-2078,Product 99,Litre,23,100.0,2300.0
PO-2078,Product 71,Kg,28,139.28,3899.84
PO-2078,Product 9,Litre,31,150.61,4668.91
PO-2078,Product 84,Litre,40,100.0,4000.0
PO-2079,Product 32,Kg,37,100.0,3700.0
PO-2079,Product 2,Pack,36,100.0,3600.0
PO-2079,Product 5,Pack,15,164.66,2469.9
PO-2079,Product 109,Piece,24,100.0,2400.0
PO-2079,Product 3,Kg,19,100.0,1900.0
PO-2079,Product 97,Litre,7,100.0,700.0
PO-2079,Product 68,Piece,12,100.0,1200.0
PO-2080,Product 101,Piece,10,100.0,1000.0
PO-2080,Product 49,Kg,9,100.0,900.0
PO-2080,Product 84,Litre,6,33.88,203.28
PO-2080,Product 52,Kg,39,100.0,3900.0
PO-2080,Product 17,Litre,11,100.0,1100.0
PO-2080,Product 105,Pack,17,100.0,1700.0
PO-2080,Product 95,Litre,25,136.51,3412.75
PO-2080,Product 113,Pack,37,179.69,6648.53
PO-2081,Product 3,Pack,29,100.0,2900.0
PO-2081,Product 39,Kg,32,64.14,2052.48
PO-2081,Product 36,Kg,19,100.0,1900.0
PO-2081,Product 59,Pack,40,100.0,4000.0
PO-2081,Product 26,Kg,35,45.58,1595.3
PO-2081,Product 13,Piece,49,100.0,4900.0
PO-2081,Product 34,Litre,29,100.0,2900.0
PO-2082,Product 64,Pack,28,100.0,2800.0
PO-2082,Product 94,Kg,33,100.0,3300.0
PO-2083,Product 74,Litre,33,100.0,3300.0
PO-2083,Product 4,Piece,35,100.0,3500.0
PO-2083,Product 51,Kg,46,100.0,4600.0
PO-2084,Product 43,Kg,11,100.0,1100.0
PO-2084,Product 19,Litre,18,100.0,1800.0
PO-2084,Product 104,Pack,42,100.0,4200.0
PO-2084,Product 81,Litre,10,100.0,1000.0
PO-2085,Product 52,Piece,38,62.39,2370.82
PO-2085,Product 79,Litre,8,100.0,800.0
PO-2085,Product 108,Pack,21,100.0,2100.0
PO-2086,Product 40,Kg,25,100.0,2500.0
PO-2086,Product 95,Pack,5,100.0,500.0
PO-2086,Product 44,Piece,49,100.0,4900.0
PO-2086,Product 107,Litre,40,100.0,4000.0
PO-2086,Product 20,Pack,39,100.0,3900.0
PO-2087,Product 41,Pack,37,100.0,3700.0
PO-2087,Product 84,Kg,11,100.0,1100.0
PO-2087,Product 31,Piece,49,110.43,5411.07
PO-2087,Product 42,Kg,29,100.0,2900.0
PO-2087,Product 60,Kg,5,116.89,584.45
PO-2088,Product 67,Litre,17,100.0,1700.0
PO-2088,Product 96,Pack,12,100.0,1200.0
PO-2088,Product 16,Kg,32,100.0,3200.0
PO-2089,Product 22,Litre,40,116.56,4662.4
PO-2089,Product 81,Pack,30,100.0,3000.0
PO-2089,Product 103,Piece,23,191.45,4403.35
PO-2089,Product 68,Kg,32,100.0,3200.0
PO-2089,Product 63,Piece,48,100.0,4800.0
PO-2090,Product 67,Piece,41,100.0,4100.0
PO-2090,Product 42,Litre,14,100.0,1400.0
PO-2090,Product 79,Pack,38,189.68,7207.84
PO-2090,Product 114,Litre,44,100.0,4400.0
PO-2091,Product 48,Piece,13,100.0,1300.0
PO-2091,Product 67,Litre,38,100.0,3800.0
PO-2091,Product 78,Litre,5,104.87,524.35
PO-2091,Product 33,Pack,31,125.72,3897.32
PO-2091,Product 61,Litre,14,100.0,1400.0
PO-2091,Product 60,Pack,9,100.0,900.0
PO-2091,Product 27,Kg,24,100.0,2400.0
PO-2092,Product 25,Litre,8,179.01,1432.08
PO-2092,Product 26,Litre,43,113.71,4889.53
PO-2092,Product 89,Litre,9,100.0,900.0
PO-2092,Product 13,Piece,45,100.0,4500.0
PO-2092,Product 69,Litre,27,100.0,2700.0
PO-2092,Product 59,Kg,17,100.0,1700.0
PO-2092,Product 43,Kg,23,154.44,3552.12
PO-2093,Product 117,Pack,21,100.0,2100.0
PO-2093,Product 112,Litre,9,100.0,900.0
PO-2093,Product 55,Kg,11,70.54,775.94
PO-2093,Product 75,Litre,22,100.0,2200.0
PO-2093,Product 94,Litre,21,100.0,2100.0
PO-2093,Product 40,Kg,13,100.0,1300.0
PO-2093,Product 48,Kg,26,156.52,4069.52
PO-2093,Product 80,Piece,44,100.0,4400.0
PO-2094,Product 117,Litre,10,100.0,1000.0
PO-2094,Product 61,Litre,14,100.0,1400.0
PO-2094,Product 27,Litre,35,100.0,3500.0
PO-2094,Product 22,Kg,25,100.0,2500.0
PO-2094,Product 1,Kg,8,72.23,577.84
PO-2094,Product 101,Litre,37,100.0,3700.0
PO-2094,Product 30,Pack,32,100.0,3200.0
PO-2095,Product 61,Pack,29,100.0,2900.0
PO-2095,Product 42,Pack,50,100.0,5000.0
PO-2095,Product 39,Pack,27,100.0,2700.0
PO-2095,Product 65,Piece,38,100.0,3800.0
PO-2095,Product 98,Piece,38,100.0,3800.0
PO-2095,Product 16,Pack,43,111.08,4776.44
PO-2095,Product 31,Litre,15,100.0,1500.0
PO-2096,Product 107,Pack,36,100.0,3600.0
PO-2096,Product 36,Kg,48,190.68,9152.64
PO-2096,Product 92,Kg,40,100.0,4000.0
PO-2096,Product 19,Pack,46,100.0,4600.0
PO-2096,Product 108,Piece,16,100.0,1600.0
PO-2096,Product 56,Kg,28,100.0,2800.0
PO-2096,Product 72,Litre,47,194.89,9159.83
PO-2097,Product 94,Litre,29,100.0,2900.0
PO-2097,Product 55,Kg,16,69.3,1108.8
PO-2097,Product 28,Kg,17,127.33,2164.61
PO-2097,Product 79,Pack,28,100.0,2800.0
PO-2098,Product 25,Piece,21,100.0,2100.0
PO-2098,Product 1,Kg,43,100.0,4300.0
PO-2098,Product 76,Piece,7,100.0,700.0
PO-2098,Product 40,Litre,46,141.99,6531.54
PO-2098,Product 43,Pack,30,100.0,3000.0
PO-2098,Product 13,Kg,49,100.0,4900.0
PO-2099,Product 33,Pack,43,100.0,4300.0
PO-2099,Product 36,Pack,36,100.0,3600.0
PO-2099,Product 81,Litre,35,100.0,3500.0
PO-2099,Product 8,Kg,7,100.0,700.0
PO-2099,Product 74,Piece,6,100.0,600.0
PO-2099,Product 106,Litre,50,100.0,5000.0
PO-2099,Product 4,Litre,13,100.0,1300.0
PO-2100,Product 54,Kg,8,100.0,800.0
PO-2100,Product 107,Pack,45,100.0,4500.0
PO-2101,Product 8,Kg,26,100.0,2600.0
PO-2101,Product 41,Piece,50,100.0,5000.0
PO-2101,Product 13,Litre,42,100.0,4200.0
PO-2101,Product 110,Piece,38,100.0,3800.0
PO-2101,Product 70,Kg,47,100.0,4700.0
PO-2101,Product 36,Pack,31,100.0,3100.0
PO-2101,Product 25,Kg,9,100.0,900.0
PO-2102,Product 106,Piece,22,27.9,613.8
PO-2102,Product 98,Kg,16,100.0,1600.0
PO-2102,Product 65,Pack,7,100.0,700.0
PO-2103,Product 78,Kg,16,32.5,520.0
PO-2103,Product 26,Kg,24,39.94,958.56
PO-2103,Product 89,Piece,40,100.0,4000.0
PO-2103,Product 65,Piece,12,100.0,1200.0
PO-2104,Product 60,Kg,41,100.0,4100.0
PO-2104,Product 73,Pack,10,197.09,1970.9
PO-2104,Product 108,Kg,10,100.0,1000.0
PO-2104,Product 90,Litre,10,100.0,1000.0
PO-2105,Product 41,Kg,15,100.0,1500.0
PO-2105,Product 76,Kg,18,100.0,1800.0
PO-2105,Product 81,Piece,34,100.0,3400.0
PO-2106,Product 113,Pack,24,63.07,1513.68
PO-2106,Product 93,Litre,13,100.0,1300.0
PO-2107,Product 7,Litre,22,100.0,2200.0
PO-2107,Product 49,Litre,41,100.0,4100.0
PO-2107,Product 91,Piece,31,100.0,3100.0
PO-2107,Product 37,Litre,17,100.0,1700.0
PO-2108,Product 114,Piece,49,100.0,4900.0
PO-2108,Product 26,Pack,21,100.0,2100.0
PO-2108,Product 23,Kg,36,100.0,3600.0
PO-2108,Product 38,Piece,42,100.0,4200.0
PO-2109,Product 45,Pack,45,100.0,4500.0
PO-2109,Product 99,Kg,7,174.21,1219.47
PO-2109,Product 83,Pack,14,100.0,1400.0
PO-2109,Product 67,Piece,49,73.75,3613.75
PO-2110,Product 45,Piece,18,100.0,1800.0
PO-2110,Product 83,Piece,49,100.0,4900.0
PO-2110,Product 104,Litre,10,49.68,496.8
PO-2110,Product 88,Litre,21,23.22,487.62
PO-2110,Product 102,Litre,34,100.0,3400.0
PO-2111,Product 5,Litre,35,100.0,3500.0
PO-2111,Product 119,Litre,34,108.06,3674.04
PO-2111,Product 15,Piece,28,182.83,5119.24
PO-2111,Product 67,Pack,47,100.0,4700.0
PO-2112,Product 116,Piece,5,100.0,500.0
PO-2112,Product 5,Litre,31,100.0,3100.0
PO-2112,Product 42,Pack,26,100.0,2600.0
PO-2112,Product 90,Piece,46,100.0,4600.0
PO-2112,Product 14,Kg,16,100.0,1600.0
PO-2112,Product 81,Piece,24,100.0,2400.0
PO-2113,Product 60,Kg,33,100.0,3300.0
PO-2113,Product 70,Pack,42,100.0,4200.0
PO-2113,Product 24,Pack,30,100.0,3000.0
PO-2114,Product 107,Piece,35,100.0,3500.0
PO-2114,Product 32,Pack,24,100.0,2400.0
PO-2114,Product 33,Pack,19,171.58,3260.02
PO-2114,Product 93,Litre,31,174.62,5413.22
PO-2114,Product 48,Pack,22,100.0,2200.0
PO-2115,Product 52,Piece,43,100.0,4300.0
PO-2115,Product 76,Litre,41,100.0,4100.0
PO-2115,Product 4,Litre,13,100.0,1300.0
PO-2115,Product 21,Piece,8,107.57,860.56
PO-2115,Product 66,Kg,24,100.0,2400.0
PO-2115,Product 22,Litre,27,100.0,2700.0
PO-2116,Product 51,Litre,17,100.0,1700.0
PO-2116,Product 22,Litre,24,100.0,2400.0
PO-2116,Product 59,Piece,10,100.0,1000.0
PO-2116,Product 1,Litre,20,100.0,2000.0
PO-2116,Product 85,Litre,32,100.0,3200.0
PO-2117,Product 93,Litre,48,100.0,4800.0
PO-2117,Product 32,Kg,5,124.25,621.25
PO-2118,Product 21,Pack,49,100.0,4900.0
PO-2118,Product 45,Litre,35,100.0,3500.0
PO-2118,Product 13,Pack,34,100.0,3400.0
PO-2118,Product 61,Litre,11,100.0,1100.0
PO-2118,Product 71,Litre,13,178.65,2322.45
PO-2119,Product 98,Piece,23,100.0,2300.0
PO-2119,Product 120,Pack,43,100.0,4300.0
PO-2119,Product 18,Piece,39,84.84,3308.76
PO-2119,Product 52,Kg,27,100.0,2700.0
PO-2120,Product 86,Litre,20,100.0,2000.0
PO-2120,Product 95,Piece,28,100.0,2800.0
PO-2120,Product 76,Piece,37,100.0,3700.0
PO-2120,Product 4,Piece,44,176.53,7767.32
PO-2120,Product 29,Piece,9,80.94,728.46
PO-2121,Product 30,Pack,10,100.0,1000.0
PO-2121,Product 18,Piece,29,100.0,2900.0
PO-2121,Product 64,Litre,32,100.0,3200.0
PO-2121,Product 25,Litre,23,100.0,2300.0
PO-2121,Product 6,Piece,29,100.0,2900.0
PO-2121,Product 28,Pack,7,100.0,700.0
PO-2121,Product 39,Piece,31,100.0,3100.0
PO-2122,Product 21,Pack,34,28.94,983.96
PO-2122,Product 51,Kg,27,100.0,2700.0
PO-2122,Product 88,Kg,46,100.0,4600.0
PO-2123,Product 52,Pack,48,100.0,4800.0
PO-2123,Product 103,Pack,5,100.0,500.0
PO-2123,Product 104,Pack,46,100.0,4600.0
PO-2123,Product 2,Pack,32,100.0,3200.0
PO-2123,Product 21,Piece,24,118.01,2832.24
PO-2123,Product 41,Litre,21,118.63,2491.23
PO-2123,Product 17,Kg,43,57.18,2458.74
PO-2123,Product 74,Kg,37,31.77,1175.49
PO-2124,Product 100,Piece,12,100.0,1200.0
PO-2124,Product 61,Litre,32,100.0,3200.0
PO-2124,Product 92,Piece,48,194.53,9337.44
PO-2124,Product 43,Kg,14,100.0,1400.0
PO-2125,Product 44,Pack,17,45.72,777.24
PO-2125,Product 120,Pack,32,100.0,3200.0
PO-2126,Product 60,Kg,12,100.0,1200.0
PO-2126,Product 37,Pack,34,37.53,1276.02
PO-2127,Product 7,Piece,21,100.0,2100.0
PO-2127,Product 114,Litre,26,109.1,2836.6
PO-2127,Product 77,Piece,6,100.0,600.0
PO-2127,Product 88,Piece,16,100.0,1600.0
PO-2128,Product 46,Piece,24,100.0,2400.0
PO-2128,Product 54,Pack,43,112.68,4845.24
PO-2128,Product 3,Kg,27,100.0,2700.0
PO-2128,Product 58,Kg,39,100.0,3900.0
PO-2129,Product 51,Pack,45,142.3,6403.5
PO-2129,Product 32,Pack,32,100.0,3200.0
PO-2129,Product 23,Piece,27,100.0,2700.0
PO-2129,Product 11,Pack,49,100.0,4900.0
PO-2129,Product 69,Litre,38,100.0,3800.0
PO-2129,Product 13,Kg,7,162.98,1140.86
PO-2129,Product 17,Litre,25,89.11,2227.75
PO-2130,Product 5,Kg,29,100.0,2900.0
PO-2130,Product 19,Kg,26,100.0,2600.0
PO-2130,Product 78,Piece,32,100.0,3200.0
PO-2130,Product 93,Pack,6,100.0,600.0
PO-2131,Product 96,Kg,32,100.0,3200.0
PO-2131,Product 33,Kg,17,100.0,1700.0
PO-2131,Product 93,Piece,24,100.0,2400.0
PO-2132,Product 66,Kg,28,100.0,2800.0
PO-2132,Product 70,Litre,18,44.25,796.5
PO-2132,Product 110,Pack,22,100.0,2200.0
PO-2132,Product 102,Kg,22,113.0,2486.0
PO-2132,Product 32,Kg,43,100.0,4300.0
PO-2132,Product 89,Pack,16,100.0,1600.0
PO-2133,Product 37,Pack,47,100.0,4700.0
PO-2133,Product 35,Litre,22,100.0,2200.0
PO-2133,Product 1,Piece,34,100.0,3400.0
PO-2133,Product 53,Piece,11,100.0,1100.0
PO-2133,Product 27,Litre,19,100.0,1900.0
PO-2133,Product 3,Kg,50,100.0,5000.0
PO-2133,Product 101,Piece,19,100.0,1900.0
PO-2134,Product 79,Pack,42,100.0,4200.0
PO-2134,Product 37,Pack,45,100.0,4500.0
PO-2135,Product 43,Kg,26,100.0,2600.0
PO-2135,Product 70,Litre,25,44.25,1106.25
PO-2135,Product 50,Litre,33,112.95,3727.35
PO-2135,Product 61,Piece,34,167.1,5681.4
PO-2135,Product 120,Pack,18,166.01,2988.18
PO-2135,Product 72,Litre,48,100.0,4800.0
PO-2136,Product 33,Kg,45,100.0,4500.0
PO-2136,Product 52,Pack,40,100.0,4000.0
PO-2136,Product 5,Piece,10,67.0,670.0
PO-2136,Product 85,Litre,38,100.0,3800.0
PO-2136,Product 110,Piece,24,100.0,2400.0
PO-2137,Product 97,Pack,6,100.0,600.0
PO-2137,Product 41,Litre,44,100.0,4400.0
PO-2137,Product 58,Litre,44,100.0,4400.0
PO-2137,Product 87,Pack,41,138.07,5660.87
PO-2138,Product 54,Pack,20,161.44,3228.8
PO-2138,Product 98,Kg,39,28.15,1097.85
PO-2138,Product 3,Litre,29,100.0,2900.0
PO-2138,Product 97,Kg,11,197.5,2172.5
PO-2138,Product 37,Pack,18,100.0,1800.0
PO-2139,Product 15,Pack,15,26.74,401.1
PO-2139,Product 74,Pack,40,123.09,4923.6
PO-2139,Product 38,Pack,27,56.35,1521.45
PO-2140,Product 28,Kg,47,100.0,4700.0
PO-2140,Product 54,Piece,37,100.0,3700.0
PO-2140,Product 116,Pack,19,100.0,1900.0
PO-2140,Product 77,Pack,36,100.0,3600.0
PO-2140,Product 36,Pack,23,106.22,2443.06
PO-2140,Product 41,Pack,15,100.0,1500.0
PO-2140,Product 99,Litre,30,100.0,3000.0
PO-2140,Product 47,Pack,5,195.08,975.4
PO-2141,Product 107,Kg,29,100.0,2900.0
PO-2141,Product 43,Pack,31,62.39,1934.09
PO-2141,Product 98,Pack,17,100.0,1700.0
PO-2141,Product 60,Pack,44,168.86,7429.84
PO-2141,Product 84,Litre,13,100.0,1300.0
PO-2141,Product 23,Kg,43,100.0,4300.0
PO-2142,Product 94,Litre,41,100.0,4100.0
PO-2142,Product 53,Pack,48,100.0,4800.0
PO-2142,Product 3,Kg,28,100.0,2800.0
PO-2142,Product 42,Piece,43,85.71,3685.53
PO-2142,Product 79,Litre,40,122.85,4914.0
PO-2142,Product 32,Litre,15,100.0,1500.0
PO-2143,Product 48,Pack,50,100.0,5000.0
PO-2143,Product 93,Pack,25,97.03,2425.75
PO-2143,Product 112,Litre,23,192.61,4430.03
PO-2143,Product 31,Pack,6,49.56,297.36
PO-2143,Product 23,Litre,41,100.0,4100.0
PO-2144,Product 59,Kg,16,140.19,2243.04
PO-2144,Product 32,Pack,37,100.0,3700.0
PO-2144,Product 88,Kg,43,100.0,4300.0
PO-2144,Product 78,Piece,15,100.0,1500.0
PO-2144,Product 57,Litre,34,100.0,3400.0
PO-2145,Product 9,Piece,29,90.4,2621.6
PO-2145,Product 1,Kg,31,100.0,3100.0
PO-2145,Product 96,Piece,50,100.0,5000.0
PO-2145,Product 5,Litre,50,43.39,2169.5
PO-2145,Product 88,Kg,33,141.48,4668.84
PO-2145,Product 87,Pack,8,100.0,800.0
PO-2145,Product 53,Piece,30,100.0,3000.0
PO-2146,Product 106,Pack,32,100.0,3200.0
PO-2146,Product 93,Kg,11,100.0,1100.0
PO-2146,Product 99,Litre,21,100.0,2100.0
PO-2146,Product 6,Kg,15,100.0,1500.0
PO-2146,Product 47,Piece,31,100.0,3100.0
PO-2146,Product 52,Piece,14,100.0,1400.0
PO-2146,Product 92,Litre,35,100.0,3500.0
PO-2146,Product 119,Litre,21,100.0,2100.0
PO-2147,Product 43,Kg,34,100.0,3400.0
PO-2147,Product 83,Pack,20,100.0,2000.0
PO-2148,Product 34,Pack,41,24.04,985.64
PO-2148,Product 44,Piece,43,100.0,4300.0
PO-2148,Product 38,Kg,13,100.0,1300.0
PO-2148,Product 89,Litre,38,100.0,3800.0
PO-2148,Product 57,Piece,6,100.0,600.0
PO-2148,Product 43,Litre,28,100.0,2800.0
PO-2148,Product 101,Piece,50,100.0,5000.0
PO-2148,Product 58,Piece,24,100.0,2400.0
PO-2149,Product 21,Piece,14,100.0,1400.0
PO-2149,Product 73,Litre,14,100.0,1400.0
PO-2149,Product 82,Litre,29,155.57,4511.53
PO-2149,Product 40,Piece,45,100.0,4500.0
PO-2149,Product 61,Litre,6,100.0,600.0
PO-2149,Product 92,Litre,42,100.0,4200.0
PO-2149,Product 57,Piece,14,100.0,1400.0
PO-2150,Product 2,Pack,35,100.0,3500.0
PO-2150,Product 34,Litre,27,100.0,2700.0
PO-2150,Product 47,Litre,42,100.0,4200.0
PO-2150,Product 93,Pack,38,193.11,7338.18
PO-2150,Product 66,Piece,29,100.0,2900.0
PO-2150,Product 96,Pack,46,100.0,4600.0
PO-2151,Product 112,Pack,35,65.23,2283.05
PO-2151,Product 68,Pack,5,100.0,500.0
PO-2151,Product 62,Kg,26,100.0,2600.0
PO-2152,Product 40,Litre,22,100.0,2200.0
PO-2152,Product 27,Kg,46,100.0,4600.0
PO-2152,Product 29,Litre,27,100.0,2700.0
PO-2153,Product 59,Litre,17,100.0,1700.0
PO-2153,Product 73,Piece,47,100.0,4700.0
PO-2153,Product 117,Kg,30,100.0,3000.0
PO-2153,Product 82,Kg,26,100.0,2600.0
PO-2153,Product 2,Kg,22,100.0,2200.0
PO-2154,Product 69,Kg,33,100.0,3300.0
PO-2154,Product 109,Litre,20,100.0,2000.0
PO-2154,Product 95,Piece,16,100.0,1600.0
PO-2154,Product 112,Litre,19,100.0,1900.0
PO-2154,Product 11,Pack,16,100.0,1600.0
PO-2154,Product 103,Kg,43,100.0,4300.0
PO-2155,Product 71,Litre,9,100.0,900.0
PO-2155,Product 36,Litre,38,62.23,2364.74
PO-2155,Product 12,Piece,8,100.0,800.0
PO-2155,Product 96,Piece,19,88.5,1681.5
PO-2156,Product 75,Pack,11,100.0,1100.0
PO-2156,Product 98,Kg,25,100.0,2500.0
PO-2156,Product 62,Kg,17,100.0,1700.0
PO-2157,Product 15,Litre,39,73.07,2849.73
PO-2157,Product 57,Litre,43,100.0,4300.0
PO-2157,Product 11,Litre,24,182.43,4378.32
PO-2157,Product 61,Kg,42,100.0,4200.0
PO-2157,Product 26,Pack,12,100.0,1200.0
PO-2158,Product 114,Pack,5,100.0,500.0
PO-2158,Product 57,Piece,31,100.0,3100.0
PO-2158,Product 100,Piece,36,100.0,3600.0
PO-2158,Product 83,Litre,26,100.0,2600.0
PO-2158,Product 25,Piece,37,93.09,3444.33
PO-2158,Product 76,Piece,46,100.0,4600.0
PO-2158,Product 104,Piece,21,112.78,2368.38
PO-2159,Product 69,Kg,12,101.12,1213.44
PO-2159,Product 32,Litre,36,100.0,3600.0
PO-2159,Product 44,Kg,25,100.0,2500.0
PO-2159,Product 36,Pack,36,100.0,3600.0
PO-2159,Product 87,Litre,16,100.0,1600.0
PO-2159,Product 72,Kg,32,100.0,3200.0
PO-2159,Product 65,Litre,11,107.56,1183.16
PO-2159,Product 40,Kg,26,176.31,4584.06
PO-2160,Product 88,Litre,18,148.32,2669.76
PO-2160,Product 69,Pack,37,62.94,2328.78
PO-2160,Product 106,Piece,25,100.0,2500.0
PO-2160,Product 24,Pack,11,100.0,1100.0
PO-2160,Product 25,Kg,44,78.66,3461.04
PO-2160,Product 100,Litre,41,100.0,4100.0
PO-2160,Product 14,Pack,25,104.7,2617.5
PO-2161,Product 25,Litre,15,100.0,1500.0
PO-2161,Product 99,Litre,25,100.0,2500.0
PO-2161,Product 51,Pack,46,100.0,4600.0
PO-2162,Product 101,Piece,35,100.0,3500.0
PO-2162,Product 54,Kg,28,97.91,2741.48
PO-2162,Product 100,Litre,24,34.19,820.56
PO-2162,Product 93,Pack,27,99.32,2681.64
PO-2162,Product 35,Piece,33,100.0,3300.0
PO-2162,Product 30,Piece,32,100.0,3200.0
PO-2163,Product 51,Pack,27,195.5,5278.5
PO-2163,Product 98,Kg,34,114.2,3882.8
PO-2163,Product 54,Piece,6,100.0,600.0
PO-2163,Product 1,Litre,18,100.0,1800.0
PO-2163,Product 52,Piece,23,100.0,2300.0
PO-2163,Product 8,Piece,6,100.0,600.0
PO-2164,Product 55,Litre,18,100.0,1800.0
PO-2164,Product 102,Piece,22,126.41,2781.02
PO-2164,Product 49,Kg,9,100.0,900.0
PO-2164,Product 42,Litre,15,123.75,1856.25
PO-2165,Product 93,Kg,47,100.0,4700.0
PO-2165,Product 62,Litre,49,32.5,1592.5
PO-2165,Product 76,Pack,20,100.0,2000.0
PO-2165,Product 61,Piece,43,100.0,4300.0
PO-2166,Product 49,Piece,33,56.72,1871.76
PO-2166,Product 8,Pack,12,62.77,753.24
PO-2166,Product 13,Pack,13,100.0,1300.0
PO-2166,Product 82,Kg,25,100.0,2500.0
PO-2166,Product 44,Pack,14,100.0,1400.0
PO-2166,Product 36,Litre,42,100.0,4200.0
PO-2167,Product 74,Pack,20,100.0,2000.0
PO-2167,Product 26,Pack,41,143.82,5896.62
PO-2167,Product 72,Piece,40,159.26,6370.4
PO-2167,Product 12,Piece,49,100.0,4900.0
PO-2168,Product 18,Kg,49,100.0,4900.0
PO-2168,Product 99,Piece,28,79.06,2213.68
PO-2169,Product 58,Litre,28,45.59,1276.52
PO-2169,Product 96,Piece,17,100.0,1700.0
PO-2169,Product 114,Piece,21,100.0,2100.0
PO-2169,Product 28,Kg,13,100.0,1300.0
PO-2169,Product 24,Kg,46,100.0,4600.0
PO-2169,Product 42,Pack,32,100.0,3200.0
PO-2169,Product 60,Pack,36,100.0,3600.0
PO-2169,Product 30,Kg,38,100.0,3800.0
PO-2170,Product 117,Pack,6,56.03,336.18
PO-2170,Product 66,Piece,7,140.21,981.47
PO-2171,Product 112,Litre,41,192.61,7897.01
PO-2171,Product 103,Piece,45,100.0,4500.0
PO-2171,Product 42,Kg,9,105.72,951.48
PO-2171,Product 102,Kg,40,100.0,4000.0
PO-2171,Product 69,Kg,39,100.0,3900.0
PO-2171,Product 63,Litre,37,22.99,850.63
PO-2172,Product 109,Litre,48,81.68,3920.64
PO-2172,Product 12,Piece,22,76.18,1675.96
PO-2172,Product 74,Pack,33,100.0,3300.0
PO-2172,Product 119,Litre,46,100.0,4600.0
PO-2172,Product 60,Litre,9,58.01,522.09
PO-2172,Product 79,Litre,46,100.0,4600.0
PO-2172,Product 84,Litre,34,60.73,2064.82
PO-2172,Product 25,Pack,6,100.0,600.0
PO-2173,Product 74,Pack,6,100.0,600.0
PO-2173,Product 38,Kg,19,100.0,1900.0
PO-2173,Product 1,Piece,32,56.98,1823.36
PO-2173,Product 80,Litre,21,100.0,2100.0
PO-2173,Product 107,Litre,42,195.38,8205.96
PO-2174,Product 99,Piece,50,100.0,5000.0
PO-2174,Product 42,Kg,17,38.16,648.72
PO-2174,Product 69,Kg,18,25.8,464.4
PO-2174,Product 59,Litre,16,132.68,2122.88
PO-2174,Product 84,Kg,6,195.01,1170.06
PO-2174,Product 86,Piece,13,150.19,1952.47
PO-2174,Product 26,Piece,9,47.92,431.28
PO-2175,Product 112,Litre,17,100.0,1700.0
PO-2175,Product 41,Piece,15,100.0,1500.0
PO-2175,Product 119,Pack,22,100.0,2200.0
PO-2175,Product 30,Litre,18,100.0,1800.0
PO-2176,Product 46,Pack,6,100.0,600.0
PO-2176,Product 4,Litre,18,75.12,1352.16
PO-2176,Product 18,Pack,8,100.0,800.0
PO-2176,Product 113,Pack,33,100.0,3300.0
PO-2176,Product 116,Pack,17,100.0,1700.0
PO-2176,Product 57,Litre,29,100.0,2900.0
PO-2176,Product 16,Kg,10,119.6,1196.0
PO-2176,Product 107,Litre,37,100.0,3700.0
PO-2177,Product 93,Kg,36,100.0,3600.0
PO-2177,Product 67,Piece,25,100.0,2500.0
PO-2177,Product 16,Pack,17,100.0,1700.0
PO-2177,Product 21,Litre,10,100.0,1000.0
PO-2177,Product 97,Piece,35,100.0,3500.0
PO-2177,Product 27,Piece,37,188.52,6975.24
PO-2178,Product 59,Kg,29,100.0,2900.0
PO-2178,Product 3,Pack,30,100.0,3000.0
PO-2179,Product 13,Piece,19,100.0,1900.0
PO-2179,Product 46,Piece,46,171.09,7870.14
PO-2179,Product 47,Pack,35,100.0,3500.0
PO-2179,Product 40,Kg,22,188.37,4144.14
PO-2179,Product 108,Piece,7,100.0,700.0
PO-2179,Product 9,Litre,20,100.0,2000.0
PO-2179,Product 56,Litre,41,100.0,4100.0
PO-2179,Product 109,Pack,13,95.79,1245.27
PO-2180,Product 20,Kg,43,88.46,3803.78
PO-2180,Product 18,Litre,47,100.0,4700.0
PO-2180,Product 89,Piece,28,100.0,2800.0
PO-2180,Product 61,Piece,15,190.7,2860.5
PO-2180,Product 98,Litre,16,92.23,1475.68
PO-2180,Product 5,Litre,38,100.0,3800.0
PO-2181,Product 95,Litre,28,100.0,2800.0
PO-2181,Product 104,Kg,15,59.7,895.5
PO-2181,Product 86,Kg,36,100.0,3600.0
PO-2182,Product 40,Piece,21,100.0,2100.0
PO-2182,Product 52,Piece,6,100.0,600.0
PO-2182,Product 81,Kg,26,100.0,2600.0
PO-2183,Product 114,Kg,14,100.0,1400.0
PO-2183,Product 61,Pack,7,100.0,700.0
PO-2184,Product 49,Pack,11,87.18,958.98
PO-2184,Product 98,Piece,27,166.74,4501.98
PO-2184,Product 77,Litre,10,100.0,1000.0
PO-2184,Product 93,Kg,9,87.15,784.35
PO-2184,Product 68,Kg,35,52.28,1829.8
PO-2184,Product 22,Kg,31,36.83,1141.73
PO-2185,Product 115,Kg,24,100.0,2400.0
PO-2185,Product 69,Pack,35,100.0,3500.0
PO-2185,Product 57,Piece,13,100.0,1300.0
PO-2185,Product 18,Piece,47,100.0,4700.0
PO-2185,Product 110,Piece,44,100.0,4400.0
PO-2185,Product 78,Kg,35,100.0,3500.0
PO-2185,Product 104,Pack,41,100.0,4100.0
PO-2185,Product 82,Litre,13,100.0,1300.0
PO-2186,Product 66,Piece,19,105.48,2004.12
PO-2186,Product 17,Piece,11,126.87,1395.57
PO-2186,Product 104,Pack,23,127.55,2933.65
PO-2187,Product 14,Piece,26,100.0,2600.0
PO-2187,Product 32,Litre,47,136.36,6408.92
PO-2187,Product 29,Piece,13,100.0,1300.0
PO-2187,Product 33,Piece,32,100.0,3200.0
PO-2187,Product 24,Piece,47,100.0,4700.0
PO-2187,Product 94,Litre,42,100.0,4200.0
PO-2188,Product 120,Kg,17,100.0,1700.0
PO-2188,Product 109,Piece,5,88.65,443.25
PO-2188,Product 5,Litre,45,100.0,4500.0
PO-2188,Product 96,Kg,20,100.0,2000.0
PO-2188,Product 116,Litre,30,100.0,3000.0
PO-2188,Product 103,Piece,5,100.0,500.0
PO-2188,Product 50,Pack,35,100.0,3500.0
PO-2189,Product 45,Litre,34,100.0,3400.0
PO-2189,Product 25,Piece,39,100.0,3900.0
PO-2189,Product 81,Pack,12,100.0,1200.0
PO-2189,Product 112,Litre,46,87.04,4003.84
PO-2189,Product 105,Piece,26,100.0,2600.0
PO-2189,Product 74,Litre,21,100.0,2100.0
PO-2189,Product 52,Kg,36,105.34,3792.24
PO-2189,Product 58,Pack,47,100.0,4700.0
PO-2190,Product 86,Piece,38,100.0,3800.0
PO-2190,Product 110,Piece,9,100.0,900.0
PO-2191,Product 47,Pack,12,100.0,1200.0
PO-2191,Product 55,Pack,40,134.27,5370.8
PO-2191,Product 83,Piece,13,100.0,1300.0
PO-2191,Product 4,Piece,24,100.0,2400.0
PO-2191,Product 70,Pack,32,100.0,3200.0
PO-2191,Product 17,Kg,37,100.0,3700.0
PO-2191,Product 13,Litre,30,100.0,3000.0
PO-2191,Product 30,Litre,14,100.0,1400.0
PO-2192,Product 88,Pack,41,52.69,2160.29
PO-2192,Product 29,Kg,39,53.47,2085.33
PO-2192,Product 100,Pack,39,162.05,6319.95
PO-2192,Product 3,Litre,49,100.0,4900.0
PO-2192,Product 26,Litre,28,100.0,2800.0
PO-2192,Product 94,Litre,11,100.0,1100.0
PO-2192,Product 96,Pack,45,64.49,2902.05
PO-2192,Product 46,Litre,50,100.0,5000.0
PO-2193,Product 70,Litre,22,100.0,2200.0
PO-2193,Product 79,Kg,30,100.0,3000.0
PO-2193,Product 55,Piece,29,100.0,2900.0
PO-2194,Product 54,Litre,5,82.09,410.45
PO-2194,Product 115,Kg,21,100.0,2100.0
PO-2194,Product 61,Piece,18,100.0,1800.0
PO-2194,Product 60,Kg,8,100.0,800.0
PO-2194,Product 42,Pack,13,100.0,1300.0
PO-2194,Product 18,Litre,35,100.0,3500.0
PO-2195,Product 21,Pack,42,100.0,4200.0
PO-2195,Product 98,Litre,20,100.0,2000.0
PO-2195,Product 104,Kg,9,59.7,537.3
PO-2195,Product 32,Litre,22,100.0,2200.0
PO-2195,Product 51,Litre,30,100.0,3000.0
PO-2195,Product 101,Kg,42,100.0,4200.0
PO-2195,Product 83,Litre,18,150.32,2705.76
PO-2195,Product 54,Pack,14,100.0,1400.0
PO-2196,Product 36,Piece,38,100.0,3800.0
PO-2196,Product 98,Kg,45,100.0,4500.0
PO-2196,Product 42,Pack,19,100.0,1900.0
PO-2196,Product 2,Pack,24,100.0,2400.0
PO-2196,Product 82,Kg,39,100.0,3900.0
PO-2196,Product 16,Pack,14,198.87,2784.18
PO-2196,Product 67,Kg,26,100.0,2600.0
PO-2197,Product 6,Piece,12,100.0,1200.0
PO-2197,Product 49,Pack,32,100.0,3200.0
PO-2197,Product 108,Kg,50,80.68,4034.0
PO-2197,Product 115,Kg,23,90.31,2077.13
PO-2198,Product 67,Litre,20,160.4,3208.0
PO-2198,Product 14,Piece,49,181.98,8917.02
PO-2198,Product 12,Pack,31,111.43,3454.33
PO-2199,Product 82,Piece,22,100.0,2200.0
PO-2199,Product 14,Piece,45,181.98,8189.1
PO-2200,Product 43,Kg,5,100.0,500.0
PO-2200,Product 54,Kg,50,100.0,5000.0
PO-2200,Product 86,Pack,20,100.0,2000.0
PO-2200,Product 108,Pack,19,100.0,1900.0
PO-2200,Product 33,Pack,47,125.72,5908.84
PO-2200,Product 46,Litre,11,56.14,617.54
PO-2201,Product 106,Kg,7,154.23,1079.61
PO-2201,Product 91,Kg,42,100.0,4200.0
PO-2201,Product 63,Kg,41,91.06,3733.46
PO-2201,Product 72,Kg,12,100.0,1200.0
PO-2201,Product 78,Litre,28,100.0,2800.0
PO-2201,Product 108,Pack,30,100.0,3000.0
PO-2201,Product 73,Kg,27,100.0,2700.0
PO-2201,Product 49,Pack,34,100.0,3400.0
PO-2202,Product 111,Pack,47,100.0,4700.0
PO-2202,Product 67,Piece,18,73.75,1327.5
PO-2202,Product 5,Litre,6,100.0,600.0
PO-2202,Product 52,Piece,11,100.0,1100.0
PO-2202,Product 105,Piece,31,100.0,3100.0
PO-2202,Product 104,Kg,34,100.0,3400.0
PO-2203,Product 115,Litre,8,170.14,1361.12
PO-2203,Product 33,Piece,34,100.0,3400.0
PO-2203,Product 46,Piece,15,100.0,1500.0
PO-2203,Product 105,Litre,40,100.0,4000.0
PO-2203,Product 88,Piece,30,100.0,3000.0
PO-2203,Product 45,Piece,16,100.0,1600.0
PO-2203,Product 32,Pack,10,100.0,1000.0
PO-2203,Product 36,Piece,27,100.0,2700.0
PO-2204,Product 69,Piece,11,100.0,1100.0
PO-2204,Product 95,Piece,45,95.47,4296.15
PO-2204,Product 104,Pack,25,100.0,2500.0
PO-2204,Product 108,Litre,45,182.45,8210.25
PO-2204,Product 30,Piece,29,189.87,5506.23
PO-2204,Product 41,Litre,21,100.0,2100.0
PO-2205,Product 91,Litre,15,100.0,1500.0
PO-2205,Product 63,Pack,6,128.31,769.86
PO-2205,Product 45,Kg,17,100.0,1700.0
PO-2205,Product 44,Piece,37,100.0,3700.0
PO-2205,Product 104,Pack,40,116.97,4678.8
PO-2205,Product 57,Litre,30,100.0,3000.0
PO-2205,Product 115,Litre,17,160.0,2720.0
PO-2205,Product 47,Kg,10,100.0,1000.0
PO-2206,Product 77,Kg,50,195.26,9763.0
PO-2206,Product 118,Piece,39,158.23,6170.97
PO-2206,Product 113,Piece,30,100.0,3000.0
PO-2206,Product 85,Piece,29,184.32,5345.28
PO-2206,Product 52,Kg,23,100.0,2300.0
PO-2206,Product 110,Kg,25,100.0,2500.0
PO-2206,Product 34,Litre,33,100.0,3300.0
PO-2207,Product 6,Litre,49,100.0,4900.0
PO-2207,Product 32,Litre,20,100.0,2000.0
PO-2207,Product 71,Litre,33,100.0,3300.0
PO-2207,Product 20,Litre,14,100.0,1400.0
PO-2207,Product 86,Kg,23,100.0,2300.0
PO-2207,Product 36,Litre,6,100.0,600.0
PO-2207,Product 4,Pack,33,100.0,3300.0
PO-2207,Product 64,Pack,40,100.0,4000.0
PO-2208,Product 73,Pack,45,100.0,4500.0
PO-2208,Product 25,Pack,21,100.0,2100.0
PO-2208,Product 53,Piece,21,100.0,2100.0
PO-2208,Product 24,Pack,28,100.0,2800.0
PO-2208,Product 109,Piece,20,93.17,1863.4
PO-2208,Product 67,Litre,39,101.35,3952.65
PO-2209,Product 10,Litre,39,100.0,3900.0
PO-2209,Product 89,Kg,11,129.43,1423.73
PO-2209,Product 18,Kg,39,186.58,7276.62
PO-2209,Product 42,Piece,11,100.0,1100.0
PO-2210,Product 106,Litre,34,100.0,3400.0
PO-2210,Product 78,Piece,41,100.0,4100.0
PO-2210,Product 30,Kg,34,100.0,3400.0
PO-2210,Product 93,Pack,36,100.0,3600.0
PO-2210,Product 45,Pack,9,100.0,900.0
PO-2210,Product 92,Litre,6,100.0,600.0
PO-2210,Product 90,Pack,40,100.0,4000.0
PO-2210,Product 83,Piece,27,75.52,2039.04
PO-2211,Product 112,Pack,9,122.85,1105.65
PO-2211,Product 91,Piece,41,100.0,4100.0
PO-2211,Product 19,Kg,6,57.3,343.8
PO-2211,Product 9,Pack,32,105.28,3368.96
PO-2211,Product 88,Litre,30,100.0,3000.0
PO-2212,Product 85,Piece,26,100.0,2600.0
PO-2212,Product 58,Litre,41,100.0,4100.0
PO-2212,Product 40,Pack,14,100.0,1400.0
PO-2213,Product 70,Piece,42,100.0,4200.0
PO-2213,Product 88,Piece,9,46.04,414.36
PO-2213,Product 76,Kg,38,100.0,3800.0
PO-2213,Product 41,Pack,15,100.0,1500.0
PO-2213,Product 111,Litre,20,100.0,2000.0
PO-2213,Product 1,Piece,16,132.46,2119.36
PO-2213,Product 79,Kg,46,100.0,4600.0
PO-2213,Product 7,Pack,12,100.0,1200.0
PO-2214,Product 12,Pack,31,100.0,3100.0
PO-2214,Product 13,Piece,49,160.96,7887.04
PO-2214,Product 52,Pack,13,100.0,1300.0
PO-2214,Product 74,Piece,16,100.0,1600.0
PO-2215,Product 40,Litre,50,100.0,5000.0
PO-2215,Product 46,Pack,21,100.0,2100.0
PO-2216,Product 12,Litre,27,100.0,2700.0
PO-2216,Product 24,Kg,26,100.0,2600.0
PO-2216,Product 34,Pack,11,100.0,1100.0
PO-2216,Product 52,Kg,6,105.34,632.04
PO-2216,Product 26,Kg,40,100.0,4000.0
PO-2217,Product 88,Piece,15,44.71,670.65
PO-2217,Product 48,Kg,38,100.0,3800.0
PO-2218,Product 1,Pack,24,100.0,2400.0
PO-2218,Product 42,Kg,41,100.0,4100.0
PO-2219,Product 48,Kg,16,120.94,1935.04
PO-2219,Product 110,Litre,27,100.0,2700.0
PO-2219,Product 9,Kg,48,100.0,4800.0
PO-2219,Product 23,Litre,43,100.0,4300.0
PO-2219,Product 25,Piece,41,100.0,4100.0
PO-2219,Product 82,Litre,33,155.57,5133.81
PO-2220,Product 109,Pack,6,100.0,600.0
PO-2220,Product 113,Kg,39,100.0,3900.0
PO-2220,Product 99,Pack,24,142.15,3411.6
PO-2220,Product 23,Piece,11,100.0,1100.0
PO-2220,Product 65,Piece,48,100.0,4800.0
PO-2220,Product 20,Litre,42,100.0,4200.0
PO-2220,Product 105,Litre,11,100.0,1100.0
PO-2221,Product 25,Piece,34,100.0,3400.0
PO-2221,Product 78,Pack,33,100.0,3300.0
PO-2221,Product 20,Kg,47,100.0,4700.0
PO-2221,Product 79,Kg,26,100.0,2600.0
PO-2221,Product 118,Litre,28,100.0,2800.0
PO-2222,Product 31,Piece,30,63.3,1899.0
PO-2222,Product 105,Kg,27,100.0,2700.0
PO-2222,Product 63,Kg,35,71.31,2495.85
PO-2223,Product 108,Kg,47,101.44,4767.68
PO-2223,Product 117,Piece,38,100.0,3800.0
PO-2223,Product 85,Pack,39,100.0,3900.0
PO-2223,Product 91,Litre,23,100.0,2300.0
PO-2223,Product 97,Piece,13,100.0,1300.0
PO-2223,Product 76,Kg,17,96.63,1642.71
PO-2223,Product 13,Piece,45,100.0,4500.0
PO-2223,Product 109,Pack,30,100.0,3000.0
PO-2224,Product 49,Kg,40,44.18,1767.2
PO-2224,Product 11,Pack,44,100.0,4400.0
PO-2224,Product 63,Pack,24,100.0,2400.0
PO-2224,Product 4,Pack,23,100.0,2300.0
PO-2224,Product 14,Kg,38,100.0,3800.0
PO-2225,Product 6,Litre,46,100.0,4600.0
PO-2225,Product 25,Piece,8,100.0,800.0
PO-2225,Product 12,Kg,8,100.0,800.0
PO-2225,Product 40,Piece,29,100.0,2900.0
PO-2225,Product 115,Litre,27,100.0,2700.0
PO-2225,Product 76,Kg,48,100.0,4800.0
PO-2225,Product 96,Pack,37,100.0,3700.0
PO-2225,Product 116,Litre,37,100.0,3700.0
PO-2226,Product 88,Kg,11,54.41,598.51
PO-2226,Product 90,Pack,16,100.0,1600.0
PO-2226,Product 6,Litre,50,100.0,5000.0
PO-2226,Product 117,Piece,9,100.0,900.0
PO-2227,Product 27,Piece,18,188.52,3393.36
PO-2227,Product 64,Kg,23,100.0,2300.0
PO-2227,Product 74,Kg,20,100.0,2000.0
PO-2227,Product 82,Piece,16,178.09,2849.44
PO-2227,Product 79,Pack,19,100.0,1900.0
PO-2227,Product 2,Piece,30,100.0,3000.0
PO-2227,Product 6,Kg,14,100.0,1400.0
PO-2228,Product 77,Piece,32,96.7,3094.4
PO-2228,Product 32,Piece,18,69.14,1244.52
PO-2228,Product 80,Pack,31,52.22,1618.82
PO-2229,Product 2,Kg,36,47.31,1703.16
PO-2229,Product 54,Piece,43,100.0,4300.0
PO-2229,Product 106,Piece,45,163.61,7362.45
PO-2229,Product 53,Pack,7,100.0,700.0
PO-2229,Product 49,Pack,13,68.76,893.88
PO-2229,Product 36,Litre,9,100.0,900.0
PO-2229,Product 108,Kg,12,65.45,785.4
PO-2230,Product 116,Litre,16,116.55,1864.8
PO-2230,Product 102,Piece,15,100.0,1500.0
PO-2230,Product 63,Piece,48,100.0,4800.0
PO-2231,Product 120,Piece,11,100.0,1100.0
PO-2231,Product 89,Pack,30,32.85,985.5
PO-2231,Product 51,Litre,10,100.0,1000.0
PO-2231,Product 37,Kg,17,41.95,713.15
PO-2231,Product 69,Kg,38,55.85,2122.3
PO-2231,Product 110,Kg,35,100.0,3500.0
PO-2231,Product 73,Pack,11,100.0,1100.0
PO-2232,Product 30,Pack,16,100.0,1600.0
PO-2232,Product 5,Kg,49,100.0,4900.0
PO-2233,Product 9,Litre,43,133.25,5729.75
PO-2233,Product 31,Litre,47,81.54,3832.38
PO-2233,Product 56,Litre,18,100.0,1800.0
PO-2233,Product 79,Kg,7,79.44,556.08
PO-2233,Product 48,Kg,14,100.0,1400.0
PO-2233,Product 57,Piece,21,100.0,2100.0
PO-2233,Product 95,Litre,27,100.0,2700.0
PO-2233,Product 19,Pack,17,100.0,1700.0
PO-2234,Product 8,Piece,16,81.96,1311.36
PO-2234,Product 51,Litre,26,100.0,2600.0
PO-2234,Product 49,Pack,6,100.0,600.0
PO-2234,Product 20,Pack,9,100.0,900.0
PO-2234,Product 38,Litre,43,100.0,4300.0
PO-2234,Product 65,Kg,40,175.63,7025.2
PO-2234,Product 9,Litre,14,174.28,2439.92
PO-2235,Product 41,Kg,44,100.0,4400.0
PO-2235,Product 8,Litre,25,100.0,2500.0
PO-2235,Product 15,Piece,7,100.0,700.0
PO-2235,Product 88,Litre,11,100.0,1100.0
PO-2235,Product 9,Litre,5,100.0,500.0
PO-2235,Product 53,Pack,5,100.0,500.0
PO-2236,Product 8,Piece,45,81.96,3688.2
PO-2236,Product 105,Kg,41,100.0,4100.0
PO-2236,Product 50,Kg,6,100.0,600.0
PO-2236,Product 99,Pack,41,100.0,4100.0
PO-2236,Product 73,Piece,23,96.29,2214.67
PO-2236,Product 16,Pack,33,100.0,3300.0
PO-2237,Product 31,Pack,35,49.56,1734.6
PO-2237,Product 88,Litre,34,100.0,3400.0
PO-2237,Product 63,Litre,19,22.99,436.81
PO-2237,Product 79,Litre,23,100.0,2300.0
PO-2237,Product 33,Litre,29,100.0,2900.0
PO-2237,Product 45,Piece,15,100.0,1500.0
PO-2237,Product 82,Piece,6,100.0,600.0
PO-2238,Product 104,Pack,50,100.0,5000.0
PO-2238,Product 39,Kg,30,147.44,4423.2
PO-2238,Product 19,Litre,45,100.0,4500.0
PO-2238,Product 6,Pack,18,38.47,692.46
PO-2238,Product 59,Pack,31,100.0,3100.0
PO-2239,Product 59,Pack,28,100.0,2800.0
PO-2239,Product 94,Piece,25,100.0,2500.0
PO-2239,Product 58,Pack,13,100.0,1300.0
PO-2239,Product 57,Litre,20,100.0,2000.0
PO-2239,Product 50,Litre,50,100.0,5000.0
PO-2240,Product 73,Piece,34,100.0,3400.0
PO-2240,Product 25,Pack,28,100.0,2800.0
PO-2240,Product 112,Piece,18,100.0,1800.0
PO-2241,Product 19,Pack,24,100.0,2400.0
PO-2241,Product 61,Pack,8,133.59,1068.72
PO-2241,Product 14,Piece,18,118.74,2137.32
PO-2241,Product 70,Piece,40,100.0,4000.0
PO-2241,Product 84,Litre,47,100.0,4700.0
PO-2242,Product 120,Kg,49,100.0,4900.0
PO-2242,Product 67,Litre,29,100.0,2900.0
PO-2242,Product 56,Litre,22,100.0,2200.0
PO-2242,Product 24,Litre,46,100.0,4600.0
PO-2242,Product 57,Pack,41,100.0,4100.0
PO-2243,Product 103,Litre,36,100.0,3600.0
PO-2243,Product 26,Piece,44,100.0,4400.0
PO-2243,Product 20,Kg,48,100.0,4800.0
PO-2243,Product 53,Litre,9,125.33,1127.97
PO-2243,Product 41,Pack,6,69.19,415.14
PO-2243,Product 60,Piece,8,171.11,1368.88
PO-2243,Product 32,Litre,10,136.36,1363.6
PO-2243,Product 112,Piece,27,100.0,2700.0
PO-2244,Product 96,Piece,9,100.0,900.0
PO-2244,Product 20,Piece,44,100.0,4400.0
PO-2244,Product 28,Piece,42,100.0,4200.0
PO-2245,Product 58,Litre,14,100.0,1400.0
PO-2245,Product 61,Pack,31,133.59,4141.29
PO-2245,Product 44,Kg,39,100.0,3900.0
PO-2245,Product 91,Pack,15,100.0,1500.0
PO-2245,Product 23,Pack,49,100.0,4900.0
PO-2245,Product 38,Piece,49,100.0,4900.0
PO-2245,Product 39,Litre,12,100.0,1200.0
PO-2245,Product 13,Litre,33,194.52,6419.16
PO-2246,Product 97,Litre,29,100.0,2900.0
PO-2246,Product 6,Pack,29,100.0,2900.0
PO-2247,Product 22,Piece,33,100.0,3300.0
PO-2247,Product 99,Pack,33,58.52,1931.16
PO-2247,Product 3,Kg,36,100.0,3600.0
PO-2247,Product 76,Piece,26,100.0,2600.0
PO-2247,Product 89,Kg,28,38.04,1065.12
PO-2248,Product 23,Piece,48,100.0,4800.0
PO-2248,Product 18,Pack,14,100.0,1400.0
PO-2249,Product 120,Litre,45,100.0,4500.0
PO-2249,Product 102,Piece,23,100.0,2300.0
PO-2250,Product 102,Pack,44,55.56,2444.64
PO-2250,Product 101,Pack,15,100.0,1500.0
PO-2250,Product 11,Pack,21,21.24,446.04
PO-2250,Product 46,Piece,37,171.09,6330.33
PO-2250,Product 78,Piece,38,100.0,3800.0
PO-2250,Product 103,Piece,36,191.45,6892.2
PO-2250,Product 64,Litre,15,39.92,598.8
PO-2251,Product 84,Piece,21,100.0,2100.0
PO-2251,Product 31,Pack,32,100.0,3200.0
PO-2252,Product 6,Pack,47,100.0,4700.0
PO-2252,Product 35,Kg,26,100.0,2600.0
PO-2252,Product 96,Kg,13,100.0,1300.0
PO-2252,Product 98,Kg,41,100.0,4100.0
PO-2253,Product 39,Litre,35,100.0,3500.0
PO-2253,Product 49,Pack,29,100.0,2900.0
PO-2254,Product 89,Piece,49,100.0,4900.0
PO-2254,Product 87,Kg,26,64.16,1668.16
PO-2255,Product 103,Pack,31,100.0,3100.0
PO-2255,Product 66,Piece,13,100.0,1300.0
PO-2255,Product 110,Pack,21,124.3,2610.3
PO-2255,Product 101,Litre,36,100.0,3600.0
PO-2256,Product 35,Kg,47,100.0,4700.0
PO-2256,Product 11,Piece,37,100.0,3700.0
PO-2256,Product 117,Kg,6,100.0,600.0
PO-2256,Product 58,Piece,11,140.0,1540.0
PO-2257,Product 10,Kg,14,100.0,1400.0
PO-2257,Product 23,Litre,10,100.0,1000.0
PO-2257,Product 48,Kg,5,100.0,500.0
PO-2258,Product 2,Kg,14,61.87,866.18
PO-2258,Product 95,Pack,45,100.0,4500.0
PO-2258,Product 104,Piece,47,100.0,4700.0
PO-2258,Product 44,Kg,44,100.0,4400.0
PO-2258,Product 112,Piece,8,109.77,878.16
PO-2258,Product 117,Litre,17,135.57,2304.69
PO-2258,Product 80,Piece,16,155.1,2481.6
PO-2259,Product 92,Kg,32,100.0,3200.0
PO-2259,Product 12,Kg,18,108.26,1948.68
PO-2260,Product 92,Pack,25,100.0,2500.0
PO-2260,Product 11,Litre,35,100.0,3500.0
PO-2261,Product 26,Kg,33,100.0,3300.0
PO-2261,Product 91,Litre,37,100.0,3700.0
PO-2261,Product 64,Kg,10,100.0,1000.0
PO-2261,Product 78,Litre,17,100.0,1700.0
PO-2261,Product 24,Piece,14,100.0,1400.0
PO-2261,Product 61,Litre,49,100.0,4900.0
PO-2261,Product 37,Kg,49,100.0,4900.0
PO-2261,Product 94,Kg,17,100.0,1700.0
PO-2262,Product 109,Litre,15,154.66,2319.9
PO-2262,Product 42,Pack,45,100.0,4500.0
PO-2262,Product 97,Piece,43,100.0,4300.0
PO-2263,Product 65,Kg,27,83.7,2259.9
PO-2263,Product 82,Litre,38,74.84,2843.92
PO-2263,Product 37,Kg,46,100.0,4600.0
PO-2263,Product 28,Piece,23,100.0,2300.0
PO-2263,Product 55,Litre,9,100.0,900.0
PO-2264,Product 9,Piece,8,100.0,800.0
PO-2264,Product 64,Pack,10,100.0,1000.0
PO-2265,Product 98,Kg,25,100.0,2500.0
PO-2265,Product 116,Piece,49,98.45,4824.05
PO-2265,Product 92,Pack,41,185.52,7606.32
PO-2265,Product 58,Piece,25,100.0,2500.0
PO-2265,Product 2,Pack,27,100.0,2700.0
PO-2265,Product 96,Pack,28,100.0,2800.0
PO-2265,Product 87,Pack,24,100.0,2400.0
PO-2266,Product 63,Kg,49,100.0,4900.0
PO-2266,Product 41,Piece,31,100.0,3100.0
PO-2266,Product 70,Pack,34,100.0,3400.0
PO-2266,Product 96,Piece,30,100.0,3000.0
PO-2266,Product 25,Pack,34,100.0,3400.0
PO-2266,Product 30,Pack,14,65.68,919.52
PO-2266,Product 76,Pack,29,119.38,3462.02
PO-2266,Product 22,Kg,6,181.45,1088.7
PO-2267,Product 18,Piece,5,100.0,500.0
PO-2267,Product 101,Pack,47,156.65,7362.55
PO-2267,Product 41,Litre,14,100.0,1400.0
PO-2267,Product 49,Litre,18,100.0,1800.0
PO-2267,Product 112,Pack,6,145.54,873.24
PO-2267,Product 81,Pack,35,100.0,3500.0
PO-2267,Product 20,Piece,22,183.66,4040.52
PO-2267,Product 52,Piece,17,100.0,1700.0
PO-2268,Product 64,Litre,24,100.0,2400.0
PO-2268,Product 51,Piece,19,100.0,1900.0
PO-2269,Product 63,Pack,32,100.0,3200.0
PO-2269,Product 78,Piece,15,34.31,514.65
PO-2269,Product 93,Pack,47,100.0,4700.0
PO-2270,Product 46,Kg,25,82.35,2058.75
PO-2270,Product 14,Pack,43,100.0,4300.0
PO-2271,Product 19,Litre,31,100.0,3100.0
PO-2271,Product 31,Pack,5,100.0,500.0
PO-2271,Product 67,Litre,45,28.45,1280.25
PO-2271,Product 64,Litre,26,100.0,2600.0
PO-2272,Product 40,Litre,38,100.0,3800.0
PO-2272,Product 88,Piece,26,100.0,2600.0
PO-2272,Product 80,Pack,49,52.22,2558.78
PO-2272,Product 55,Pack,28,97.85,2739.8
PO-2272,Product 79,Pack,9,100.0,900.0
PO-2272,Product 16,Pack,33,134.86,4450.38
PO-2272,Product 77,Piece,31,96.7,2997.7
PO-2273,Product 27,Litre,25,100.0,2500.0
PO-2273,Product 42,Pack,22,73.71,1621.62
PO-2273,Product 89,Piece,41,100.0,4100.0
PO-2274,Product 43,Litre,50,100.0,5000.0
PO-2274,Product 90,Litre,20,100.0,2000.0
PO-2274,Product 25,Pack,41,100.0,4100.0
PO-2274,Product 116,Pack,6,68.34,410.04
PO-2274,Product 17,Piece,37,100.0,3700.0
PO-2274,Product 42,Kg,29,100.0,2900.0
PO-2274,Product 101,Litre,44,178.79,7866.76
PO-2274,Product 81,Kg,10,151.57,1515.7
PO-2275,Product 63,Kg,9,162.63,1463.67
PO-2275,Product 60,Pack,29,100.0,2900.0
PO-2275,Product 78,Litre,22,100.0,2200.0
PO-2275,Product 116,Litre,28,167.15,4680.2
PO-2275,Product 115,Kg,35,100.0,3500.0
PO-2275,Product 94,Kg,19,192.37,3655.03
PO-2276,Product 1,Pack,22,52.22,1148.84
PO-2276,Product 42,Litre,36,111.43,4011.48
PO-2276,Product 46,Piece,43,100.0,4300.0
PO-2276,Product 106,Litre,46,100.0,4600.0
PO-2276,Product 80,Litre,43,100.0,4300.0
PO-2276,Product 62,Kg,23,100.0,2300.0
PO-2276,Product 72,Kg,17,100.0,1700.0
PO-2277,Product 103,Litre,49,156.35,7661.15
PO-2277,Product 65,Kg,24,100.0,2400.0
PO-2277,Product 37,Kg,18,185.45,3338.1
PO-2277,Product 32,Litre,23,100.0,2300.0
PO-2277,Product 102,Kg,6,100.0,600.0
PO-2277,Product 49,Pack,10,100.0,1000.0
PO-2278,Product 60,Pack,45,100.0,4500.0
PO-2278,Product 100,Pack,40,100.0,4000.0
PO-2278,Product 117,Litre,43,100.0,4300.0
PO-2278,Product 19,Pack,25,100.0,2500.0
PO-2279,Product 120,Pack,22,100.0,2200.0
PO-2279,Product 36,Litre,50,100.0,5000.0
PO-2280,Product 59,Kg,12,100.0,1200.0
PO-2280,Product 37,Kg,25,100.0,2500.0
PO-2280,Product 21,Pack,28,100.0,2800.0
PO-2280,Product 76,Litre,25,100.0,2500.0
PO-2280,Product 17,Pack,40,100.0,4000.0
PO-2280,Product 42,Kg,45,100.0,4500.0
PO-2281,Product 83,Kg,46,100.0,4600.0
PO-2281,Product 42,Piece,25,100.0,2500.0
PO-2281,Product 51,Kg,37,100.0,3700.0
PO-2281,Product 23,Piece,50,103.86,5193.0
PO-2281,Product 79,Litre,36,100.0,3600.0
PO-2282,Product 119,Litre,14,100.0,1400.0
PO-2282,Product 9,Kg,38,100.0,3800.0
PO-2283,Product 92,Pack,27,108.8,2937.6
PO-2283,Product 31,Piece,10,100.0,1000.0
PO-2283,Product 12,Pack,26,100.0,2600.0
PO-2284,Product 9,Pack,49,100.0,4900.0
PO-2284,Product 64,Litre,40,100.0,4000.0
PO-2284,Product 52,Kg,18,100.0,1800.0
PO-2284,Product 70,Pack,15,100.0,1500.0
PO-2284,Product 8,Pack,21,22.14,464.94
PO-2284,Product 68,Litre,20,100.0,2000.0
PO-2284,Product 54,Litre,46,107.29,4935.34
PO-2284,Product 83,Kg,8,100.0,800.0
PO-2285,Product 108,Litre,13,100.0,1300.0
PO-2285,Product 90,Piece,25,100.0,2500.0
PO-2285,Product 29,Pack,45,100.0,4500.0
PO-2285,Product 62,Litre,6,138.37,830.22
PO-2285,Product 6,Piece,36,100.0,3600.0
PO-2285,Product 98,Kg,47,100.0,4700.0
PO-2285,Product 30,Pack,40,100.0,4000.0
PO-2286,Product 6,Kg,18,133.75,2407.5
PO-2286,Product 26,Litre,42,100.0,4200.0
PO-2287,Product 1,Piece,37,100.0,3700.0
PO-2287,Product 45,Litre,30,100.0,3000.0
PO-2287,Product 90,Kg,14,130.93,1833.02
PO-2287,Product 11,Kg,45,100.0,4500.0
PO-2287,Product 75,Piece,22,100.0,2200.0
PO-2288,Product 48,Piece,26,100.0,2600.0
PO-2288,Product 66,Litre,25,100.0,2500.0
PO-2288,Product 50,Piece,30,100.0,3000.0
PO-2288,Product 21,Litre,46,184.36,8480.56
PO-2288,Product 107,Piece,33,100.0,3300.0
PO-2288,Product 26,Pack,33,134.42,4435.86
PO-2289,Product 84,Litre,12,100.0,1200.0
PO-2289,Product 86,Kg,29,100.0,2900.0
PO-2289,Product 66,Kg,18,100.0,1800.0
PO-2289,Product 99,Litre,41,100.0,4100.0
PO-2289,Product 52,Piece,49,100.0,4900.0
PO-2289,Product 27,Litre,42,100.0,4200.0
PO-2290,Product 39,Piece,18,100.0,1800.0
PO-2290,Product 47,Kg,24,100.0,2400.0
PO-2290,Product 60,Kg,18,100.0,1800.0
PO-2290,Product 7,Litre,26,100.0,2600.0
PO-2290,Product 83,Litre,36,100.0,3600.0
PO-2290,Product 81,Kg,25,143.45,3586.25
PO-2290,Product 30,Piece,30,58.91,1767.3
PO-2290,Product 73,Litre,36,122.78,4420.08
PO-2291,Product 72,Litre,9,100.0,900.0
PO-2291,Product 77,Kg,5,100.0,500.0
PO-2291,Product 37,Kg,44,100.0,4400.0
PO-2291,Product 102,Kg,5,100.0,500.0
PO-2291,Product 86,Piece,5,100.0,500.0
PO-2292,Product 57,Litre,11,100.0,1100.0
PO-2292,Product 49,Piece,28,56.72,1588.16
PO-2292,Product 94,Litre,46,100.0,4600.0
PO-2292,Product 73,Litre,32,100.0,3200.0
PO-2293,Product 113,Pack,7,132.54,927.78
PO-2293,Product 48,Kg,24,100.0,2400.0
PO-2293,Product 10,Litre,21,100.0,2100.0
PO-2293,Product 36,Pack,18,100.0,1800.0
PO-2293,Product 54,Kg,45,100.0,4500.0
PO-2293,Product 84,Kg,35,100.0,3500.0
PO-2293,Product 3,Litre,5,100.0,500.0
PO-2294,Product 12,Pack,34,122.2,4154.8
PO-2294,Product 93,Piece,22,45.48,1000.56
PO-2295,Product 90,Piece,9,163.92,1475.28
PO-2295,Product 73,Litre,18,100.0,1800.0
PO-2296,Product 51,Pack,6,100.0,600.0
PO-2296,Product 87,Kg,36,100.0,3600.0
PO-2297,Product 107,Piece,47,194.17,9125.99
PO-2297,Product 60,Kg,22,100.0,2200.0
PO-2297,Product 53,Pack,35,58.14,2034.9
PO-2297,Product 23,Kg,22,182.03,4004.66
PO-2297,Product 2,Kg,47,100.0,4700.0
PO-2298,Product 112,Pack,5,100.0,500.0
PO-2298,Product 25,Litre,41,162.57,6665.37
PO-2298,Product 31,Pack,40,34.21,1368.4
PO-2298,Product 89,Pack,19,100.0,1900.0
PO-2299,Product 109,Piece,34,100.0,3400.0
PO-2299,Product 96,Pack,39,100.0,3900.0
PO-2299,Product 7,Litre,28,100.0,2800.0
PO-2299,Product 37,Piece,40,100.0,4000.0
PO-2299,Product 47,Litre,25,100.0,2500.0
PO-2299,Product 12,Piece,31,100.0,3100.0
PO-2299,Product 77,Litre,42,100.0,4200.0
PO-2300,Product 48,Litre,48,100.0,4800.0
PO-2300,Product 60,Pack,48,100.0,4800.0
PO-2300,Product 45,Pack,28,100.0,2800.0
PO-2300,Product 99,Pack,10,142.15,1421.5
PO-2300,Product 38,Piece,13,100.0,1300.0
PO-2301,Product 119,Pack,39,81.18,3166.02
PO-2301,Product 46,Litre,7,100.0,700.0
PO-2301,Product 83,Pack,37,177.03,6550.11
PO-2301,Product 60,Piece,43,173.42,7457.06
PO-2302,Product 70,Litre,41,100.0,4100.0
PO-2302,Product 81,Pack,18,37.25,670.5
PO-2302,Product 107,Pack,10,100.0,1000.0
PO-2302,Product 96,Kg,12,55.84,670.08
PO-2303,Product 70,Piece,40,100.0,4000.0
PO-2303,Product 6,Litre,19,100.0,1900.0
PO-2303,Product 67,Piece,36,100.0,3600.0
PO-2303,Product 14,Kg,25,100.0,2500.0
PO-2303,Product 74,Piece,40,100.0,4000.0
PO-2303,Product 1,Pack,38,100.0,3800.0
PO-2304,Product 105,Kg,19,100.0,1900.0
PO-2304,Product 51,Pack,14,193.81,2713.34
PO-2304,Product 29,Litre,50,100.0,5000.0
PO-2304,Product 74,Pack,37,123.09,4554.33
PO-2304,Product 45,Kg,36,100.0,3600.0
PO-2304,Product 96,Litre,9,100.0,900.0
PO-2304,Product 53,Piece,20,100.0,2000.0
PO-2305,Product 52,Litre,6,100.0,600.0
PO-2305,Product 39,Litre,6,22.22,133.32
PO-2305,Product 106,Piece,12,100.0,1200.0
PO-2305,Product 27,Litre,16,100.0,1600.0
PO-2305,Product 70,Kg,9,100.0,900.0
PO-2305,Product 82,Piece,33,87.53,2888.49
PO-2305,Product 13,Kg,32,100.0,3200.0
PO-2305,Product 105,Piece,47,100.0,4700.0
PO-2306,Product 2,Pack,28,100.0,2800.0
PO-2306,Product 90,Litre,24,100.0,2400.0
PO-2306,Product 77,Pack,44,33.23,1462.12
PO-2306,Product 39,Pack,45,100.0,4500.0
PO-2306,Product 44,Kg,48,100.0,4800.0
PO-2307,Product 5,Piece,49,100.0,4900.0
PO-2307,Product 64,Pack,29,100.0,2900.0
PO-2307,Product 41,Kg,32,100.0,3200.0
PO-2307,Product 45,Piece,48,100.0,4800.0
PO-2307,Product 4,Pack,6,100.0,600.0
PO-2308,Product 5,Pack,21,100.0,2100.0
PO-2308,Product 63,Piece,10,79.84,798.4
PO-2308,Product 98,Litre,50,100.0,5000.0
PO-2308,Product 116,Pack,34,191.75,6519.5
PO-2308,Product 12,Litre,26,33.47,870.22
PO-2309,Product 78,Pack,24,31.51,756.24
PO-2309,Product 61,Litre,18,145.73,2623.14
PO-2309,Product 5,Litre,11,43.39,477.29
PO-2310,Product 88,Kg,37,100.0,3700.0
PO-2310,Product 17,Kg,9,183.52,1651.68
PO-2311,Product 24,Kg,21,100.0,2100.0
PO-2311,Product 60,Kg,49,100.0,4900.0
PO-2311,Product 36,Pack,16,100.0,1600.0
PO-2311,Product 90,Pack,23,100.0,2300.0
PO-2311,Product 73,Litre,7,100.0,700.0
PO-2311,Product 50,Piece,43,100.0,4300.0
PO-2312,Product 55,Kg,17,100.0,1700.0
PO-2312,Product 15,Litre,36,95.68,3444.48
PO-2312,Product 88,Litre,5,141.1,705.5
PO-2312,Product 20,Pack,46,100.0,4600.0
PO-2313,Product 99,Piece,16,100.0,1600.0
PO-2313,Product 49,Litre,26,100.0,2600.0
PO-2313,Product 6,Pack,19,100.0,1900.0
PO-2314,Product 57,Piece,13,28.84,374.92
PO-2314,Product 104,Kg,33,100.0,3300.0
PO-2314,Product 90,Litre,28,77.72,2176.16
PO-2314,Product 117,Pack,6,54.49,326.94
PO-2314,Product 15,Piece,45,100.0,4500.0
PO-2314,Product 13,Kg,31,100.0,3100.0
PO-2314,Product 22,Pack,7,100.0,700.0
PO-2315,Product 56,Kg,9,100.0,900.0
PO-2315,Product 72,Kg,21,100.0,2100.0
PO-2315,Product 90,Piece,35,100.0,3500.0
PO-2315,Product 55,Pack,37,100.0,3700.0
PO-2316,Product 117,Litre,12,100.0,1200.0
PO-2316,Product 119,Pack,15,53.72,805.8
PO-2316,Product 113,Piece,41,97.26,3987.66
PO-2317,Product 86,Piece,40,100.0,4000.0
PO-2317,Product 26,Piece,35,100.0,3500.0
PO-2317,Product 58,Kg,47,100.0,4700.0
PO-2318,Product 75,Kg,19,100.0,1900.0
PO-2318,Product 53,Litre,14,100.0,1400.0
PO-2318,Product 15,Piece,13,100.0,1300.0
PO-2319,Product 90,Pack,12,55.76,669.12
PO-2319,Product 51,Piece,42,100.0,4200.0
PO-2319,Product 2,Pack,24,79.51,1908.24
PO-2319,Product 48,Litre,25,100.0,2500.0
PO-2319,Product 8,Litre,35,100.0,3500.0
PO-2319,Product 66,Kg,17,21.74,369.58
PO-2319,Product 101,Pack,35,100.0,3500.0
PO-2320,Product 28,Kg,14,100.0,1400.0
PO-2320,Product 13,Litre,37,100.0,3700.0
PO-2320,Product 23,Kg,9,92.99,836.91
PO-2320,Product 50,Kg,37,162.69,6019.53
PO-2320,Product 71,Kg,41,100.0,4100.0
PO-2321,Product 32,Pack,45,100.0,4500.0
PO-2321,Product 81,Piece,19,100.0,1900.0
PO-2321,Product 97,Piece,31,100.0,3100.0
PO-2322,Product 97,Litre,25,168.11,4202.75
PO-2322,Product 56,Pack,6,100.0,600.0
PO-2323,Product 86,Piece,30,100.0,3000.0
PO-2323,Product 93,Pack,43,105.84,4551.12
PO-2323,Product 120,Kg,13,87.89,1142.57
PO-2324,Product 79,Litre,20,100.0,2000.0
PO-2324,Product 102,Pack,36,107.74,3878.64
PO-2324,Product 66,Kg,32,100.0,3200.0
PO-2324,Product 114,Pack,31,131.05,4062.55
PO-2324,Product 53,Piece,40,156.13,6245.2
PO-2325,Product 91,Litre,46,100.0,4600.0
PO-2325,Product 115,Kg,28,100.0,2800.0
PO-2326,Product 51,Kg,24,105.72,2537.28
PO-2326,Product 36,Piece,24,112.38,2697.12
PO-2326,Product 60,Pack,37,100.0,3700.0
PO-2326,Product 84,Pack,29,100.0,2900.0
PO-2327,Product 112,Litre,35,100.0,3500.0
PO-2327,Product 108,Piece,10,100.0,1000.0
PO-2327,Product 89,Pack,26,100.0,2600.0
PO-2327,Product 76,Kg,21,100.0,2100.0
PO-2327,Product 72,Litre,22,156.3,3438.6
PO-2327,Product 119,Piece,43,100.0,4300.0
PO-2327,Product 88,Piece,25,64.31,1607.75
PO-2327,Product 78,Pack,20,69.8,1396.0
PO-2328,Product 25,Pack,22,100.0,2200.0
PO-2328,Product 45,Litre,43,79.03,3398.29
PO-2328,Product 40,Pack,47,100.0,4700.0
PO-2328,Product 106,Piece,44,49.25,2167.0
PO-2328,Product 43,Litre,49,100.0,4900.0
PO-2328,Product 67,Piece,17,100.0,1700.0
PO-2329,Product 88,Pack,42,100.0,4200.0
PO-2329,Product 47,Litre,12,100.0,1200.0
PO-2329,Product 92,Pack,45,185.52,8348.4
PO-2329,Product 70,Litre,18,101.85,1833.3
PO-2329,Product 71,Piece,16,100.0,1600.0
PO-2329,Product 42,Pack,28,100.0,2800.0
PO-2329,Product 27,Litre,30,100.0,3000.0
PO-2330,Product 92,Piece,14,100.0,1400.0
PO-2330,Product 35,Piece,43,100.0,4300.0
PO-2330,Product 120,Kg,21,100.0,2100.0
PO-2330,Product 73,Kg,29,68.18,1977.22
PO-2330,Product 59,Litre,5,150.82,754.1
PO-2331,Product 25,Piece,36,100.0,3600.0
PO-2331,Product 104,Pack,40,100.0,4000.0
PO-2332,Product 106,Piece,8,100.0,800.0
PO-2332,Product 36,Kg,45,108.47,4881.15
PO-2332,Product 66,Pack,43,100.0,4300.0
PO-2332,Product 73,Kg,35,100.0,3500.0
PO-2332,Product 54,Pack,29,100.0,2900.0
PO-2332,Product 26,Piece,12,100.0,1200.0
PO-2333,Product 24,Kg,7,100.0,700.0
PO-2333,Product 16,Kg,22,100.0,2200.0
PO-2333,Product 47,Kg,40,100.0,4000.0
PO-2334,Product 35,Pack,18,100.0,1800.0
PO-2334,Product 17,Kg,47,100.0,4700.0
PO-2334,Product 101,Kg,5,100.0,500.0
PO-2334,Product 13,Kg,26,100.0,2600.0
PO-2334,Product 119,Piece,23,100.0,2300.0
PO-2334,Product 96,Pack,20,100.0,2000.0
PO-2335,Product 29,Piece,40,100.0,4000.0
PO-2335,Product 80,Piece,20,100.0,2000.0
PO-2335,Product 78,Litre,6,100.0,600.0
PO-2336,Product 75,Pack,18,100.0,1800.0
PO-2336,Product 41,Kg,15,100.0,1500.0
PO-2336,Product 98,Kg,41,100.0,4100.0
PO-2336,Product 29,Litre,36,169.59,6105.24
PO-2336,Product 22,Pack,11,31.31,344.41
PO-2336,Product 104,Litre,31,100.0,3100.0
PO-2337,Product 31,Litre,16,100.0,1600.0
PO-2337,Product 59,Litre,22,100.0,2200.0
PO-2337,Product 79,Kg,5,100.0,500.0
PO-2338,Product 86,Pack,33,100.0,3300.0
PO-2338,Product 40,Litre,19,100.0,1900.0
PO-2338,Product 56,Kg,10,100.0,1000.0
PO-2339,Product 92,Pack,44,100.0,4400.0
PO-2339,Product 57,Pack,6,100.16,600.96
PO-2339,Product 20,Piece,18,100.0,1800.0
PO-2339,Product 95,Pack,32,100.0,3200.0
PO-2339,Product 114,Litre,25,121.94,3048.5
PO-2340,Product 64,Litre,33,172.48,5691.84
PO-2340,Product 65,Litre,28,173.6,4860.8
PO-2341,Product 91,Pack,15,100.0,1500.0
PO-2341,Product 10,Pack,18,100.0,1800.0
PO-2341,Product 77,Litre,25,100.0,2500.0
PO-2342,Product 52,Piece,19,100.0,1900.0
PO-2342,Product 36,Litre,43,174.83,7517.69
PO-2342,Product 32,Pack,6,100.0,600.0
PO-2342,Product 92,Litre,46,100.0,4600.0
PO-2343,Product 9,Pack,28,91.65,2566.2
PO-2343,Product 58,Pack,6,148.16,888.96
PO-2343,Product 92,Litre,32,103.44,3310.08
PO-2343,Product 103,Pack,32,176.08,5634.56
PO-2343,Product 3,Kg,32,100.0,3200.0
PO-2343,Product 50,Piece,27,100.0,2700.0
PO-2343,Product 74,Litre,22,100.0,2200.0
PO-2344,Product 117,Litre,19,100.0,1900.0
PO-2344,Product 34,Litre,7,100.0,700.0
PO-2344,Product 62,Pack,28,100.0,2800.0
PO-2344,Product 21,Kg,19,100.0,1900.0
PO-2345,Product 91,Litre,10,100.0,1000.0
PO-2345,Product 118,Kg,21,66.57,1397.97
PO-2346,Product 68,Piece,33,100.0,3300.0
PO-2346,Product 120,Litre,23,100.0,2300.0
PO-2347,Product 110,Pack,19,158.67,3014.73
PO-2347,Product 56,Pack,24,100.0,2400.0
PO-2347,Product 36,Piece,38,65.34,2482.92
PO-2348,Product 30,Kg,44,100.0,4400.0
PO-2348,Product 112,Kg,41,100.0,4100.0
PO-2349,Product 101,Litre,32,20.75,664.0
PO-2349,Product 112,Piece,20,133.57,2671.4
PO-2349,Product 111,Litre,17,47.85,813.45
PO-2349,Product 95,Piece,9,145.36,1308.24
PO-2349,Product 23,Kg,22,100.0,2200.0
PO-2349,Product 37,Litre,39,119.51,4660.89
PO-2349,Product 71,Kg,34,100.0,3400.0
PO-2350,Product 98,Litre,20,100.0,2000.0
PO-2350,Product 48,Litre,25,189.93,4748.25
PO-2350,Product 93,Pack,22,168.29,3702.38
PO-2350,Product 23,Kg,37,100.0,3700.0
PO-2350,Product 20,Kg,30,100.0,3000.0
PO-2350,Product 69,Pack,15,170.2,2553.0
PO-2351,Product 61,Pack,20,142.06,2841.2
PO-2351,Product 20,Piece,41,100.0,4100.0
PO-2352,Product 36,Litre,15,100.0,1500.0
PO-2352,Product 60,Litre,9,196.6,1769.4
PO-2352,Product 32,Pack,13,100.0,1300.0
PO-2352,Product 59,Kg,23,100.0,2300.0
PO-2352,Product 23,Pack,38,100.0,3800.0
PO-2352,Product 91,Litre,48,172.26,8268.48
PO-2352,Product 15,Pack,40,100.0,4000.0
PO-2352,Product 92,Pack,38,100.0,3800.0
PO-2353,Product 83,Pack,21,100.0,2100.0
PO-2353,Product 67,Pack,15,100.0,1500.0
PO-2353,Product 46,Pack,13,100.0,1300.0
PO-2353,Product 101,Kg,18,100.0,1800.0
PO-2353,Product 78,Kg,43,100.0,4300.0
PO-2354,Product 108,Pack,29,193.59,5614.11
PO-2354,Product 39,Litre,24,67.71,1625.04
PO-2354,Product 15,Pack,6,83.77,502.62
PO-2354,Product 78,Piece,36,98.86,3558.96
PO-2355,Product 97,Pack,45,100.0,4500.0
PO-2355,Product 3,Litre,33,100.0,3300.0
PO-2355,Product 28,Litre,46,100.0,4600.0
PO-2356,Product 39,Piece,36,100.0,3600.0
PO-2356,Product 51,Piece,34,145.93,4961.62
PO-2356,Product 32,Pack,28,100.0,2800.0
PO-2356,Product 19,Litre,34,100.0,3400.0
PO-2356,Product 3,Litre,31,100.0,3100.0
PO-2356,Product 116,Pack,20,165.05,3301.0
PO-2356,Product 30,Litre,45,100.0,4500.0
PO-2356,Product 57,Kg,23,100.0,2300.0
PO-2357,Product 7,Pack,46,167.31,7696.26
PO-2357,Product 45,Pack,9,100.0,900.0
PO-2357,Product 60,Piece,27,100.0,2700.0
PO-2357,Product 117,Piece,7,75.97,531.79
PO-2358,Product 109,Litre,5,100.0,500.0
PO-2358,Product 62,Kg,14,100.0,1400.0
PO-2358,Product 9,Litre,8,133.11,1064.88
PO-2358,Product 46,Kg,37,100.0,3700.0
PO-2358,Product 43,Litre,45,100.0,4500.0
PO-2358,Product 25,Pack,6,39.45,236.7
PO-2358,Product 40,Pack,30,100.0,3000.0
PO-2358,Product 119,Piece,44,100.0,4400.0
PO-2359,Product 45,Kg,38,100.0,3800.0
PO-2359,Product 80,Piece,33,40.66,1341.78
PO-2359,Product 42,Piece,32,134.04,4289.28
PO-2359,Product 37,Kg,47,100.0,4700.0
PO-2359,Product 48,Kg,14,100.0,1400.0
PO-2360,Product 49,Piece,14,100.0,1400.0
PO-2360,Product 43,Litre,17,100.0,1700.0
PO-2360,Product 85,Kg,44,100.0,4400.0
PO-2360,Product 92,Pack,22,100.0,2200.0
PO-2360,Product 57,Pack,19,100.0,1900.0
PO-2360,Product 94,Pack,7,115.83,810.81
PO-2360,Product 93,Piece,5,100.0,500.0
PO-2360,Product 82,Litre,17,100.0,1700.0
PO-2361,Product 73,Litre,32,100.0,3200.0
PO-2361,Product 25,Piece,18,100.0,1800.0
PO-2361,Product 54,Kg,9,100.0,900.0
PO-2361,Product 103,Litre,7,100.0,700.0
PO-2361,Product 106,Piece,35,100.0,3500.0
PO-2362,Product 9,Kg,10,100.0,1000.0
PO-2362,Product 29,Pack,26,100.0,2600.0
PO-2362,Product 60,Kg,35,116.89,4091.15
PO-2362,Product 118,Litre,41,154.47,6333.27
PO-2362,Product 22,Pack,45,76.87,3459.15
PO-2362,Product 119,Piece,38,100.0,3800.0
PO-2362,Product 87,Litre,47,113.56,5337.32
PO-2362,Product 64,Litre,43,172.48,7416.64
PO-2363,Product 115,Kg,37,113.18,4187.66
PO-2363,Product 32,Pack,36,53.47,1924.92
PO-2363,Product 29,Pack,8,100.0,800.0
PO-2363,Product 105,Piece,21,100.0,2100.0
PO-2363,Product 3,Kg,14,100.0,1400.0
PO-2363,Product 56,Kg,19,81.13,1541.47
PO-2363,Product 62,Pack,34,163.13,5546.42
PO-2363,Product 35,Litre,11,100.0,1100.0
PO-2364,Product 70,Piece,24,100.0,2400.0
PO-2364,Product 65,Piece,20,153.73,3074.6
PO-2364,Product 47,Litre,44,100.0,4400.0
PO-2364,Product 53,Pack,47,100.0,4700.0
PO-2364,Product 96,Kg,25,100.0,2500.0
PO-2364,Product 52,Kg,32,100.0,3200.0
PO-2364,Product 54,Pack,32,100.0,3200.0
PO-2365,Product 54,Piece,28,100.0,2800.0
PO-2365,Product 61,Pack,24,175.68,4216.32
PO-2365,Product 4,Litre,36,100.0,3600.0
PO-2366,Product 119,Pack,20,100.0,2000.0
PO-2366,Product 51,Kg,20,51.64,1032.8
PO-2366,Product 76,Litre,26,100.0,2600.0
PO-2366,Product 28,Litre,43,100.0,4300.0
PO-2366,Product 52,Kg,42,123.09,5169.78
PO-2367,Product 110,Kg,14,100.0,1400.0
PO-2367,Product 11,Pack,36,100.0,3600.0
PO-2367,Product 13,Kg,49,100.0,4900.0
PO-2367,Product 102,Litre,8,100.0,800.0
PO-2367,Product 95,Kg,35,100.0,3500.0
PO-2368,Product 5,Piece,48,100.0,4800.0
PO-2368,Product 18,Piece,47,100.0,4700.0
PO-2368,Product 38,Kg,7,100.0,700.0
PO-2369,Product 115,Piece,7,83.24,582.68
PO-2369,Product 40,Kg,7,100.0,700.0
PO-2369,Product 43,Kg,17,100.0,1700.0
PO-2370,Product 22,Piece,44,100.0,4400.0
PO-2370,Product 115,Kg,44,100.0,4400.0
PO-2370,Product 51,Litre,13,158.2,2056.6
PO-2370,Product 106,Piece,34,55.33,1881.22
PO-2370,Product 63,Piece,15,100.0,1500.0
PO-2370,Product 14,Kg,36,100.0,3600.0
PO-2370,Product 35,Litre,49,100.0,4900.0
PO-2370,Product 76,Piece,7,100.0,700.0
PO-2371,Product 110,Pack,33,100.0,3300.0
PO-2371,Product 44,Piece,37,100.0,3700.0
PO-2371,Product 86,Piece,23,100.0,2300.0
PO-2371,Product 21,Litre,31,109.16,3383.96
PO-2371,Product 89,Litre,24,100.0,2400.0
PO-2372,Product 42,Kg,8,100.0,800.0
PO-2372,Product 27,Kg,14,100.0,1400.0
PO-2372,Product 31,Litre,33,140.55,4638.15
PO-2372,Product 60,Piece,14,59.19,828.66
PO-2372,Product 20,Kg,23,100.0,2300.0
PO-2372,Product 91,Piece,49,100.0,4900.0
PO-2372,Product 5,Piece,42,100.0,4200.0
PO-2373,Product 92,Pack,12,100.0,1200.0
PO-2373,Product 62,Piece,50,100.0,5000.0
PO-2373,Product 56,Litre,35,100.0,3500.0
PO-2374,Product 5,Kg,7,100.0,700.0
PO-2374,Product 47,Piece,29,100.0,2900.0
PO-2374,Product 21,Pack,36,166.78,6004.08
PO-2374,Product 51,Pack,47,100.0,4700.0
PO-2374,Product 25,Kg,50,43.79,2189.5
PO-2374,Product 45,Piece,33,100.0,3300.0
PO-2374,Product 9,Litre,25,100.0,2500.0
PO-2375,Product 91,Litre,5,100.0,500.0
PO-2375,Product 55,Kg,21,69.3,1455.3
PO-2375,Product 85,Pack,10,100.0,1000.0
PO-2375,Product 41,Pack,26,100.0,2600.0
PO-2375,Product 118,Litre,7,100.0,700.0
PO-2375,Product 97,Litre,20,100.0,2000.0
PO-2375,Product 73,Pack,22,100.0,2200.0
PO-2376,Product 93,Kg,5,100.0,500.0
PO-2376,Product 24,Piece,50,100.0,5000.0
PO-2376,Product 54,Piece,44,100.0,4400.0
PO-2377,Product 44,Litre,18,100.0,1800.0
PO-2377,Product 1,Litre,26,100.0,2600.0
PO-2377,Product 14,Piece,38,100.0,3800.0
PO-2377,Product 62,Pack,38,100.0,3800.0
PO-2378,Product 79,Kg,34,122.27,4157.18
PO-2378,Product 119,Piece,39,100.0,3900.0
PO-2378,Product 26,Kg,7,45.58,319.06
PO-2378,Product 56,Piece,26,100.0,2600.0
PO-2378,Product 99,Litre,31,97.71,3029.01
PO-2378,Product 94,Kg,35,100.0,3500.0
PO-2379,Product 113,Litre,25,150.51,3762.75
PO-2379,Product 54,Litre,33,100.0,3300.0
PO-2379,Product 119,Piece,24,100.0,2400.0
PO-2379,Product 60,Piece,19,171.11,3251.09
PO-2379,Product 118,Piece,30,134.33,4029.9
PO-2379,Product 114,Pack,5,69.14,345.7
PO-2379,Product 78,Litre,7,100.0,700.0
PO-2379,Product 74,Litre,33,100.0,3300.0
PO-2380,Product 51,Kg,9,100.0,900.0
PO-2380,Product 1,Piece,39,100.0,3900.0
PO-2380,Product 56,Pack,6,100.0,600.0
PO-2381,Product 112,Piece,43,100.0,4300.0
PO-2381,Product 94,Kg,36,100.0,3600.0
PO-2381,Product 102,Litre,39,100.0,3900.0
PO-2381,Product 99,Piece,12,100.0,1200.0
PO-2381,Product 82,Litre,29,100.0,2900.0
PO-2381,Product 101,Piece,16,100.0,1600.0
PO-2382,Product 84,Piece,46,100.0,4600.0
PO-2382,Product 26,Litre,35,100.0,3500.0
PO-2382,Product 2,Kg,11,100.0,1100.0
PO-2382,Product 88,Litre,21,100.0,2100.0
PO-2382,Product 55,Litre,47,100.0,4700.0
PO-2382,Product 11,Piece,47,100.0,4700.0
PO-2383,Product 54,Litre,15,100.0,1500.0
PO-2383,Product 21,Piece,11,191.33,2104.63
PO-2383,Product 116,Piece,24,100.0,2400.0
PO-2383,Product 55,Pack,9,93.64,842.76
PO-2384,Product 112,Kg,20,100.0,2000.0
PO-2384,Product 16,Kg,22,100.0,2200.0
PO-2384,Product 110,Litre,12,100.0,1200.0
PO-2385,Product 58,Pack,37,100.0,3700.0
PO-2385,Product 44,Kg,35,100.0,3500.0
PO-2385,Product 16,Litre,10,90.61,906.1
PO-2385,Product 65,Piece,10,100.0,1000.0
PO-2385,Product 99,Piece,16,100.0,1600.0
PO-2385,Product 107,Pack,17,100.0,1700.0
PO-2385,Product 100,Kg,6,71.62,429.72
PO-2385,Product 69,Kg,9,100.0,900.0
PO-2386,Product 19,Litre,35,100.0,3500.0
PO-2386,Product 44,Piece,6,100.0,600.0
PO-2386,Product 21,Piece,29,100.0,2900.0
PO-2387,Product 97,Litre,17,100.0,1700.0
PO-2387,Product 56,Pack,42,100.0,4200.0
PO-2387,Product 14,Kg,19,100.0,1900.0
PO-2387,Product 104,Litre,40,49.68,1987.2
PO-2387,Product 66,Pack,29,100.0,2900.0
PO-2387,Product 100,Piece,46,100.0,4600.0
PO-2387,Product 52,Piece,17,100.0,1700.0
PO-2387,Product 28,Kg,7,100.0,700.0
PO-2388,Product 25,Piece,46,100.0,4600.0
PO-2388,Product 1,Kg,31,173.25,5370.75
PO-2388,Product 74,Kg,25,100.0,2500.0
PO-2388,Product 46,Piece,10,144.82,1448.2
PO-2388,Product 3,Piece,11,58.11,639.21
PO-2389,Product 67,Pack,36,72.84,2622.24
PO-2389,Product 72,Piece,12,100.0,1200.0
PO-2389,Product 99,Litre,45,92.37,4156.65
PO-2389,Product 15,Piece,20,100.0,2000.0
PO-2389,Product 76,Piece,39,100.0,3900.0
PO-2389,Product 18,Litre,23,139.92,3218.16
PO-2390,Product 110,Pack,24,69.33,1663.92
PO-2390,Product 14,Litre,49,100.0,4900.0
PO-2391,Product 105,Piece,31,100.0,3100.0
PO-2391,Product 49,Kg,38,100.0,3800.0
PO-2391,Product 20,Piece,9,100.0,900.0
PO-2391,Product 36,Pack,24,100.0,2400.0
PO-2392,Product 39,Kg,13,100.0,1300.0
PO-2392,Product 53,Litre,28,149.34,4181.52
PO-2392,Product 3,Piece,11,160.06,1760.66
PO-2392,Product 4,Piece,26,100.0,2600.0
PO-2392,Product 37,Piece,12,100.0,1200.0
PO-2392,Product 42,Litre,41,100.0,4100.0
PO-2392,Product 24,Litre,42,177.14,7439.88
PO-2393,Product 11,Kg,50,100.0,5000.0
PO-2393,Product 30,Piece,40,100.0,4000.0
PO-2393,Product 7,Piece,11,100.0,1100.0
PO-2393,Product 36,Pack,7,100.0,700.0
PO-2393,Product 40,Piece,31,100.0,3100.0
PO-2393,Product 108,Kg,47,76.97,3617.59
PO-2393,Product 98,Piece,22,100.0,2200.0
PO-2393,Product 71,Kg,13,100.0,1300.0
PO-2394,Product 13,Kg,11,100.0,1100.0
PO-2394,Product 76,Pack,7,100.0,700.0
PO-2395,Product 104,Litre,15,49.68,745.2
PO-2395,Product 47,Litre,10,100.0,1000.0
PO-2395,Product 52,Piece,15,100.0,1500.0
PO-2395,Product 70,Litre,46,100.0,4600.0
PO-2395,Product 14,Kg,45,100.0,4500.0
PO-2396,Product 3,Litre,31,100.0,3100.0
PO-2396,Product 61,Kg,48,100.0,4800.0
PO-2396,Product 28,Piece,41,100.0,4100.0
PO-2396,Product 94,Piece,36,158.07,5690.52
PO-2396,Product 91,Pack,8,180.57,1444.56
PO-2396,Product 17,Kg,18,81.05,1458.9
PO-2396,Product 22,Pack,17,100.0,1700.0
PO-2396,Product 95,Piece,27,100.0,2700.0
PO-2397,Product 52,Piece,22,100.0,2200.0
PO-2397,Product 76,Litre,44,100.0,4400.0
PO-2397,Product 53,Kg,50,100.0,5000.0
PO-2398,Product 33,Kg,30,100.0,3000.0
PO-2398,Product 83,Litre,21,100.0,2100.0
PO-2398,Product 78,Litre,41,159.15,6525.15
PO-2398,Product 64,Litre,46,100.0,4600.0
PO-2398,Product 1,Kg,47,164.91,7750.77
PO-2399,Product 17,Litre,20,100.0,2000.0
PO-2399,Product 92,Kg,9,100.0,900.0
PO-2399,Product 6,Kg,13,22.39,291.07
PO-2400,Product 36,Kg,46,100.0,4600.0
PO-2400,Product 15,Litre,50,100.0,5000.0
PO-2400,Product 74,Pack,49,51.63,2529.87
