requisition_number,product_name,uom,quantity
PR-1001,Product 3,Litre,14
PR-1001,Product 73,Kg,11
PR-1001,Product 88,Piece,26
PR-1001,Product 38,Pack,36
PR-1001,Product 107,Piece,39
PR-1001,Product 30,Piece,47
PR-1001,Product 68,Pack,21
PR-1001,Product 65,Piece,34
PR-1002,Product 106,Piece,50
PR-1002,Product 46,Piece,38
PR-1003,Product 85,Piece,48
PR-1003,Product 110,Kg,14
PR-1003,Product 111,Pack,19
PR-1003,Product 116,Litre,27
PR-1003,Product 108,Pack,6
PR-1003,Product 77,Litre,41
PR-1003,Product 62,Pack,28
PR-1003,Product 15,Litre,10
PR-1004,Product 118,Kg,22
PR-1004,Product 49,Pack,38
PR-1004,Product 82,Litre,21
PR-1005,Product 45,Piece,17
PR-1005,Product 114,Kg,42
PR-1005,Product 43,Piece,44
PR-1005,Product 51,Kg,32
PR-1005,Product 76,Pack,41
PR-1005,Product 54,Piece,23
PR-1005,Product 36,Kg,5
PR-1006,Product 119,Piece,44
PR-1006,Product 88,Litre,24
PR-1006,Product 19,Pack,23
PR-1006,Product 60,Kg,23
PR-1006,Product 20,Kg,34
PR-1007,Product 28,Kg,8
PR-1007,Product 37,Pack,24
PR-1008,Product 56,Kg,8
PR-1008,Product 46,Piece,13
PR-1009,Product 113,Litre,10
PR-1009,Product 37,Piece,14
PR-1009,Product 101,Litre,32
PR-1009,Product 110,Kg,23
PR-1010,Product 5,Piece,20
PR-1010,Product 61,Pack,32
PR-1010,Product 120,Pack,11
PR-1011,Product 118,Litre,41
PR-1011,Product 39,Pack,48
PR-1011,Product 77,Piece,42
PR-1011,Product 40,Litre,48
PR-1012,Product 26,Piece,41
PR-1012,Product 33,Pack,39
PR-1012,Product 18,Litre,29
PR-1012,Product 54,Pack,11
PR-1012,Product 71,Litre,38
PR-1012,Product 39,Pack,49
PR-1012,Product 40,Piece,37
PR-1012,Product 11,Piece,34
PR-1013,Product 55,Pack,6
PR-1013,Product 60,Kg,31
PR-1013,Product 54,Kg,13
PR-1013,Product 53,Piece,20
PR-1014,Product 66,Piece,8
PR-1014,Product 48,Pack,13
PR-1014,Product 17,Pack,47
PR-1014,Product 80,Kg,34
PR-1014,Product 70,Pack,8
PR-1014,Product 116,Kg,8
PR-1015,Product 107,Kg,23
PR-1015,Product 84,Pack,49
PR-1015,Product 14,Piece,8
PR-1015,Product 43,Kg,42
PR-1016,Product 66,Litre,40
PR-1016,Product 95,Pack,13
PR-1016,Product 92,Litre,48
PR-1016,Product 7,Litre,24
PR-1016,Product 90,Piece,5
PR-1016,Product 27,Pack,44
PR-1016,Product 67,Litre,12
PR-1017,Product 1,Kg,38
PR-1017,Product 20,Kg,20
PR-1018,Product 14,Pack,30
PR-1018,Product 61,Kg,12
PR-1018,Product 4,Piece,30
PR-1019,Product 24,Piece,44
PR-1019,Product 105,Pack,47
PR-1019,Product 31,Kg,32
PR-1019,Product 108,Litre,45
PR-1019,Product 109,Kg,16
PR-1020,Product 105,Litre,15
PR-1020,Product 96,Litre,35
PR-1020,Product 85,Pack,23
PR-1021,Product 86,Piece,47
PR-1021,Product 13,Piece,30
PR-1021,Product 76,Pack,49
PR-1021,Product 64,Kg,34
PR-1022,Product 105,Pack,12
PR-1022,Product 55,Pack,5
PR-1022,Product 19,Piece,7
PR-1022,Product 4,Pack,7
PR-1022,Product 37,Piece,13
PR-1023,Product 113,Litre,27
PR-1023,Product 93,Litre,27
PR-1023,Product 59,Pack,37
PR-1023,Product 36,Kg,16
PR-1023,Product 2,Litre,27
PR-1024,Product 93,Litre,22
PR-1024,Product 73,Piece,30
PR-1024,Product 44,Kg,46
PR-1024,Product 59,Pack,29
PR-1024,Product 92,Pack,43
PR-1024,Product 110,Litre,41
PR-1024,Product 101,Piece,13
PR-1025,Product 42,Kg,7
PR-1025,Product 76,Kg,15
PR-1025,Product 75,Litre,11
PR-1025,Product 45,Kg,36
PR-1025,Product 80,Pack,25
PR-1025,Product 107,Litre,20
PR-1025,Product 52,Kg,16
PR-1026,Product 115,Piece,12
PR-1026,Product 50,Kg,9
PR-1026,Product 97,Pack,28
PR-1026,Product 54,Kg,16
PR-1026,Product 119,Piece,11
PR-1026,Product 9,Pack,29
PR-1026,Product 8,Litre,45
PR-1027,Product 72,Piece,19
PR-1027,Product 26,Litre,15
PR-1027,Product 33,Pack,38
PR-1027,Product 63,Litre,10
PR-1027,Product 57,Kg,45
PR-1027,Product 87,Kg,18
PR-1028,Product 104,Kg,28
PR-1028,Product 18,Pack,41
PR-1029,Product 111,Pack,17
PR-1029,Product 10,Litre,41
PR-1029,Product 44,Pack,37
PR-1029,Product 24,Piece,27
PR-1029,Product 88,Litre,9
PR-1029,Product 94,Pack,32
PR-1030,Product 49,Piece,11
PR-1030,Product 112,Kg,36
PR-1030,Product 10,Litre,8
PR-1030,Product 73,Piece,6
PR-1030,Product 11,Litre,23
PR-1030,Product 17,Piece,29
PR-1030,Product 101,Piece,9
PR-1031,Product 112,Piece,30
PR-1031,Product 21,Kg,39
PR-1031,Product 37,Kg,42
PR-1031,Product 10,Pack,21
PR-1031,Product 69,Kg,7
PR-1031,Product 74,Piece,31
PR-1031,Product 31,Piece,17
PR-1031,Product 110,Piece,8
PR-1032,Product 27,Piece,47
PR-1032,Product 71,Kg,20
PR-1032,Product 105,Pack,9
PR-1033,Product 73,Piece,9
PR-1033,Product 116,Pack,43
PR-1033,Product 79,Kg,40
PR-1033,Product 90,Pack,13
PR-1033,Product 107,Piece,7
PR-1033,Product 98,Kg,7
PR-1033,Product 104,Pack,37
PR-1033,Product 5,Litre,46
PR-1034,Product 56,Litre,6
PR-1034,Product 62,Kg,6
PR-1034,Product 39,Litre,39
PR-1034,Product 101,Pack,48
PR-1035,Product 95,Pack,49
PR-1035,Product 3,Litre,32
PR-1035,Product 71,Pack,40
PR-1035,Product 62,Litre,12
PR-1035,Product 7,Pack,12
PR-1035,Product 50,Piece,27
PR-1035,Product 99,Litre,26
PR-1036,Product 118,Kg,19
PR-1036,Product 8,Pack,39
PR-1036,Product 31,Kg,5
PR-1036,Product 30,Litre,8
PR-1036,Product 12,Kg,8
PR-1037,Product 57,Kg,25
PR-1037,Product 24,Piece,43
PR-1037,Product 37,Litre,23
PR-1038,Product 78,Kg,47
PR-1038,Product 51,Kg,9
PR-1038,Product 62,Piece,39
PR-1039,Product 64,Piece,19
PR-1039,Product 91,Pack,50
PR-1039,Product 95,Piece,28
PR-1040,Product 71,Piece,49
PR-1040,Product 38,Kg,8
PR-1040,Product 112,Piece,31
PR-1040,Product 84,Pack,22
PR-1040,Product 32,Kg,18
PR-1040,Product 68,Litre,38
PR-1040,Product 115,Litre,24
PR-1040,Product 35,Litre,12
PR-1041,Product 93,Kg,20
PR-1041,Product 105,Pack,46
PR-1041,Product 101,Pack,12
PR-1041,Product 19,Kg,36
PR-1042,Product 5,Kg,22
PR-1042,Product 35,Pack,36
PR-1042,Product 36,Kg,29
PR-1042,Product 76,Pack,33
PR-1042,Product 50,Kg,19
PR-1042,Product 39,Litre,29
PR-1042,Product 106,Litre,47
PR-1042,Product 11,Pack,39
PR-1043,Product 85,Kg,39
PR-1043,Product 40,Piece,6
PR-1044,Product 97,Piece,42
PR-1044,Product 115,Litre,6
PR-1044,Product 44,Piece,44
PR-1044,Product 119,Pack,32
PR-1044,Product 107,Kg,11
PR-1044,Product 117,Pack,48
PR-1045,Product 110,Piece,15
PR-1045,Product 69,Pack,34
PR-1045,Product 60,Litre,13
PR-1045,Product 55,Kg,22
PR-1046,Product 88,Pack,7
PR-1046,Product 36,Piece,28
PR-1046,Product 11,Piece,47
PR-1046,Product 32,Piece,46
PR-1046,Product 99,Kg,12
PR-1046,Product 70,Piece,41
PR-1046,Product 38,Piece,21
PR-1046,Product 44,Litre,33
PR-1047,Product 3,Piece,35
PR-1047,Product 57,Litre,31
PR-1047,Product 2,Kg,42
PR-1047,Product 60,Kg,22
PR-1047,Product 5,Piece,9
PR-1048,Product 24,Piece,36
PR-1048,Product 34,Litre,19
PR-1048,Product 99,Litre,14
PR-1048,Product 101,Kg,19
PR-1048,Product 36,Kg,46
PR-1049,Product 24,Pack,42
PR-1049,Product 88,Piece,7
PR-1050,Product 92,Piece,39
PR-1050,Product 30,Kg,43
PR-1050,Product 8,Litre,27
PR-1050,Product 34,Kg,9
PR-1050,Product 33,Pack,12
PR-1050,Product 3,Kg,20
PR-1051,Product 42,Pack,9
PR-1051,Product 74,Pack,23
PR-1051,Product 48,Litre,6
PR-1052,Product 78,Pack,46
PR-1052,Product 101,Piece,35
PR-1052,Product 47,Piece,44
PR-1052,Product 43,Kg,15
PR-1053,Product 6,Kg,11
PR-1053,Product 38,Litre,25
PR-1053,Product 120,Piece,18
PR-1053,Product 20,Pack,42
PR-1054,Product 85,Litre,29
PR-1054,Product 93,Kg,9
PR-1055,Product 73,Pack,39
PR-1055,Product 65,Kg,38
PR-1055,Product 74,Kg,43
PR-1056,Product 85,Piece,17
PR-1056,Product 68,Piece,20
PR-1056,Product 67,Piece,20
PR-1056,Product 57,Piece,19
PR-1056,Product 41,Pack,25
PR-1057,Product 15,Piece,10
PR-1057,Product 89,Piece,40
PR-1057,Product 31,Kg,28
PR-1057,Product 57,Pack,43
PR-1057,Product 94,Litre,33
PR-1057,Product 113,Pack,19
PR-1057,Product 53,Litre,39
PR-1058,Product 100,Litre,43
PR-1058,Product 117,Piece,23
PR-1058,Product 53,Piece,25
PR-1059,Product 11,Pack,37
PR-1059,Product 53,Litre,41
PR-1060,Product 81,Litre,34
PR-1060,Product 113,Kg,15
PR-1060,Product 99,Kg,31
PR-1060,Product 26,Piece,40
PR-1060,Product 116,Pack,11
PR-1061,Product 112,Pack,6
PR-1061,Product 5,Litre,9
PR-1061,Product 107,Litre,37
PR-1062,Product 68,Litre,50
PR-1062,Product 118,Piece,12
PR-1062,Product 50,Piece,26
PR-1062,Product 116,Kg,7
PR-1062,Product 55,Kg,27
PR-1062,Product 46,Pack,31
PR-1062,Product 17,Pack,32
PR-1062,Product 52,Piece,35
PR-1063,Product 18,Kg,14
PR-1063,Product 94,Kg,42
PR-1063,Product 24,Piece,48
PR-1063,Product 93,Pack,29
PR-1063,Product 99,Piece,33
PR-1063,Product 76,Litre,37
PR-1063,Product 118,Piece,11
PR-1064,Product 39,Kg,41
PR-1064,Product 64,Pack,23
PR-1064,Product 44,Piece,29
PR-1065,Product 97,Litre,32
PR-1065,Product 23,Piece,41
PR-1065,Product 19,Piece,11
PR-1065,Product 6,Piece,23
PR-1066,Product 16,Pack,33
PR-1066,Product 37,Litre,15
PR-1066,Product 36,Piece,21
PR-1067,Product 97,Litre,11
PR-1067,Product 14,Litre,40
PR-1067,Product 119,Litre,6
PR-1067,Product 30,Kg,39
PR-1067,Product 86,Litre,5
PR-1067,Product 36,Pack,6
PR-1068,Product 27,Pack,38
PR-1068,Product 37,Litre,34
PR-1068,Product 74,Piece,12
PR-1068,Product 55,Kg,33
PR-1069,Product 64,Piece,47
PR-1069,Product 34,Kg,27
PR-1069,Product 12,Kg,19
PR-1069,Product 111,Kg,25
PR-1069,Product 18,Litre,37
PR-1070,Product 36,Kg,50
PR-1070,Product 59,Piece,7
PR-1070,Product 81,Pack,11
PR-1070,Product 95,Piece,17
PR-1071,Product 72,Litre,13
PR-1071,Product 85,Pack,19
PR-1071,Product 108,Litre,21
PR-1071,Product 113,Pack,14
PR-1071,Product 81,Pack,16
PR-1071,Product 5,Pack,23
PR-1071,Product 82,Litre,17
PR-1071,Product 2,Kg,38
PR-1072,Product 93,Litre,50
PR-1072,Product 96,Litre,7
PR-1072,Product 28,Pack,49
PR-1072,Product 1,Piece,44
PR-1072,Product 56,Pack,45
PR-1072,Product 9,Litre,45
PR-1072,Product 63,Piece,35
PR-1072,Product 72,Litre,24
PR-1073,Product 30,Piece,39
PR-1073,Product 113,Pack,23
PR-1073,Product 38,Kg,19
PR-1073,Product 86,Kg,23
PR-1073,Product 63,Pack,33
PR-1073,Product 102,Piece,20
PR-1073,Product 81,Pack,12
PR-1073,Product 51,Litre,34
PR-1074,Product 85,Pack,50
PR-1074,Product 15,Litre,35
PR-1074,Product 45,Pack,43
PR-1074,Product 90,Pack,48
PR-1075,Product 4,Litre,31
PR-1075,Product 38,Kg,40
PR-1075,Product 35,Piece,21
PR-1076,Product 41,Piece,8
PR-1076,Product 53,Piece,36
PR-1076,Product 51,Litre,26
PR-1076,Product 104,Kg,24
PR-1076,Product 57,Pack,31
PR-1076,Product 55,Litre,41
PR-1076,Product 52,Litre,39
PR-1077,Product 100,Piece,13
PR-1077,Product 81,Kg,6
PR-1077,Product 15,Pack,10
PR-1078,Product 91,Kg,38
PR-1078,Product 43,Litre,28
PR-1078,Product 117,Litre,15
PR-1078,Product 46,Pack,50
PR-1078,Product 99,Litre,23
PR-1078,Product 71,Litre,28
PR-1078,Product 9,Piece,31
PR-1078,Product 84,Litre,40
PR-1079,Product 32,Kg,37
PR-1079,Product 2,Pack,36
PR-1079,Product 5,Kg,15
PR-1079,Product 109,Piece,24
PR-1079,Product 3,Kg,19
PR-1079,Product 97,Litre,7
PR-1079,Product 68,Piece,12
PR-1080,Product 101,Piece,10
PR-1080,Product 49,Kg,9
PR-1080,Product 84,Pack,6
PR-1080,Product 52,Kg,39
PR-1080,Product 17,Litre,11
PR-1080,Product 105,Pack,17
PR-1080,Product 95,Piece,25
PR-1080,Product 113,Pack,37
PR-1081,Product 3,Pack,29
PR-1081,Product 39,Piece,32
PR-1081,Product 36,Kg,19
PR-1081,Product 59,Pack,40
PR-1081,Product 26,Piece,35
PR-1081,Product 13,Piece,49
PR-1081,Product 34,Litre,29
PR-1082,Product 64,Pack,28
PR-1082,Product 94,Kg,33
PR-1083,Product 74,Litre,33
PR-1083,Product 4,Piece,35
PR-1083,Product 51,Kg,46
PR-1084,Product 43,Kg,11
PR-1084,Product 19,Litre,18
PR-1084,Product 104,Pack,42
PR-1084,Product 81,Litre,10
PR-1085,Product 52,Pack,38
PR-1085,Product 79,Litre,8
PR-1085,Product 108,Pack,21
PR-1086,Product 40,Kg,25
PR-1086,Product 95,Pack,5
PR-1086,Product 44,Piece,49
PR-1086,Product 107,Litre,40
PR-1086,Product 20,Pack,39
PR-1087,Product 41,Pack,37
PR-1087,Product 84,Kg,11
PR-1087,Product 31,Pack,49
PR-1087,Product 42,Kg,29
PR-1087,Product 60,Litre,5
PR-1088,Product 67,Litre,17
PR-1088,Product 96,Pack,12
PR-1088,Product 16,Kg,32
PR-1089,Product 22,Litre,40
PR-1089,Product 81,Pack,30
PR-1089,Product 103,Kg,23
PR-1089,Product 68,Kg,32
PR-1089,Product 63,Piece,48
PR-1090,Product 67,Piece,41
PR-1090,Product 42,Litre,14
PR-1090,Product 79,Piece,38
PR-1090,Product 114,Litre,44
PR-1091,Product 48,Piece,13
PR-1091,Product 67,Litre,38
PR-1091,Product 78,Pack,5
PR-1091,Product 33,Piece,31
PR-1091,Product 61,Litre,14
PR-1091,Product 60,Pack,9
PR-1091,Product 27,Kg,24
PR-1092,Product 25,Kg,8
PR-1092,Product 26,Pack,43
PR-1092,Product 89,Litre,9
PR-1092,Product 13,Piece,45
PR-1092,Product 69,Litre,27
PR-1092,Product 59,Kg,17
PR-1092,Product 43,Piece,23
PR-1093,Product 117,Pack,21
PR-1093,Product 112,Litre,9
PR-1093,Product 55,Litre,11
PR-1093,Product 75,Litre,22
PR-1093,Product 94,Litre,21
PR-1093,Product 40,Kg,13
PR-1093,Product 48,Pack,26
PR-1093,Product 80,Piece,44
PR-1094,Product 117,Litre,10
PR-1094,Product 61,Litre,14
PR-1094,Product 27,Litre,35
PR-1094,Product 22,Kg,25
PR-1094,Product 1,Kg,8
PR-1094,Product 101,Litre,37
PR-1094,Product 30,Pack,32
PR-1095,Product 61,Pack,29
PR-1095,Product 42,Pack,50
PR-1095,Product 39,Pack,27
PR-1095,Product 65,Piece,38
PR-1095,Product 98,Piece,38
PR-1095,Product 16,Kg,43
PR-1095,Product 31,Litre,15
PR-1096,Product 107,Pack,36
PR-1096,Product 36,Piece,48
PR-1096,Product 92,Kg,40
PR-1096,Product 19,Pack,46
PR-1096,Product 108,Piece,16
PR-1096,Product 56,Kg,28
PR-1096,Product 72,Pack,47
PR-1097,Product 94,Litre,29
PR-1097,Product 55,Piece,16
PR-1097,Product 28,Kg,17
PR-1097,Product 79,Pack,28
PR-1098,Product 25,Piece,21
PR-1098,Product 1,Kg,43
PR-1098,Product 76,Piece,7
PR-1098,Product 40,Piece,46
PR-1098,Product 43,Pack,30
PR-1098,Product 13,Kg,49
PR-1099,Product 33,Pack,43
PR-1099,Product 36,Pack,36
PR-1099,Product 81,Litre,35
PR-1099,Product 8,Kg,7
PR-1099,Product 74,Piece,6
PR-1099,Product 106,Litre,50
PR-1099,Product 4,Litre,13
PR-1100,Product 54,Kg,8
PR-1100,Product 107,Pack,45
PR-1101,Product 8,Kg,26
PR-1101,Product 41,Piece,50
PR-1101,Product 13,Litre,42
PR-1101,Product 110,Piece,38
PR-1101,Product 70,Kg,47
PR-1101,Product 36,Pack,31
PR-1101,Product 25,Kg,9
PR-1102,Product 106,Litre,22
PR-1102,Product 98,Kg,16
PR-1102,Product 65,Pack,7
PR-1103,Product 78,Pack,16
PR-1103,Product 26,Kg,24
PR-1103,Product 89,Piece,40
PR-1103,Product 65,Piece,12
PR-1104,Product 60,Kg,41
PR-1104,Product 73,Pack,10
PR-1104,Product 108,Kg,10
PR-1104,Product 90,Litre,10
PR-1105,Product 41,Kg,15
PR-1105,Product 76,Kg,18
PR-1105,Product 81,Piece,34
PR-1106,Product 113,Litre,24
PR-1106,Product 93,Litre,13
PR-1107,Product 7,Litre,22
PR-1107,Product 49,Litre,41
PR-1107,Product 91,Piece,31
PR-1107,Product 37,Litre,17
PR-1108,Product 114,Piece,49
PR-1108,Product 26,Pack,21
PR-1108,Product 23,Kg,36
PR-1108,Product 38,Piece,42
PR-1109,Product 45,Pack,45
PR-1109,Product 99,Litre,7
PR-1109,Product 83,Pack,14
PR-1109,Product 67,Litre,49
PR-1110,Product 45,Piece,18
PR-1110,Product 83,Piece,49
PR-1110,Product 104,Piece,10
PR-1110,Product 88,Litre,21
PR-1110,Product 102,Litre,34
PR-1111,Product 5,Litre,35
PR-1111,Product 119,Litre,34
PR-1111,Product 15,Piece,28
PR-1111,Product 67,Pack,47
PR-1112,Product 116,Piece,5
PR-1112,Product 5,Litre,31
PR-1112,Product 42,Pack,26
PR-1112,Product 90,Piece,46
PR-1112,Product 14,Kg,16
PR-1112,Product 81,Piece,24
PR-1113,Product 60,Kg,33
PR-1113,Product 70,Pack,42
PR-1113,Product 24,Pack,30
PR-1114,Product 107,Piece,35
PR-1114,Product 32,Pack,24
PR-1114,Product 33,Kg,19
PR-1114,Product 93,Kg,31
PR-1114,Product 48,Pack,22
PR-1115,Product 52,Piece,43
PR-1115,Product 76,Litre,41
PR-1115,Product 4,Litre,13
PR-1115,Product 21,Piece,8
PR-1115,Product 66,Kg,24
PR-1115,Product 22,Litre,27
PR-1116,Product 51,Litre,17
PR-1116,Product 22,Litre,24
PR-1116,Product 59,Piece,10
PR-1116,Product 1,Litre,20
PR-1116,Product 85,Litre,32
PR-1117,Product 93,Litre,48
PR-1117,Product 32,Piece,5
PR-1118,Product 21,Pack,49
PR-1118,Product 45,Litre,35
PR-1118,Product 13,Pack,34
PR-1118,Product 61,Litre,11
PR-1118,Product 71,Pack,13
PR-1119,Product 98,Piece,23
PR-1119,Product 120,Pack,43
PR-1119,Product 18,Pack,39
PR-1119,Product 52,Kg,27
PR-1120,Product 86,Litre,20
PR-1120,Product 95,Piece,28
PR-1120,Product 76,Piece,37
PR-1120,Product 4,Kg,44
PR-1120,Product 29,Pack,9
PR-1121,Product 30,Pack,10
PR-1121,Product 18,Piece,29
PR-1121,Product 64,Litre,32
PR-1121,Product 25,Litre,23
PR-1121,Product 6,Piece,29
PR-1121,Product 28,Pack,7
PR-1121,Product 39,Piece,31
PR-1122,Product 21,Kg,34
PR-1122,Product 51,Kg,27
PR-1122,Product 88,Kg,46
PR-1123,Product 52,Pack,48
PR-1123,Product 103,Pack,5
PR-1123,Product 104,Pack,46
PR-1123,Product 2,Pack,32
PR-1123,Product 21,Kg,24
PR-1123,Product 41,Pack,21
PR-1123,Product 17,Kg,43
PR-1123,Product 74,Pack,37
PR-1124,Product 100,Piece,12
PR-1124,Product 61,Litre,32
PR-1124,Product 92,Pack,48
PR-1124,Product 43,Kg,14
PR-1125,Product 44,Piece,17
PR-1125,Product 120,Pack,32
PR-1126,Product 60,Kg,12
PR-1126,Product 37,Pack,34
PR-1127,Product 7,Piece,21
PR-1127,Product 114,Pack,26
PR-1127,Product 77,Piece,6
PR-1127,Product 88,Piece,16
PR-1128,Product 46,Piece,24
PR-1128,Product 54,Kg,43
PR-1128,Product 3,Kg,27
PR-1128,Product 58,Kg,39
PR-1129,Product 51,Litre,45
PR-1129,Product 32,Pack,32
PR-1129,Product 23,Piece,27
PR-1129,Product 11,Pack,49
PR-1129,Product 69,Litre,38
PR-1129,Product 13,Pack,7
PR-1129,Product 17,Kg,25
PR-1130,Product 5,Kg,29
PR-1130,Product 19,Kg,26
PR-1130,Product 78,Piece,32
PR-1130,Product 93,Pack,6
PR-1131,Product 96,Kg,32
PR-1131,Product 33,Kg,17
PR-1131,Product 93,Piece,24
PR-1132,Product 66,Kg,28
PR-1132,Product 70,Pack,18
PR-1132,Product 110,Pack,22
PR-1132,Product 102,Litre,22
PR-1132,Product 32,Kg,43
PR-1132,Product 89,Pack,16
PR-1133,Product 37,Pack,47
PR-1133,Product 35,Litre,22
PR-1133,Product 1,Piece,34
PR-1133,Product 53,Piece,11
PR-1133,Product 27,Litre,19
PR-1133,Product 3,Kg,50
PR-1133,Product 101,Piece,19
PR-1134,Product 79,Pack,42
PR-1134,Product 37,Pack,45
PR-1135,Product 43,Kg,26
PR-1135,Product 70,Piece,25
PR-1135,Product 50,Piece,33
PR-1135,Product 61,Litre,34
PR-1135,Product 120,Pack,18
PR-1135,Product 72,Litre,48
PR-1136,Product 33,Kg,45
PR-1136,Product 52,Pack,40
PR-1136,Product 5,Piece,10
PR-1136,Product 85,Litre,38
PR-1136,Product 110,Piece,24
PR-1137,Product 97,Pack,6
PR-1137,Product 41,Litre,44
PR-1137,Product 58,Litre,44
PR-1137,Product 87,Piece,41
PR-1138,Product 54,Pack,20
PR-1138,Product 98,Pack,39
PR-1138,Product 3,Litre,29
PR-1138,Product 97,Kg,11
PR-1138,Product 37,Pack,18
PR-1139,Product 15,Litre,15
PR-1139,Product 74,Pack,40
PR-1139,Product 38,Pack,27
PR-1140,Product 28,Kg,47
PR-1140,Product 54,Piece,37
PR-1140,Product 116,Pack,19
PR-1140,Product 77,Pack,36
PR-1140,Product 36,Pack,23
PR-1140,Product 41,Pack,15
PR-1140,Product 99,Litre,30
PR-1140,Product 47,Piece,5
PR-1141,Product 107,Kg,29
PR-1141,Product 43,Pack,31
PR-1141,Product 98,Pack,17
PR-1141,Product 60,Kg,44
PR-1141,Product 84,Litre,13
PR-1141,Product 23,Kg,43
PR-1142,Product 94,Litre,41
PR-1142,Product 53,Pack,48
PR-1142,Product 3,Kg,28
PR-1142,Product 42,Kg,43
PR-1142,Product 79,Pack,40
PR-1142,Product 32,Litre,15
PR-1143,Product 48,Pack,50
PR-1143,Product 93,Litre,25
PR-1143,Product 112,Litre,23
PR-1143,Product 31,Kg,6
PR-1143,Product 23,Litre,41
PR-1144,Product 59,Litre,16
PR-1144,Product 32,Pack,37
PR-1144,Product 88,Kg,43
PR-1144,Product 78,Piece,15
PR-1144,Product 57,Litre,34
PR-1145,Product 9,Pack,29
PR-1145,Product 1,Kg,31
PR-1145,Product 96,Piece,50
PR-1145,Product 5,Kg,50
PR-1145,Product 88,Kg,33
PR-1145,Product 87,Pack,8
PR-1145,Product 53,Piece,30
PR-1146,Product 106,Pack,32
PR-1146,Product 93,Kg,11
PR-1146,Product 99,Litre,21
PR-1146,Product 6,Kg,15
PR-1146,Product 47,Piece,31
PR-1146,Product 52,Piece,14
PR-1146,Product 92,Litre,35
PR-1146,Product 119,Litre,21
PR-1147,Product 43,Kg,34
PR-1147,Product 83,Pack,20
PR-1148,Product 34,Piece,41
PR-1148,Product 44,Piece,43
PR-1148,Product 38,Kg,13
PR-1148,Product 89,Litre,38
PR-1148,Product 57,Piece,6
PR-1148,Product 43,Litre,28
PR-1148,Product 101,Piece,50
PR-1148,Product 58,Piece,24
PR-1149,Product 21,Piece,14
PR-1149,Product 73,Litre,14
PR-1149,Product 82,Piece,29
PR-1149,Product 40,Piece,45
PR-1149,Product 61,Litre,6
PR-1149,Product 92,Litre,42
PR-1149,Product 57,Piece,14
PR-1150,Product 2,Pack,35
PR-1150,Product 34,Litre,27
PR-1150,Product 47,Litre,42
PR-1150,Product 93,Piece,38
PR-1150,Product 66,Piece,29
PR-1150,Product 96,Pack,46
PR-1151,Product 112,Litre,35
PR-1151,Product 68,Pack,5
PR-1151,Product 62,Kg,26
PR-1152,Product 40,Litre,22
PR-1152,Product 27,Kg,46
PR-1152,Product 29,Litre,27
PR-1153,Product 59,Litre,17
PR-1153,Product 73,Piece,47
PR-1153,Product 117,Kg,30
PR-1153,Product 82,Kg,26
PR-1153,Product 2,Kg,22
PR-1154,Product 69,Kg,33
PR-1154,Product 109,Litre,20
PR-1154,Product 95,Piece,16
PR-1154,Product 112,Litre,19
PR-1154,Product 11,Pack,16
PR-1154,Product 103,Kg,43
PR-1155,Product 71,Litre,9
PR-1155,Product 36,Litre,38
PR-1155,Product 12,Piece,8
PR-1155,Product 96,Litre,19
PR-1156,Product 75,Pack,11
PR-1156,Product 98,Kg,25
PR-1156,Product 62,Kg,17
PR-1157,Product 15,Kg,39
PR-1157,Product 57,Litre,43
PR-1157,Product 11,Pack,24
PR-1157,Product 61,Kg,42
PR-1157,Product 26,Pack,12
PR-1158,Product 114,Pack,5
PR-1158,Product 57,Piece,31
PR-1158,Product 100,Piece,36
PR-1158,Product 83,Litre,26
PR-1158,Product 25,Pack,37
PR-1158,Product 76,Piece,46
PR-1158,Product 104,Piece,21
PR-1159,Product 69,Pack,12
PR-1159,Product 32,Litre,36
PR-1159,Product 44,Kg,25
PR-1159,Product 36,Pack,36
PR-1159,Product 87,Litre,16
PR-1159,Product 72,Kg,32
PR-1159,Product 65,Piece,11
PR-1159,Product 40,Pack,26
PR-1160,Product 88,Litre,18
PR-1160,Product 69,Piece,37
PR-1160,Product 106,Piece,25
PR-1160,Product 24,Pack,11
PR-1160,Product 25,Piece,44
PR-1160,Product 100,Litre,41
PR-1160,Product 14,Litre,25
PR-1161,Product 25,Litre,15
PR-1161,Product 99,Litre,25
PR-1161,Product 51,Pack,46
PR-1162,Product 101,Piece,35
PR-1162,Product 54,Piece,28
PR-1162,Product 100,Litre,24
PR-1162,Product 93,Piece,27
PR-1162,Product 35,Piece,33
PR-1162,Product 30,Piece,32
PR-1163,Product 51,Pack,27
PR-1163,Product 98,Litre,34
PR-1163,Product 54,Piece,6
PR-1163,Product 1,Litre,18
PR-1163,Product 52,Piece,23
PR-1163,Product 8,Piece,6
PR-1164,Product 55,Litre,18
PR-1164,Product 102,Pack,22
PR-1164,Product 49,Kg,9
PR-1164,Product 42,Litre,15
PR-1165,Product 93,Kg,47
PR-1165,Product 62,Pack,49
PR-1165,Product 76,Pack,20
PR-1165,Product 61,Piece,43
PR-1166,Product 49,Piece,33
PR-1166,Product 8,Piece,12
PR-1166,Product 13,Pack,13
PR-1166,Product 82,Kg,25
PR-1166,Product 44,Pack,14
PR-1166,Product 36,Litre,42
PR-1167,Product 74,Pack,20
PR-1167,Product 26,Piece,41
PR-1167,Product 72,Piece,40
PR-1167,Product 12,Piece,49
PR-1168,Product 18,Kg,49
PR-1168,Product 99,Piece,28
PR-1169,Product 58,Pack,28
PR-1169,Product 96,Piece,17
PR-1169,Product 114,Piece,21
PR-1169,Product 28,Kg,13
PR-1169,Product 24,Kg,46
PR-1169,Product 42,Pack,32
PR-1169,Product 60,Pack,36
PR-1169,Product 30,Kg,38
PR-1170,Product 117,Piece,6
PR-1170,Product 66,Pack,7
PR-1171,Product 112,Piece,41
PR-1171,Product 103,Piece,45
PR-1171,Product 42,Kg,9
PR-1171,Product 102,Kg,40
PR-1171,Product 69,Kg,39
PR-1171,Product 63,Litre,37
PR-1172,Product 109,Kg,48
PR-1172,Product 12,Pack,22
PR-1172,Product 74,Pack,33
PR-1172,Product 119,Litre,46
PR-1172,Product 60,Piece,9
PR-1172,Product 79,Litre,46
PR-1172,Product 84,Piece,34
PR-1172,Product 25,Pack,6
PR-1173,Product 74,Pack,6
PR-1173,Product 38,Kg,19
PR-1173,Product 1,Piece,32
PR-1173,Product 80,Litre,21
PR-1173,Product 107,Litre,42
PR-1174,Product 99,Piece,50
PR-1174,Product 42,Litre,17
PR-1174,Product 69,Litre,18
PR-1174,Product 59,Piece,16
PR-1174,Product 84,Kg,6
PR-1174,Product 86,Kg,13
PR-1174,Product 26,Piece,9
PR-1175,Product 112,Litre,17
PR-1175,Product 41,Piece,15
PR-1175,Product 119,Pack,22
PR-1175,Product 30,Litre,18
PR-1176,Product 46,Pack,6
PR-1176,Product 4,Pack,18
PR-1176,Product 18,Pack,8
PR-1176,Product 113,Pack,33
PR-1176,Product 116,Pack,17
PR-1176,Product 57,Litre,29
PR-1176,Product 16,Kg,10
PR-1176,Product 107,Litre,37
PR-1177,Product 93,Kg,36
PR-1177,Product 67,Piece,25
PR-1177,Product 16,Pack,17
PR-1177,Product 21,Litre,10
PR-1177,Product 97,Piece,35
PR-1177,Product 27,Piece,37
PR-1178,Product 59,Kg,29
PR-1178,Product 3,Pack,30
PR-1179,Product 13,Piece,19
PR-1179,Product 46,Kg,46
PR-1179,Product 47,Pack,35
PR-1179,Product 40,Kg,22
PR-1179,Product 108,Piece,7
PR-1179,Product 9,Litre,20
PR-1179,Product 56,Litre,41
PR-1179,Product 109,Kg,13
PR-1180,Product 20,Kg,43
PR-1180,Product 18,Litre,47
PR-1180,Product 89,Piece,28
PR-1180,Product 61,Pack,15
PR-1180,Product 98,Pack,16
PR-1180,Product 5,Litre,38
PR-1181,Product 95,Litre,28
PR-1181,Product 104,Kg,15
PR-1181,Product 86,Kg,36
PR-1182,Product 40,Piece,21
PR-1182,Product 52,Piece,6
PR-1182,Product 81,Kg,26
PR-1183,Product 114,Kg,14
PR-1183,Product 61,Pack,7
PR-1184,Product 49,Litre,11
PR-1184,Product 98,Kg,27
PR-1184,Product 77,Litre,10
PR-1184,Product 93,Pack,9
PR-1184,Product 68,Kg,35
PR-1184,Product 22,Pack,31
PR-1185,Product 115,Kg,24
PR-1185,Product 69,Pack,35
PR-1185,Product 57,Piece,13
PR-1185,Product 18,Piece,47
PR-1185,Product 110,Piece,44
PR-1185,Product 78,Kg,35
PR-1185,Product 104,Pack,41
PR-1185,Product 82,Litre,13
PR-1186,Product 66,Litre,19
PR-1186,Product 17,Kg,11
PR-1186,Product 104,Pack,23
PR-1187,Product 14,Piece,26
PR-1187,Product 32,Pack,47
PR-1187,Product 29,Piece,13
PR-1187,Product 33,Piece,32
PR-1187,Product 24,Piece,47
PR-1187,Product 94,Litre,42
PR-1188,Product 120,Kg,17
PR-1188,Product 109,Litre,5
PR-1188,Product 5,Litre,45
PR-1188,Product 96,Kg,20
PR-1188,Product 116,Litre,30
PR-1188,Product 103,Piece,5
PR-1188,Product 50,Pack,35
PR-1189,Product 45,Litre,34
PR-1189,Product 25,Piece,39
PR-1189,Product 81,Pack,12
PR-1189,Product 112,Piece,46
PR-1189,Product 105,Piece,26
PR-1189,Product 74,Litre,21
PR-1189,Product 52,Piece,36
PR-1189,Product 58,Pack,47
PR-1190,Product 86,Piece,38
PR-1190,Product 110,Piece,9
PR-1191,Product 47,Pack,12
PR-1191,Product 55,Kg,40
PR-1191,Product 83,Piece,13
PR-1191,Product 4,Piece,24
PR-1191,Product 70,Pack,32
PR-1191,Product 17,Kg,37
PR-1191,Product 13,Litre,30
PR-1191,Product 30,Litre,14
PR-1192,Product 88,Litre,41
PR-1192,Product 29,Kg,39
PR-1192,Product 100,Piece,39
PR-1192,Product 3,Litre,49
PR-1192,Product 26,Litre,28
PR-1192,Product 94,Litre,11
PR-1192,Product 96,Litre,45
PR-1192,Product 46,Litre,50
PR-1193,Product 70,Litre,22
PR-1193,Product 79,Kg,30
PR-1193,Product 55,Piece,29
PR-1194,Product 54,Piece,5
PR-1194,Product 115,Kg,21
PR-1194,Product 61,Piece,18
PR-1194,Product 60,Kg,8
PR-1194,Product 42,Pack,13
PR-1194,Product 18,Litre,35
PR-1195,Product 21,Pack,42
PR-1195,Product 98,Litre,20
PR-1195,Product 104,Piece,9
PR-1195,Product 32,Litre,22
PR-1195,Product 51,Litre,30
PR-1195,Product 101,Kg,42
PR-1195,Product 83,Litre,18
PR-1195,Product 54,Pack,14
PR-1196,Product 36,Piece,38
PR-1196,Product 98,Kg,45
PR-1196,Product 42,Pack,19
PR-1196,Product 2,Pack,24
PR-1196,Product 82,Kg,39
PR-1196,Product 16,Pack,14
PR-1196,Product 67,Kg,26
PR-1197,Product 6,Piece,12
PR-1197,Product 49,Pack,32
PR-1197,Product 108,Litre,50
PR-1197,Product 115,Pack,23
PR-1198,Product 67,Piece,20
PR-1198,Product 14,Pack,49
PR-1198,Product 12,Pack,31
PR-1199,Product 82,Piece,22
PR-1199,Product 14,Piece,45
PR-1200,Product 43,Kg,5
PR-1200,Product 54,Kg,50
PR-1200,Product 86,Pack,20
PR-1200,Product 108,Pack,19
PR-1200,Product 33,Pack,47
PR-1200,Product 46,Piece,11
PR-1201,Product 106,Pack,7
PR-1201,Product 91,Kg,42
PR-1201,Product 63,Kg,41
PR-1201,Product 72,Kg,12
PR-1201,Product 78,Litre,28
PR-1201,Product 108,Pack,30
PR-1201,Product 73,Kg,27
PR-1201,Product 49,Pack,34
PR-1202,Product 111,Pack,47
PR-1202,Product 67,Kg,18
PR-1202,Product 5,Litre,6
PR-1202,Product 52,Piece,11
PR-1202,Product 105,Piece,31
PR-1202,Product 104,Kg,34
PR-1203,Product 115,Pack,8
PR-1203,Product 33,Piece,34
PR-1203,Product 46,Piece,15
PR-1203,Product 105,Litre,40
PR-1203,Product 88,Piece,30
PR-1203,Product 45,Piece,16
PR-1203,Product 32,Pack,10
PR-1203,Product 36,Piece,27
PR-1204,Product 69,Piece,11
PR-1204,Product 95,Kg,45
PR-1204,Product 104,Pack,25
PR-1204,Product 108,Pack,45
PR-1204,Product 30,Litre,29
PR-1204,Product 41,Litre,21
PR-1205,Product 91,Litre,15
PR-1205,Product 63,Piece,6
PR-1205,Product 45,Kg,17
PR-1205,Product 44,Piece,37
PR-1205,Product 104,Piece,40
PR-1205,Product 57,Litre,30
PR-1205,Product 115,Kg,17
PR-1205,Product 47,Kg,10
PR-1206,Product 77,Litre,50
PR-1206,Product 118,Piece,39
PR-1206,Product 113,Piece,30
PR-1206,Product 85,Litre,29
PR-1206,Product 52,Kg,23
PR-1206,Product 110,Kg,25
PR-1206,Product 34,Litre,33
PR-1207,Product 6,Litre,49
PR-1207,Product 32,Litre,20
PR-1207,Product 71,Litre,33
PR-1207,Product 20,Litre,14
PR-1207,Product 86,Kg,23
PR-1207,Product 36,Litre,6
PR-1207,Product 4,Pack,33
PR-1207,Product 64,Pack,40
PR-1208,Product 73,Pack,45
PR-1208,Product 25,Pack,21
PR-1208,Product 53,Piece,21
PR-1208,Product 24,Pack,28
PR-1208,Product 109,Piece,20
PR-1208,Product 67,Piece,39
PR-1209,Product 10,Litre,39
PR-1209,Product 89,Litre,11
PR-1209,Product 18,Pack,39
PR-1209,Product 42,Piece,11
PR-1210,Product 106,Litre,34
PR-1210,Product 78,Piece,41
PR-1210,Product 30,Kg,34
PR-1210,Product 93,Pack,36
PR-1210,Product 45,Pack,9
PR-1210,Product 92,Litre,6
PR-1210,Product 90,Pack,40
PR-1210,Product 83,Kg,27
PR-1211,Product 112,Piece,9
PR-1211,Product 91,Piece,41
PR-1211,Product 19,Piece,6
PR-1211,Product 9,Pack,32
PR-1211,Product 88,Litre,30
PR-1212,Product 85,Piece,26
PR-1212,Product 58,Litre,41
PR-1212,Product 40,Pack,14
PR-1213,Product 70,Piece,42
PR-1213,Product 88,Kg,9
PR-1213,Product 76,Kg,38
PR-1213,Product 41,Pack,15
PR-1213,Product 111,Litre,20
PR-1213,Product 1,Litre,16
PR-1213,Product 79,Kg,46
PR-1213,Product 7,Pack,12
PR-1214,Product 12,Pack,31
PR-1214,Product 13,Pack,49
PR-1214,Product 52,Pack,13
PR-1214,Product 74,Piece,16
PR-1215,Product 40,Litre,50
PR-1215,Product 46,Pack,21
PR-1216,Product 12,Litre,27
PR-1216,Product 24,Kg,26
PR-1216,Product 34,Pack,11
PR-1216,Product 52,Piece,6
PR-1216,Product 26,Kg,40
PR-1217,Product 88,Kg,15
PR-1217,Product 48,Kg,38
PR-1218,Product 1,Pack,24
PR-1218,Product 42,Kg,41
PR-1219,Product 48,Pack,16
PR-1219,Product 110,Litre,27
PR-1219,Product 9,Kg,48
PR-1219,Product 23,Litre,43
PR-1219,Product 25,Piece,41
PR-1219,Product 82,Litre,33
PR-1220,Product 109,Pack,6
PR-1220,Product 113,Kg,39
PR-1220,Product 99,Kg,24
PR-1220,Product 23,Piece,11
PR-1220,Product 65,Piece,48
PR-1220,Product 20,Litre,42
PR-1220,Product 105,Litre,11
PR-1221,Product 25,Piece,34
PR-1221,Product 78,Pack,33
PR-1221,Product 20,Kg,47
PR-1221,Product 79,Kg,26
PR-1221,Product 118,Litre,28
PR-1222,Product 31,Litre,30
PR-1222,Product 105,Kg,27
PR-1222,Product 63,Kg,35
PR-1223,Product 108,Kg,47
PR-1223,Product 117,Piece,38
PR-1223,Product 85,Pack,39
PR-1223,Product 91,Litre,23
PR-1223,Product 97,Piece,13
PR-1223,Product 76,Pack,17
PR-1223,Product 13,Piece,45
PR-1223,Product 109,Pack,30
PR-1224,Product 49,Piece,40
PR-1224,Product 11,Pack,44
PR-1224,Product 63,Pack,24
PR-1224,Product 4,Pack,23
PR-1224,Product 14,Kg,38
PR-1225,Product 6,Litre,46
PR-1225,Product 25,Piece,8
PR-1225,Product 12,Kg,8
PR-1225,Product 40,Piece,29
PR-1225,Product 115,Litre,27
PR-1225,Product 76,Kg,48
PR-1225,Product 96,Pack,37
PR-1225,Product 116,Litre,37
PR-1226,Product 88,Litre,11
PR-1226,Product 90,Pack,16
PR-1226,Product 6,Litre,50
PR-1226,Product 117,Piece,9
PR-1227,Product 27,Pack,18
PR-1227,Product 64,Kg,23
PR-1227,Product 74,Kg,20
PR-1227,Product 82,Piece,16
PR-1227,Product 79,Pack,19
PR-1227,Product 2,Piece,30
PR-1227,Product 6,Kg,14
PR-1228,Product 77,Piece,32
PR-1228,Product 32,Piece,18
PR-1228,Product 80,Piece,31
PR-1229,Product 2,Litre,36
PR-1229,Product 54,Piece,43
PR-1229,Product 106,Kg,45
PR-1229,Product 53,Pack,7
PR-1229,Product 49,Pack,13
PR-1229,Product 36,Litre,9
PR-1229,Product 108,Kg,12
PR-1230,Product 116,Kg,16
PR-1230,Product 102,Piece,15
PR-1230,Product 63,Piece,48
PR-1231,Product 120,Piece,11
PR-1231,Product 89,Kg,30
PR-1231,Product 51,Litre,10
PR-1231,Product 37,Pack,17
PR-1231,Product 69,Litre,38
PR-1231,Product 110,Kg,35
PR-1231,Product 73,Pack,11
PR-1232,Product 30,Pack,16
PR-1232,Product 5,Kg,49
PR-1233,Product 9,Pack,43
PR-1233,Product 31,Kg,47
PR-1233,Product 56,Litre,18
PR-1233,Product 79,Piece,7
PR-1233,Product 48,Kg,14
PR-1233,Product 57,Piece,21
PR-1233,Product 95,Litre,27
PR-1233,Product 19,Pack,17
PR-1234,Product 8,Litre,16
PR-1234,Product 51,Litre,26
PR-1234,Product 49,Pack,6
PR-1234,Product 20,Pack,9
PR-1234,Product 38,Litre,43
PR-1234,Product 65,Piece,40
PR-1234,Product 9,Litre,14
PR-1235,Product 41,Kg,44
PR-1235,Product 8,Litre,25
PR-1235,Product 15,Piece,7
PR-1235,Product 88,Litre,11
PR-1235,Product 9,Litre,5
PR-1235,Product 53,Pack,5
PR-1236,Product 8,Litre,45
PR-1236,Product 105,Kg,41
PR-1236,Product 50,Kg,6
PR-1236,Product 99,Pack,41
PR-1236,Product 73,Pack,23
PR-1236,Product 16,Pack,33
PR-1237,Product 31,Pack,35
PR-1237,Product 88,Litre,34
PR-1237,Product 63,Piece,19
PR-1237,Product 79,Litre,23
PR-1237,Product 33,Litre,29
PR-1237,Product 45,Piece,15
PR-1237,Product 82,Piece,6
PR-1238,Product 104,Pack,50
PR-1238,Product 39,Litre,30
PR-1238,Product 19,Litre,45
PR-1238,Product 6,Piece,18
PR-1238,Product 59,Pack,31
PR-1239,Product 59,Pack,28
PR-1239,Product 94,Piece,25
PR-1239,Product 58,Pack,13
PR-1239,Product 57,Litre,20
PR-1239,Product 50,Litre,50
PR-1240,Product 73,Piece,34
PR-1240,Product 25,Pack,28
PR-1240,Product 112,Piece,18
PR-1241,Product 19,Pack,24
PR-1241,Product 61,Pack,8
PR-1241,Product 14,Litre,18
PR-1241,Product 70,Piece,40
PR-1241,Product 84,Litre,47
PR-1242,Product 120,Kg,49
PR-1242,Product 67,Litre,29
PR-1242,Product 56,Litre,22
PR-1242,Product 24,Litre,46
PR-1242,Product 57,Pack,41
PR-1243,Product 103,Litre,36
PR-1243,Product 26,Piece,44
PR-1243,Product 20,Kg,48
PR-1243,Product 53,Kg,9
PR-1243,Product 41,Kg,6
PR-1243,Product 60,Kg,8
PR-1243,Product 32,Piece,10
PR-1243,Product 112,Piece,27
PR-1244,Product 96,Piece,9
PR-1244,Product 20,Piece,44
PR-1244,Product 28,Piece,42
PR-1245,Product 58,Litre,14
PR-1245,Product 61,Litre,31
PR-1245,Product 44,Kg,39
PR-1245,Product 91,Pack,15
PR-1245,Product 23,Pack,49
PR-1245,Product 38,Piece,49
PR-1245,Product 39,Litre,12
PR-1245,Product 13,Litre,33
PR-1246,Product 97,Litre,29
PR-1246,Product 6,Pack,29
PR-1247,Product 22,Piece,33
PR-1247,Product 99,Litre,33
PR-1247,Product 3,Kg,36
PR-1247,Product 76,Piece,26
PR-1247,Product 89,Kg,28
PR-1248,Product 23,Piece,48
PR-1248,Product 18,Pack,14
PR-1249,Product 120,Litre,45
PR-1249,Product 102,Piece,23
PR-1250,Product 102,Kg,44
PR-1250,Product 101,Pack,15
PR-1250,Product 11,Piece,21
PR-1250,Product 46,Litre,37
PR-1250,Product 78,Piece,38
PR-1250,Product 103,Kg,36
PR-1250,Product 64,Piece,15
PR-1251,Product 84,Piece,21
PR-1251,Product 31,Pack,32
PR-1252,Product 6,Pack,47
PR-1252,Product 35,Kg,26
PR-1252,Product 96,Kg,13
PR-1252,Product 98,Kg,41
PR-1253,Product 39,Litre,35
PR-1253,Product 49,Pack,29
PR-1254,Product 89,Piece,49
PR-1254,Product 87,Pack,26
PR-1255,Product 103,Pack,31
PR-1255,Product 66,Piece,13
PR-1255,Product 110,Piece,21
PR-1255,Product 101,Litre,36
PR-1256,Product 35,Kg,47
PR-1256,Product 11,Piece,37
PR-1256,Product 117,Kg,6
PR-1256,Product 58,Litre,11
PR-1257,Product 10,Kg,14
PR-1257,Product 23,Litre,10
PR-1257,Product 48,Kg,5
PR-1258,Product 2,Kg,14
PR-1258,Product 95,Pack,45
PR-1258,Product 104,Piece,47
PR-1258,Product 44,Kg,44
PR-1258,Product 112,Kg,8
PR-1258,Product 117,Litre,17
PR-1258,Product 80,Kg,16
PR-1259,Product 92,Kg,32
PR-1259,Product 12,Litre,18
PR-1260,Product 92,Pack,25
PR-1260,Product 11,Litre,35
PR-1261,Product 26,Kg,33
PR-1261,Product 91,Litre,37
PR-1261,Product 64,Kg,10
PR-1261,Product 78,Litre,17
PR-1261,Product 24,Piece,14
PR-1261,Product 61,Litre,49
PR-1261,Product 37,Kg,49
PR-1261,Product 94,Kg,17
PR-1262,Product 109,Litre,15
PR-1262,Product 42,Pack,45
PR-1262,Product 97,Piece,43
PR-1263,Product 65,Piece,27
PR-1263,Product 82,Litre,38
PR-1263,Product 37,Kg,46
PR-1263,Product 28,Piece,23
PR-1263,Product 55,Litre,9
PR-1264,Product 9,Piece,8
PR-1264,Product 64,Pack,10
PR-1265,Product 98,Kg,25
PR-1265,Product 116,Piece,49
PR-1265,Product 92,Kg,41
PR-1265,Product 58,Piece,25
PR-1265,Product 2,Pack,27
PR-1265,Product 96,Pack,28
PR-1265,Product 87,Pack,24
PR-1266,Product 63,Kg,49
PR-1266,Product 41,Piece,31
PR-1266,Product 70,Pack,34
PR-1266,Product 96,Piece,30
PR-1266,Product 25,Pack,34
PR-1266,Product 30,Pack,14
PR-1266,Product 76,Litre,29
PR-1266,Product 22,Pack,6
PR-1267,Product 18,Piece,5
PR-1267,Product 101,Pack,47
PR-1267,Product 41,Litre,14
PR-1267,Product 49,Litre,18
PR-1267,Product 112,Kg,6
PR-1267,Product 81,Pack,35
PR-1267,Product 20,Litre,22
PR-1267,Product 52,Piece,17
PR-1268,Product 64,Litre,24
PR-1268,Product 51,Piece,19
PR-1269,Product 63,Pack,32
PR-1269,Product 78,Pack,15
PR-1269,Product 93,Pack,47
PR-1270,Product 46,Kg,25
PR-1270,Product 14,Pack,43
PR-1271,Product 19,Litre,31
PR-1271,Product 31,Pack,5
PR-1271,Product 67,Piece,45
PR-1271,Product 64,Litre,26
PR-1272,Product 40,Litre,38
PR-1272,Product 88,Piece,26
PR-1272,Product 80,Piece,49
PR-1272,Product 55,Litre,28
PR-1272,Product 79,Pack,9
PR-1272,Product 16,Kg,33
PR-1272,Product 77,Piece,31
PR-1273,Product 27,Litre,25
PR-1273,Product 42,Pack,22
PR-1273,Product 89,Piece,41
PR-1274,Product 43,Litre,50
PR-1274,Product 90,Litre,20
PR-1274,Product 25,Pack,41
PR-1274,Product 116,Pack,6
PR-1274,Product 17,Piece,37
PR-1274,Product 42,Kg,29
PR-1274,Product 101,Litre,44
PR-1274,Product 81,Piece,10
PR-1275,Product 63,Piece,9
PR-1275,Product 60,Pack,29
PR-1275,Product 78,Litre,22
PR-1275,Product 116,Litre,28
PR-1275,Product 115,Kg,35
PR-1275,Product 94,Litre,19
PR-1276,Product 1,Litre,22
PR-1276,Product 42,Piece,36
PR-1276,Product 46,Piece,43
PR-1276,Product 106,Litre,46
PR-1276,Product 80,Litre,43
PR-1276,Product 62,Kg,23
PR-1276,Product 72,Kg,17
PR-1277,Product 103,Pack,49
PR-1277,Product 65,Kg,24
PR-1277,Product 37,Piece,18
PR-1277,Product 32,Litre,23
PR-1277,Product 102,Kg,6
PR-1277,Product 49,Pack,10
PR-1278,Product 60,Pack,45
PR-1278,Product 100,Pack,40
PR-1278,Product 117,Litre,43
PR-1278,Product 19,Pack,25
PR-1279,Product 120,Pack,22
PR-1279,Product 36,Litre,50
PR-1280,Product 59,Kg,12
PR-1280,Product 37,Kg,25
PR-1280,Product 21,Pack,28
PR-1280,Product 76,Litre,25
PR-1280,Product 17,Pack,40
PR-1280,Product 42,Kg,45
PR-1281,Product 83,Kg,46
PR-1281,Product 42,Piece,25
PR-1281,Product 51,Kg,37
PR-1281,Product 23,Kg,50
PR-1281,Product 79,Litre,36
PR-1282,Product 119,Litre,14
PR-1282,Product 9,Kg,38
PR-1283,Product 92,Piece,27
PR-1283,Product 31,Piece,10
PR-1283,Product 12,Pack,26
PR-1284,Product 9,Pack,49
PR-1284,Product 64,Litre,40
PR-1284,Product 52,Kg,18
PR-1284,Product 70,Pack,15
PR-1284,Product 8,Kg,21
PR-1284,Product 68,Litre,20
PR-1284,Product 54,Kg,46
PR-1284,Product 83,Kg,8
PR-1285,Product 108,Litre,13
PR-1285,Product 90,Piece,25
PR-1285,Product 29,Pack,45
PR-1285,Product 62,Pack,6
PR-1285,Product 6,Piece,36
PR-1285,Product 98,Kg,47
PR-1285,Product 30,Pack,40
PR-1286,Product 6,Kg,18
PR-1286,Product 26,Litre,42
PR-1287,Product 1,Piece,37
PR-1287,Product 45,Litre,30
PR-1287,Product 90,Litre,14
PR-1287,Product 11,Kg,45
PR-1287,Product 75,Piece,22
PR-1288,Product 48,Piece,26
PR-1288,Product 66,Litre,25
PR-1288,Product 50,Piece,30
PR-1288,Product 21,Kg,46
PR-1288,Product 107,Piece,33
PR-1288,Product 26,Kg,33
PR-1289,Product 84,Litre,12
PR-1289,Product 86,Kg,29
PR-1289,Product 66,Kg,18
PR-1289,Product 99,Litre,41
PR-1289,Product 52,Piece,49
PR-1289,Product 27,Litre,42
PR-1290,Product 39,Piece,18
PR-1290,Product 47,Kg,24
PR-1290,Product 60,Kg,18
PR-1290,Product 7,Litre,26
PR-1290,Product 83,Litre,36
PR-1290,Product 81,Pack,25
PR-1290,Product 30,Pack,30
PR-1290,Product 73,Litre,36
PR-1291,Product 72,Litre,9
PR-1291,Product 77,Kg,5
PR-1291,Product 37,Kg,44
PR-1291,Product 102,Kg,5
PR-1291,Product 86,Piece,5
PR-1292,Product 57,Litre,11
PR-1292,Product 49,Kg,28
PR-1292,Product 94,Litre,46
PR-1292,Product 73,Litre,32
PR-1293,Product 113,Piece,7
PR-1293,Product 48,Kg,24
PR-1293,Product 10,Litre,21
PR-1293,Product 36,Pack,18
PR-1293,Product 54,Kg,45
PR-1293,Product 84,Kg,35
PR-1293,Product 3,Litre,5
PR-1294,Product 12,Litre,34
PR-1294,Product 93,Piece,22
PR-1295,Product 90,Pack,9
PR-1295,Product 73,Litre,18
PR-1296,Product 51,Pack,6
PR-1296,Product 87,Kg,36
PR-1297,Product 107,Kg,47
PR-1297,Product 60,Kg,22
PR-1297,Product 53,Piece,35
PR-1297,Product 23,Litre,22
PR-1297,Product 2,Kg,47
PR-1298,Product 112,Pack,5
PR-1298,Product 25,Kg,41
PR-1298,Product 31,Pack,40
PR-1298,Product 89,Pack,19
PR-1299,Product 109,Piece,34
PR-1299,Product 96,Pack,39
PR-1299,Product 7,Litre,28
PR-1299,Product 37,Piece,40
PR-1299,Product 47,Litre,25
PR-1299,Product 12,Piece,31
PR-1299,Product 77,Litre,42
PR-1300,Product 48,Litre,48
PR-1300,Product 60,Pack,48
PR-1300,Product 45,Pack,28
PR-1300,Product 99,Pack,10
PR-1300,Product 38,Piece,13
PR-1301,Product 119,Pack,39
PR-1301,Product 46,Litre,7
PR-1301,Product 83,Piece,37
PR-1301,Product 60,Litre,43
PR-1302,Product 70,Litre,41
PR-1302,Product 81,Litre,18
PR-1302,Product 107,Pack,10
PR-1302,Product 96,Pack,12
PR-1303,Product 70,Piece,40
PR-1303,Product 6,Litre,19
PR-1303,Product 67,Piece,36
PR-1303,Product 14,Kg,25
PR-1303,Product 74,Piece,40
PR-1303,Product 1,Pack,38
PR-1304,Product 105,Kg,19
PR-1304,Product 51,Pack,14
PR-1304,Product 29,Litre,50
PR-1304,Product 74,Kg,37
PR-1304,Product 45,Kg,36
PR-1304,Product 96,Litre,9
PR-1304,Product 53,Piece,20
PR-1305,Product 52,Litre,6
PR-1305,Product 39,Kg,6
PR-1305,Product 106,Piece,12
PR-1305,Product 27,Litre,16
PR-1305,Product 70,Kg,9
PR-1305,Product 82,Piece,33
PR-1305,Product 13,Kg,32
PR-1305,Product 105,Piece,47
PR-1306,Product 2,Pack,28
PR-1306,Product 90,Litre,24
PR-1306,Product 77,Pack,44
PR-1306,Product 39,Pack,45
PR-1306,Product 44,Kg,48
PR-1307,Product 5,Piece,49
PR-1307,Product 64,Pack,29
PR-1307,Product 41,Kg,32
PR-1307,Product 45,Piece,48
PR-1307,Product 4,Pack,6
PR-1308,Product 5,Pack,21
PR-1308,Product 63,Kg,10
PR-1308,Product 98,Litre,50
PR-1308,Product 116,Kg,34
PR-1308,Product 12,Pack,26
PR-1309,Product 78,Piece,24
PR-1309,Product 61,Pack,18
PR-1309,Product 5,Pack,11
PR-1310,Product 88,Kg,37
PR-1310,Product 17,Pack,9
PR-1311,Product 24,Kg,21
PR-1311,Product 60,Kg,49
PR-1311,Product 36,Pack,16
PR-1311,Product 90,Pack,23
PR-1311,Product 73,Litre,7
PR-1311,Product 50,Piece,43
PR-1312,Product 55,Kg,17
PR-1312,Product 15,Pack,36
PR-1312,Product 88,Litre,5
PR-1312,Product 20,Pack,46
PR-1313,Product 99,Piece,16
PR-1313,Product 49,Litre,26
PR-1313,Product 6,Pack,19
PR-1314,Product 57,Litre,13
PR-1314,Product 104,Kg,33
PR-1314,Product 90,Pack,28
PR-1314,Product 117,Pack,6
PR-1314,Product 15,Piece,45
PR-1314,Product 13,Kg,31
PR-1314,Product 22,Pack,7
PR-1315,Product 56,Kg,9
PR-1315,Product 72,Kg,21
PR-1315,Product 90,Piece,35
PR-1315,Product 55,Pack,37
PR-1316,Product 117,Litre,12
PR-1316,Product 119,Kg,15
PR-1316,Product 113,Kg,41
PR-1317,Product 86,Piece,40
PR-1317,Product 26,Piece,35
PR-1317,Product 58,Kg,47
PR-1318,Product 75,Kg,19
PR-1318,Product 53,Litre,14
PR-1318,Product 15,Piece,13
PR-1319,Product 90,Kg,12
PR-1319,Product 51,Piece,42
PR-1319,Product 2,Kg,24
PR-1319,Product 48,Litre,25
PR-1319,Product 8,Litre,35
PR-1319,Product 66,Litre,17
PR-1319,Product 101,Pack,35
PR-1320,Product 28,Kg,14
PR-1320,Product 13,Litre,37
PR-1320,Product 23,Litre,9
PR-1320,Product 50,Pack,37
PR-1320,Product 71,Kg,41
PR-1321,Product 32,Pack,45
PR-1321,Product 81,Piece,19
PR-1321,Product 97,Piece,31
PR-1322,Product 97,Kg,25
PR-1322,Product 56,Pack,6
PR-1323,Product 86,Piece,30
PR-1323,Product 93,Pack,43
PR-1323,Product 120,Litre,13
PR-1324,Product 79,Litre,20
PR-1324,Product 102,Piece,36
PR-1324,Product 66,Kg,32
PR-1324,Product 114,Kg,31
PR-1324,Product 53,Kg,40
PR-1325,Product 91,Litre,46
PR-1325,Product 115,Kg,28
PR-1326,Product 51,Piece,24
PR-1326,Product 36,Piece,24
PR-1326,Product 60,Pack,37
PR-1326,Product 84,Pack,29
PR-1327,Product 112,Litre,35
PR-1327,Product 108,Piece,10
PR-1327,Product 89,Pack,26
PR-1327,Product 76,Kg,21
PR-1327,Product 72,Piece,22
PR-1327,Product 119,Piece,43
PR-1327,Product 88,Litre,25
PR-1327,Product 78,Piece,20
PR-1328,Product 25,Pack,22
PR-1328,Product 45,Piece,43
PR-1328,Product 40,Pack,47
PR-1328,Product 106,Litre,44
PR-1328,Product 43,Litre,49
PR-1328,Product 67,Piece,17
PR-1329,Product 88,Pack,42
PR-1329,Product 47,Litre,12
PR-1329,Product 92,Piece,45
PR-1329,Product 70,Litre,18
PR-1329,Product 71,Piece,16
PR-1329,Product 42,Pack,28
PR-1329,Product 27,Litre,30
PR-1330,Product 92,Piece,14
PR-1330,Product 35,Piece,43
PR-1330,Product 120,Kg,21
PR-1330,Product 73,Kg,29
PR-1330,Product 59,Pack,5
PR-1331,Product 25,Piece,36
PR-1331,Product 104,Pack,40
PR-1332,Product 106,Piece,8
PR-1332,Product 36,Pack,45
PR-1332,Product 66,Pack,43
PR-1332,Product 73,Kg,35
PR-1332,Product 54,Pack,29
PR-1332,Product 26,Piece,12
PR-1333,Product 24,Kg,7
PR-1333,Product 16,Kg,22
PR-1333,Product 47,Kg,40
PR-1334,Product 35,Pack,18
PR-1334,Product 17,Kg,47
PR-1334,Product 101,Kg,5
PR-1334,Product 13,Kg,26
PR-1334,Product 119,Piece,23
PR-1334,Product 96,Pack,20
PR-1335,Product 29,Piece,40
PR-1335,Product 80,Piece,20
PR-1335,Product 78,Litre,6
PR-1336,Product 75,Pack,18
PR-1336,Product 41,Kg,15
PR-1336,Product 98,Kg,41
PR-1336,Product 29,Piece,36
PR-1336,Product 22,Kg,11
PR-1336,Product 104,Litre,31
PR-1337,Product 31,Litre,16
PR-1337,Product 59,Litre,22
PR-1337,Product 79,Kg,5
PR-1338,Product 86,Pack,33
PR-1338,Product 40,Litre,19
PR-1338,Product 56,Kg,10
PR-1339,Product 92,Pack,44
PR-1339,Product 57,Pack,6
PR-1339,Product 20,Piece,18
PR-1339,Product 95,Pack,32
PR-1339,Product 114,Piece,25
PR-1340,Product 64,Pack,33
PR-1340,Product 65,Litre,28
PR-1341,Product 91,Pack,15
PR-1341,Product 10,Pack,18
PR-1341,Product 77,Litre,25
PR-1342,Product 52,Piece,19
PR-1342,Product 36,Pack,43
PR-1342,Product 32,Pack,6
PR-1342,Product 92,Litre,46
PR-1343,Product 9,Piece,28
PR-1343,Product 58,Pack,6
PR-1343,Product 92,Pack,32
PR-1343,Product 103,Pack,32
PR-1343,Product 3,Kg,32
PR-1343,Product 50,Piece,27
PR-1343,Product 74,Litre,22
PR-1344,Product 117,Litre,19
PR-1344,Product 34,Litre,7
PR-1344,Product 62,Pack,28
PR-1344,Product 21,Kg,19
PR-1345,Product 91,Litre,10
PR-1345,Product 118,Kg,21
PR-1346,Product 68,Piece,33
PR-1346,Product 120,Litre,23
PR-1347,Product 110,Litre,19
PR-1347,Product 56,Pack,24
PR-1347,Product 36,Litre,38
PR-1348,Product 30,Kg,44
PR-1348,Product 112,Kg,41
PR-1349,Product 101,Pack,32
PR-1349,Product 112,Litre,20
PR-1349,Product 111,Kg,17
PR-1349,Product 95,Kg,9
PR-1349,Product 23,Kg,22
PR-1349,Product 37,Litre,39
PR-1349,Product 71,Kg,34
PR-1350,Product 98,Litre,20
PR-1350,Product 48,Kg,25
PR-1350,Product 93,Litre,22
PR-1350,Product 23,Kg,37
PR-1350,Product 20,Kg,30
PR-1350,Product 69,Litre,15
PR-1351,Product 61,Litre,20
PR-1351,Product 20,Piece,41
PR-1352,Product 36,Litre,15
PR-1352,Product 60,Kg,9
PR-1352,Product 32,Pack,13
PR-1352,Product 59,Kg,23
PR-1352,Product 23,Pack,38
PR-1352,Product 91,Pack,48
PR-1352,Product 15,Pack,40
PR-1352,Product 92,Pack,38
PR-1353,Product 83,Pack,21
PR-1353,Product 67,Pack,15
PR-1353,Product 46,Pack,13
PR-1353,Product 101,Kg,18
PR-1353,Product 78,Kg,43
PR-1354,Product 108,Pack,29
PR-1354,Product 39,Pack,24
PR-1354,Product 15,Piece,6
PR-1354,Product 78,Piece,36
PR-1355,Product 97,Pack,45
PR-1355,Product 3,Litre,33
PR-1355,Product 28,Litre,46
PR-1356,Product 39,Piece,36
PR-1356,Product 51,Pack,34
PR-1356,Product 32,Pack,28
PR-1356,Product 19,Litre,34
PR-1356,Product 3,Litre,31
PR-1356,Product 116,Kg,20
PR-1356,Product 30,Litre,45
PR-1356,Product 57,Kg,23
PR-1357,Product 7,Pack,46
PR-1357,Product 45,Pack,9
PR-1357,Product 60,Piece,27
PR-1357,Product 117,Pack,7
PR-1358,Product 109,Litre,5
PR-1358,Product 62,Kg,14
PR-1358,Product 9,Piece,8
PR-1358,Product 46,Kg,37
PR-1358,Product 43,Litre,45
PR-1358,Product 25,Piece,6
PR-1358,Product 40,Pack,30
PR-1358,Product 119,Piece,44
PR-1359,Product 45,Kg,38
PR-1359,Product 80,Kg,33
PR-1359,Product 42,Pack,32
PR-1359,Product 37,Kg,47
PR-1359,Product 48,Kg,14
PR-1360,Product 49,Piece,14
PR-1360,Product 43,Litre,17
PR-1360,Product 85,Kg,44
PR-1360,Product 92,Pack,22
PR-1360,Product 57,Pack,19
PR-1360,Product 94,Kg,7
PR-1360,Product 93,Piece,5
PR-1360,Product 82,Litre,17
PR-1361,Product 73,Litre,32
PR-1361,Product 25,Piece,18
PR-1361,Product 54,Kg,9
PR-1361,Product 103,Litre,7
PR-1361,Product 106,Piece,35
PR-1362,Product 9,Kg,10
PR-1362,Product 29,Pack,26
PR-1362,Product 60,Piece,35
PR-1362,Product 118,Piece,41
PR-1362,Product 22,Piece,45
PR-1362,Product 119,Piece,38
PR-1362,Product 87,Litre,47
PR-1362,Product 64,Piece,43
PR-1363,Product 115,Piece,37
PR-1363,Product 32,Piece,36
PR-1363,Product 29,Pack,8
PR-1363,Product 105,Piece,21
PR-1363,Product 3,Kg,14
PR-1363,Product 56,Litre,19
PR-1363,Product 62,Litre,34
PR-1363,Product 35,Litre,11
PR-1364,Product 70,Piece,24
PR-1364,Product 65,Kg,20
PR-1364,Product 47,Litre,44
PR-1364,Product 53,Pack,47
PR-1364,Product 96,Kg,25
PR-1364,Product 52,Kg,32
PR-1364,Product 54,Pack,32
PR-1365,Product 54,Piece,28
PR-1365,Product 61,Kg,24
PR-1365,Product 4,Litre,36
PR-1366,Product 119,Pack,20
PR-1366,Product 51,Piece,20
PR-1366,Product 76,Litre,26
PR-1366,Product 28,Litre,43
PR-1366,Product 52,Piece,42
PR-1367,Product 110,Kg,14
PR-1367,Product 11,Pack,36
PR-1367,Product 13,Kg,49
PR-1367,Product 102,Litre,8
PR-1367,Product 95,Kg,35
PR-1368,Product 5,Piece,48
PR-1368,Product 18,Piece,47
PR-1368,Product 38,Kg,7
PR-1369,Product 115,Kg,7
PR-1369,Product 40,Kg,7
PR-1369,Product 43,Kg,17
PR-1370,Product 22,Piece,44
PR-1370,Product 115,Kg,44
PR-1370,Product 51,Piece,13
PR-1370,Product 106,Kg,34
PR-1370,Product 63,Piece,15
PR-1370,Product 14,Kg,36
PR-1370,Product 35,Litre,49
PR-1370,Product 76,Piece,7
PR-1371,Product 110,Pack,33
PR-1371,Product 44,Piece,37
PR-1371,Product 86,Piece,23
PR-1371,Product 21,Pack,31
PR-1371,Product 89,Litre,24
PR-1372,Product 42,Kg,8
PR-1372,Product 27,Kg,14
PR-1372,Product 31,Kg,33
PR-1372,Product 60,Litre,14
PR-1372,Product 20,Kg,23
PR-1372,Product 91,Piece,49
PR-1372,Product 5,Piece,42
PR-1373,Product 92,Pack,12
PR-1373,Product 62,Piece,50
PR-1373,Product 56,Litre,35
PR-1374,Product 5,Kg,7
PR-1374,Product 47,Piece,29
PR-1374,Product 21,Litre,36
PR-1374,Product 51,Pack,47
PR-1374,Product 25,Pack,50
PR-1374,Product 45,Piece,33
PR-1374,Product 9,Litre,25
PR-1375,Product 91,Litre,5
PR-1375,Product 55,Litre,21
PR-1375,Product 85,Pack,10
PR-1375,Product 41,Pack,26
PR-1375,Product 118,Litre,7
PR-1375,Product 97,Litre,20
PR-1375,Product 73,Pack,22
PR-1376,Product 93,Kg,5
PR-1376,Product 24,Piece,50
PR-1376,Product 54,Piece,44
PR-1377,Product 44,Litre,18
PR-1377,Product 1,Litre,26
PR-1377,Product 14,Piece,38
PR-1377,Product 62,Pack,38
PR-1378,Product 79,Kg,34
PR-1378,Product 119,Piece,39
PR-1378,Product 26,Pack,7
PR-1378,Product 56,Piece,26
PR-1378,Product 99,Kg,31
PR-1378,Product 94,Kg,35
PR-1379,Product 113,Litre,25
PR-1379,Product 54,Litre,33
PR-1379,Product 119,Piece,24
PR-1379,Product 60,Kg,19
PR-1379,Product 118,Piece,30
PR-1379,Product 114,Piece,5
PR-1379,Product 78,Litre,7
PR-1379,Product 74,Litre,33
PR-1380,Product 51,Kg,9
PR-1380,Product 1,Piece,39
PR-1380,Product 56,Pack,6
PR-1381,Product 112,Piece,43
PR-1381,Product 94,Kg,36
PR-1381,Product 102,Litre,39
PR-1381,Product 99,Piece,12
PR-1381,Product 82,Litre,29
PR-1381,Product 101,Piece,16
PR-1382,Product 84,Piece,46
PR-1382,Product 26,Litre,35
PR-1382,Product 2,Kg,11
PR-1382,Product 88,Litre,21
PR-1382,Product 55,Litre,47
PR-1382,Product 11,Piece,47
PR-1383,Product 54,Litre,15
PR-1383,Product 21,Piece,11
PR-1383,Product 116,Piece,24
PR-1383,Product 55,Kg,9
PR-1384,Product 112,Kg,20
PR-1384,Product 16,Kg,22
PR-1384,Product 110,Litre,12
PR-1385,Product 58,Pack,37
PR-1385,Product 44,Kg,35
PR-1385,Product 16,Piece,10
PR-1385,Product 65,Piece,10
PR-1385,Product 99,Piece,16
PR-1385,Product 107,Pack,17
PR-1385,Product 100,Piece,6
PR-1385,Product 69,Kg,9
PR-1386,Product 19,Litre,35
PR-1386,Product 44,Piece,6
PR-1386,Product 21,Piece,29
PR-1387,Product 97,Litre,17
PR-1387,Product 56,Pack,42
PR-1387,Product 14,Kg,19
PR-1387,Product 104,Pack,40
PR-1387,Product 66,Pack,29
PR-1387,Product 100,Piece,46
PR-1387,Product 52,Piece,17
PR-1387,Product 28,Kg,7
PR-1388,Product 25,Piece,46
PR-1388,Product 1,Piece,31
PR-1388,Product 74,Kg,25
PR-1388,Product 46,Pack,10
PR-1388,Product 3,Litre,11
PR-1389,Product 67,Pack,36
PR-1389,Product 72,Piece,12
PR-1389,Product 99,Kg,45
PR-1389,Product 15,Piece,20
PR-1389,Product 76,Piece,39
PR-1389,Product 18,Pack,23
PR-1390,Product 110,Kg,24
PR-1390,Product 14,Litre,49
PR-1391,Product 105,Piece,31
PR-1391,Product 49,Kg,38
PR-1391,Product 20,Piece,9
PR-1391,Product 36,Pack,24
PR-1392,Product 39,Kg,13
PR-1392,Product 53,Kg,28
PR-1392,Product 3,Kg,11
PR-1392,Product 4,Piece,26
PR-1392,Product 37,Piece,12
PR-1392,Product 42,Litre,41
PR-1392,Product 24,Litre,42
PR-1393,Product 11,Kg,50
PR-1393,Product 30,Piece,40
PR-1393,Product 7,Piece,11
PR-1393,Product 36,Pack,7
PR-1393,Product 40,Piece,31
PR-1393,Product 108,Kg,47
PR-1393,Product 98,Piece,22
PR-1393,Product 71,Kg,13
PR-1394,Product 13,Kg,11
PR-1394,Product 76,Pack,7
PR-1395,Product 104,Piece,15
PR-1395,Product 47,Litre,10
PR-1395,Product 52,Piece,15
PR-1395,Product 70,Litre,46
PR-1395,Product 14,Kg,45
PR-1396,Product 3,Litre,31
PR-1396,Product 61,Kg,48
PR-1396,Product 28,Piece,41
PR-1396,Product 94,Litre,36
PR-1396,Product 91,Litre,8
PR-1396,Product 17,Pack,18
PR-1396,Product 22,Pack,17
PR-1396,Product 95,Piece,27
PR-1397,Product 52,Piece,22
PR-1397,Product 76,Litre,44
PR-1397,Product 53,Kg,50
PR-1398,Product 33,Kg,30
PR-1398,Product 83,Litre,21
PR-1398,Product 78,Litre,41
PR-1398,Product 64,Litre,46
PR-1398,Product 1,Kg,47
PR-1399,Product 17,Litre,20
PR-1399,Product 92,Kg,9
PR-1399,Product 6,Pack,13
PR-1400,Product 36,Kg,46
PR-1400,Product 15,Litre,50
PR-1400,Product 74,Kg,49
