id,vendor_name,vendor_code,contact_person,contact_phone,contact_email,address,payment_terms,pan_number,gst_number,vendor_type,rating,is_blacklisted,reason_for_blacklist,is_active,created_at,updated_at,vendor_organization_id,vendor_property_id,city,state,pincode
1,Vendor 1 Pvt Ltd,V-1001,Contact Person 1,9126855092,vendor1@supplier.com,"389, Market Road, Delhi",NET 15,PAN356787,GSTIN251282538206,Produce,4.35,False,,True,2025-10-12,2025-11-21,1,5,Delhi,DL,510604
2,Vendor 2 Pvt Ltd,V-1002,Contact Person 2,9131994523,vendor2@supplier.com,"57, Market Road, Mumbai",NET 7,PAN343962,GSTIN763595448017,Produce,4.12,False,,True,2025-10-12,2025-11-21,4,2,Mumbai,MH,517757
3,Vendor 3 Pvt Ltd,V-1003,Contact Person 3,9969119330,vendor3@supplier.com,"455, Market Road, Chennai",NET 7,PAN895667,GSTIN275259659197,Meat,3.68,False,,True,2025-07-04,2025-11-21,2,3,Chennai,TN,426793
4,Vendor 4 Pvt Ltd,V-1004,Contact Person 4,9507943839,vendor4@supplier.com,"59, Market Road, Delhi",NET 15,PAN988662,GSTIN762902242161,Dairy,4.61,False,,True,2025-09-20,2025-11-21,5,1,Delhi,DL,499230
5,Vendor 5 Pvt Ltd,V-1005,Contact Person 5,9692749116,vendor5@supplier.com,"160, Market Road, Delhi",NET 30,PAN748564,GSTIN732913403120,Grocery,4.41,False,,True,2025-06-06,2025-11-21,2,3,Delhi,DL,420916
6,Vendor 6 Pvt Ltd,V-1006,Contact Person 6,9208449460,vendor6@supplier.com,"204, Market Road, Hyderabad",NET 15,PAN575435,GSTIN277660601409,Dairy,3.71,False,,True,2025-08-02,2025-11-21,1,5,Hyderabad,TS,566455
7,Vendor 7 Pvt Ltd,V-1007,Contact Person 7,9673528321,vendor7@supplier.com,"383, Market Road, Bangalore",NET 7,PAN271339,GSTIN518597220210,Dairy,4.98,False,,True,2025-10-15,2025-11-21,2,3,Bangalore,KA,414663
8,Vendor 8 Pvt Ltd,V-1008,Contact Person 8,9982403818,vendor8@supplier.com,"26, Market Road, Hyderabad",NET 15,PAN520651,GSTIN169869415070,Grocery,4.83,False,,True,2025-10-18,2025-11-21,3,2,Hyderabad,TS,571819
9,Vendor 9 Pvt Ltd,V-1009,Contact Person 9,9524806516,vendor9@supplier.com,"462, Market Road, Ahmedabad",NET 30,PAN581141,GSTIN388376437635,Grocery,3.49,False,,True,2025-10-16,2025-11-21,5,3,Ahmedabad,GJ,595825
10,Vendor 10 Pvt Ltd,V-1010,Contact Person 10,9726563708,vendor10@supplier.com,"214, Market Road, Kolkata",NET 15,PAN329974,GSTIN658939878788,Meat,3.18,False,,True,2025-06-07,2025-11-21,1,2,Kolkata,WB,564481
11,Vendor 11 Pvt Ltd,V-1011,Contact Person 11,9950488739,vendor11@supplier.com,"358, Market Road, Bangalore",NET 15,PAN725380,GSTIN521179644432,Meat,4.19,False,,True,2025-09-22,2025-11-21,5,3,Bangalore,KA,545024
12,Vendor 12 Pvt Ltd,V-1012,Contact Person 12,9830448745,vendor12@supplier.com,"379, Market Road, Mumbai",NET 7,PAN814825,GSTIN692210657021,Dairy,4.54,False,,True,2025-08-21,2025-11-21,1,3,Mumbai,MH,513971
13,Vendor 13 Pvt Ltd,V-1013,Contact Person 13,9587182120,vendor13@supplier.com,"11, Market Road, Bangalore",NET 30,PAN854639,GSTIN939668623711,Grocery,4.02,False,,True,2025-06-22,2025-11-21,3,5,Bangalore,KA,559637
14,Vendor 14 Pvt Ltd,V-1014,Contact Person 14,9264109919,vendor14@supplier.com,"201, Market Road, Hyderabad",NET 7,PAN665579,GSTIN958793742143,Cleaning Supplies,4.84,False,,True,2025-08-16,2025-11-21,4,1,Hyderabad,TS,429325
15,Vendor 15 Pvt Ltd,V-1015,Contact Person 15,9992994062,vendor15@supplier.com,"423, Market Road, Pune",NET 15,PAN351083,GSTIN362241791770,Cleaning Supplies,4.89,False,,True,2025-06-16,2025-11-21,4,1,Pune,MH,599387
16,Vendor 16 Pvt Ltd,V-1016,Contact Person 16,9237859287,vendor16@supplier.com,"347, Market Road, Bangalore",NET 15,PAN676510,GSTIN388472023723,Cleaning Supplies,4.74,False,,True,2025-09-11,2025-11-21,2,5,Bangalore,KA,597988
17,Vendor 17 Pvt Ltd,V-1017,Contact Person 17,9865523129,vendor17@supplier.com,"169, Market Road, Hyderabad",NET 15,PAN804314,GSTIN510813098126,Meat,4.8,False,,True,2025-09-18,2025-11-21,1,2,Hyderabad,TS,458903
18,Vendor 18 Pvt Ltd,V-1018,Contact Person 18,9463016614,vendor18@supplier.com,"20, Market Road, Delhi",NET 30,PAN680828,GSTIN745233429651,Grocery,3.01,False,,True,2025-06-10,2025-11-21,2,1,Delhi,DL,408234
19,Vendor 19 Pvt Ltd,V-1019,Contact Person 19,9176082500,vendor19@supplier.com,"273, Market Road, Pune",NET 7,PAN392004,GSTIN635449182375,Grocery,4.08,False,,True,2025-10-19,2025-11-21,5,4,Pune,MH,463700
20,Vendor 20 Pvt Ltd,V-1020,Contact Person 20,9967043303,vendor20@supplier.com,"218, Market Road, Ahmedabad",NET 7,PAN198907,GSTIN821970820395,Meat,3.71,False,,True,2025-09-08,2025-11-21,4,1,Ahmedabad,GJ,576518
21,Vendor 21 Pvt Ltd,V-1021,Contact Person 21,9165082363,vendor21@supplier.com,"216, Market Road, Delhi",NET 30,PAN455784,GSTIN371052246567,Grocery,3.38,False,,True,2025-09-17,2025-11-21,2,4,Delhi,DL,448100
22,Vendor 22 Pvt Ltd,V-1022,Contact Person 22,9596743109,vendor22@supplier.com,"137, Market Road, Chennai",NET 7,PAN564656,GSTIN704971771246,Produce,3.1,False,,True,2025-10-11,2025-11-21,1,1,Chennai,TN,597542
23,Vendor 23 Pvt Ltd,V-1023,Contact Person 23,9278575192,vendor23@supplier.com,"218, Market Road, Hyderabad",NET 15,PAN604740,GSTIN280640463568,Meat,3.0,False,,True,2025-09-02,2025-11-21,3,4,Hyderabad,TS,474776
24,Vendor 24 Pvt Ltd,V-1024,Contact Person 24,9847959430,vendor24@supplier.com,"500, Market Road, Kolkata",NET 30,PAN921414,GSTIN828236479796,Meat,3.31,False,,True,2025-08-09,2025-11-21,2,1,Kolkata,WB,551828
25,Vendor 25 Pvt Ltd,V-1025,Contact Person 25,9903132646,vendor25@supplier.com,"170, Market Road, Mumbai",NET 7,PAN152578,GSTIN626495033786,Cleaning Supplies,4.84,False,,True,2025-10-08,2025-11-21,2,1,Mumbai,MH,533124
26,Vendor 26 Pvt Ltd,V-1026,Contact Person 26,9299528037,vendor26@supplier.com,"45, Market Road, Delhi",NET 30,PAN171262,GSTIN543391824534,Produce,4.88,False,,True,2025-10-18,2025-11-21,2,5,Delhi,DL,555849
27,Vendor 27 Pvt Ltd,V-1027,Contact Person 27,9765055833,vendor27@supplier.com,"51, Market Road, Mumbai",NET 15,PAN789305,GSTIN720982144012,Cleaning Supplies,3.63,False,,True,2025-07-31,2025-11-21,2,3,Mumbai,MH,462570
28,Vendor 28 Pvt Ltd,V-1028,Contact Person 28,9524971817,vendor28@supplier.com,"77, Market Road, Chennai",NET 30,PAN776856,GSTIN603799651266,Dairy,4.86,False,,True,2025-06-13,2025-11-21,1,4,Chennai,TN,562833
29,Vendor 29 Pvt Ltd,V-1029,Contact Person 29,9178663096,vendor29@supplier.com,"285, Market Road, Delhi",NET 7,PAN630458,GSTIN242872947887,Dairy,4.76,False,,True,2025-07-27,2025-11-21,3,3,Delhi,DL,441352
30,Vendor 30 Pvt Ltd,V-1030,Contact Person 30,9995226828,vendor30@supplier.com,"288, Market Road, Ahmedabad",NET 30,PAN417212,GSTIN989003396697,Cleaning Supplies,3.02,False,,True,2025-10-14,2025-11-21,3,1,Ahmedabad,GJ,435203
31,Vendor 31 Pvt Ltd,V-1031,Contact Person 31,9223940587,vendor31@supplier.com,"465, Market Road, Chennai",NET 7,PAN878480,GSTIN269879802007,Dairy,3.56,False,,True,2025-07-18,2025-11-21,3,2,Chennai,TN,580223
32,Vendor 32 Pvt Ltd,V-1032,Contact Person 32,9642678844,vendor32@supplier.com,"260, Market Road, Chennai",NET 15,PAN987204,GSTIN199002427407,Meat,4.66,False,,True,2025-06-06,2025-11-21,1,3,Chennai,TN,434293
33,Vendor 33 Pvt Ltd,V-1033,Contact Person 33,9273497327,vendor33@supplier.com,"389, Market Road, Chennai",NET 15,PAN678478,GSTIN571182253884,Cleaning Supplies,3.02,False,,True,2025-06-14,2025-11-21,2,5,Chennai,TN,409444
34,Vendor 34 Pvt Ltd,V-1034,Contact Person 34,9725464884,vendor34@supplier.com,"292, Market Road, Pune",NET 7,PAN550664,GSTIN143497047298,Dairy,3.73,False,,True,2025-06-05,2025-11-21,3,2,Pune,MH,578799
35,Vendor 35 Pvt Ltd,V-1035,Contact Person 35,9816114302,vendor35@supplier.com,"62, Market Road, Hyderabad",NET 15,PAN918011,GSTIN550433461315,Cleaning Supplies,4.5,False,,True,2025-07-25,2025-11-21,2,2,Hyderabad,TS,508080
36,Vendor 36 Pvt Ltd,V-1036,Contact Person 36,9292587044,vendor36@supplier.com,"387, Market Road, Mumbai",NET 15,PAN920391,GSTIN554969389865,Grocery,3.53,False,,True,2025-06-22,2025-11-21,4,1,Mumbai,MH,523388
37,Vendor 37 Pvt Ltd,V-1037,Contact Person 37,9314289692,vendor37@supplier.com,"428, Market Road, Hyderabad",NET 15,PAN466643,GSTIN345790651066,Produce,4.32,False,,True,2025-09-05,2025-11-21,3,3,Hyderabad,TS,418198
38,Vendor 38 Pvt Ltd,V-1038,Contact Person 38,9477040284,vendor38@supplier.com,"338, Market Road, Chennai",NET 30,PAN519093,GSTIN692034016653,Dairy,4.88,False,,True,2025-06-24,2025-11-21,3,2,Chennai,TN,552198
39,Vendor 39 Pvt Ltd,V-1039,Contact Person 39,9141078352,vendor39@supplier.com,"65, Market Road, Chennai",NET 30,PAN555673,GSTIN900348631876,Dairy,3.87,False,,True,2025-10-03,2025-11-21,1,4,Chennai,TN,551149
40,Vendor 40 Pvt Ltd,V-1040,Contact Person 40,9373506211,vendor40@supplier.com,"32, Market Road, Hyderabad",NET 30,PAN557239,GSTIN671237914339,Cleaning Supplies,4.37,False,,True,2025-07-15,2025-11-21,3,4,Hyderabad,TS,418343
41,Vendor 41 Pvt Ltd,V-1041,Contact Person 41,9769108025,vendor41@supplier.com,"170, Market Road, Pune",NET 30,PAN989208,GSTIN890809244118,Dairy,4.01,False,,True,2025-09-07,2025-11-21,3,4,Pune,MH,582769
42,Vendor 42 Pvt Ltd,V-1042,Contact Person 42,9695295870,vendor42@supplier.com,"75, Market Road, Chennai",NET 7,PAN540869,GSTIN844657758783,Grocery,4.23,False,,True,2025-08-11,2025-11-21,4,5,Chennai,TN,400106
43,Vendor 43 Pvt Ltd,V-1043,Contact Person 43,9408071259,vendor43@supplier.com,"117, Market Road, Chennai",NET 15,PAN923927,GSTIN768210946534,Dairy,3.93,False,,True,2025-09-16,2025-11-21,2,5,Chennai,TN,524042
44,Vendor 44 Pvt Ltd,V-1044,Contact Person 44,9807435606,vendor44@supplier.com,"53, Market Road, Bangalore",NET 15,PAN640490,GSTIN798635932470,Cleaning Supplies,3.67,False,,True,2025-07-25,2025-11-21,3,2,Bangalore,KA,452200
45,Vendor 45 Pvt Ltd,V-1045,Contact Person 45,9126226563,vendor45@supplier.com,"33, Market Road, Bangalore",NET 7,PAN598216,GSTIN180610047913,Meat,3.83,False,,True,2025-10-20,2025-11-21,2,4,Bangalore,KA,529598
46,Vendor 46 Pvt Ltd,V-1046,Contact Person 46,9361976301,vendor46@supplier.com,"85, Market Road, Kolkata",NET 30,PAN821024,GSTIN955156280853,Meat,3.44,False,,True,2025-10-05,2025-11-21,4,1,Kolkata,WB,546120
47,Vendor 47 Pvt Ltd,V-1047,Contact Person 47,9230307805,vendor47@supplier.com,"243, Market Road, Hyderabad",NET 7,PAN940346,GSTIN832140067838,Cleaning Supplies,4.98,False,,True,2025-08-15,2025-11-21,4,5,Hyderabad,TS,588553
48,Vendor 48 Pvt Ltd,V-1048,Contact Person 48,9991816852,vendor48@supplier.com,"474, Market Road, Kolkata",NET 30,PAN567574,GSTIN275652171321,Meat,3.9,False,,True,2025-07-28,2025-11-21,3,5,Kolkata,WB,527034
49,Vendor 49 Pvt Ltd,V-1049,Contact Person 49,9394846763,vendor49@supplier.com,"235, Market Road, Hyderabad",NET 7,PAN848206,GSTIN358925230833,Dairy,3.67,False,,True,2025-10-11,2025-11-21,1,2,Hyderabad,TS,439539
50,Vendor 50 Pvt Ltd,V-1050,Contact Person 50,9511281012,vendor50@supplier.com,"365, Market Road, Hyderabad",NET 7,PAN840734,GSTIN169638397356,Meat,3.82,False,,True,2025-10-11,2025-11-21,4,4,Hyderabad,TS,416322
51,Vendor 51 Pvt Ltd,V-1051,Contact Person 51,9994310083,vendor51@supplier.com,"225, Market Road, Hyderabad",NET 15,PAN907189,GSTIN124462084974,Cleaning Supplies,3.76,False,,True,2025-05-27,2025-11-21,3,3,Hyderabad,TS,597518
52,Vendor 52 Pvt Ltd,V-1052,Contact Person 52,9997356828,vendor52@supplier.com,"224, Market Road, Kolkata",NET 30,PAN883826,GSTIN700155683410,Cleaning Supplies,4.8,False,,True,2025-09-27,2025-11-21,2,3,Kolkata,WB,514251
53,Vendor 53 Pvt Ltd,V-1053,Contact Person 53,9131165166,vendor53@supplier.com,"209, Market Road, Ahmedabad",NET 15,PAN801364,GSTIN979090220563,Meat,4.45,False,,True,2025-09-22,2025-11-21,2,5,Ahmedabad,GJ,540017
54,Vendor 54 Pvt Ltd,V-1054,Contact Person 54,9523076025,vendor54@supplier.com,"313, Market Road, Mumbai",NET 30,PAN795205,GSTIN190310715647,Meat,3.27,False,,True,2025-09-21,2025-11-21,2,1,Mumbai,MH,468198
55,Vendor 55 Pvt Ltd,V-1055,Contact Person 55,9451492250,vendor55@supplier.com,"118, Market Road, Kolkata",NET 15,PAN442722,GSTIN934673209247,Meat,3.56,False,,True,2025-09-10,2025-11-21,3,1,Kolkata,WB,523288
56,Vendor 56 Pvt Ltd,V-1056,Contact Person 56,9904258674,vendor56@supplier.com,"286, Market Road, Mumbai",NET 7,PAN466960,GSTIN813927597991,Produce,4.56,False,,True,2025-06-05,2025-11-21,1,2,Mumbai,MH,452261
57,Vendor 57 Pvt Ltd,V-1057,Contact Person 57,9767154083,vendor57@supplier.com,"88, Market Road, Mumbai",NET 7,PAN232352,GSTIN836473336882,Produce,4.13,False,,True,2025-07-20,2025-11-21,4,3,Mumbai,MH,496703
58,Vendor 58 Pvt Ltd,V-1058,Contact Person 58,9750572325,vendor58@supplier.com,"320, Market Road, Bangalore",NET 30,PAN853252,GSTIN955190406827,Grocery,4.93,False,,True,2025-06-22,2025-11-21,5,1,Bangalore,KA,481777
59,Vendor 59 Pvt Ltd,V-1059,Contact Person 59,9525904456,vendor59@supplier.com,"492, Market Road, Kolkata",NET 30,PAN307963,GSTIN748866464070,Grocery,3.2,False,,True,2025-08-11,2025-11-21,5,1,Kolkata,WB,548355
60,Vendor 60 Pvt Ltd,V-1060,Contact Person 60,9472807202,vendor60@supplier.com,"282, Market Road, Mumbai",NET 15,PAN793655,GSTIN174606033855,Cleaning Supplies,4.3,False,,True,2025-05-29,2025-11-21,4,4,Mumbai,MH,427666
61,Vendor 61 Pvt Ltd,V-1061,Contact Person 61,9488896443,vendor61@supplier.com,"335, Market Road, Kolkata",NET 15,PAN841666,GSTIN577398461838,Grocery,4.47,False,,True,2025-08-03,2025-11-21,5,5,Kolkata,WB,526745
62,Vendor 62 Pvt Ltd,V-1062,Contact Person 62,9567694547,vendor62@supplier.com,"432, Market Road, Ahmedabad",NET 30,PAN721254,GSTIN453340068343,Grocery,4.66,False,,True,2025-06-17,2025-11-21,3,4,Ahmedabad,GJ,463927
63,Vendor 63 Pvt Ltd,V-1063,Contact Person 63,9711871397,vendor63@supplier.com,"322, Market Road, Ahmedabad",NET 30,PAN497399,GSTIN131509583569,Meat,4.7,False,,True,2025-07-11,2025-11-21,4,2,Ahmedabad,GJ,493015
64,Vendor 64 Pvt Ltd,V-1064,Contact Person 64,9465436049,vendor64@supplier.com,"153, Market Road, Chennai",NET 30,PAN835244,GSTIN404427742989,Cleaning Supplies,3.02,False,,True,2025-07-13,2025-11-21,1,2,Chennai,TN,588763
65,Vendor 65 Pvt Ltd,V-1065,Contact Person 65,9624606470,vendor65@supplier.com,"294, Market Road, Kolkata",NET 7,PAN824156,GSTIN810714408170,Meat,3.9,False,,True,2025-05-30,2025-11-21,1,3,Kolkata,WB,458090
66,Vendor 66 Pvt Ltd,V-1066,Contact Person 66,9842800803,vendor66@supplier.com,"134, Market Road, Kolkata",NET 15,PAN796212,GSTIN506224688058,Meat,4.11,False,,True,2025-08-22,2025-11-21,4,5,Kolkata,WB,486714
67,Vendor 67 Pvt Ltd,V-1067,Contact Person 67,9854684750,vendor67@supplier.com,"242, Market Road, Pune",NET 15,PAN421517,GSTIN354482841033,Produce,4.44,False,,True,2025-08-14,2025-11-21,1,5,Pune,MH,599803
68,Vendor 68 Pvt Ltd,V-1068,Contact Person 68,9305665554,vendor68@supplier.com,"120, Market Road, Bangalore",NET 30,PAN607719,GSTIN895756506622,Cleaning Supplies,4.95,False,,True,2025-10-07,2025-11-21,5,3,Bangalore,KA,426352
69,Vendor 69 Pvt Ltd,V-1069,Contact Person 69,9418092217,vendor69@supplier.com,"126, Market Road, Hyderabad",NET 15,PAN288158,GSTIN114183131325,Cleaning Supplies,3.25,False,,True,2025-06-06,2025-11-21,1,5,Hyderabad,TS,476581
70,Vendor 70 Pvt Ltd,V-1070,Contact Person 70,9784907325,vendor70@supplier.com,"454, Market Road, Bangalore",NET 15,PAN207570,GSTIN116633204627,Cleaning Supplies,3.57,False,,True,2025-09-25,2025-11-21,4,3,Bangalore,KA,448329
71,Vendor 71 Pvt Ltd,V-1071,Contact Person 71,9371096600,vendor71@supplier.com,"491, Market Road, Mumbai",NET 15,PAN219629,GSTIN172250436572,Meat,3.98,False,,True,2025-10-20,2025-11-21,1,2,Mumbai,MH,439111
72,Vendor 72 Pvt Ltd,V-1072,Contact Person 72,9191462297,vendor72@supplier.com,"137, Market Road, Chennai",NET 7,PAN685181,GSTIN558549792976,Cleaning Supplies,4.19,False,,True,2025-07-22,2025-11-21,5,4,Chennai,TN,518099
73,Vendor 73 Pvt Ltd,V-1073,Contact Person 73,9419280490,vendor73@supplier.com,"450, Market Road, Ahmedabad",NET 30,PAN549660,GSTIN724081856069,Cleaning Supplies,3.12,False,,True,2025-06-20,2025-11-21,2,2,Ahmedabad,GJ,469375
74,Vendor 74 Pvt Ltd,V-1074,Contact Person 74,9268638768,vendor74@supplier.com,"132, Market Road, Delhi",NET 7,PAN678805,GSTIN272121093022,Produce,3.82,False,,True,2025-09-23,2025-11-21,3,1,Delhi,DL,460680
75,Vendor 75 Pvt Ltd,V-1075,Contact Person 75,9859088046,vendor75@supplier.com,"154, Market Road, Chennai",NET 30,PAN576086,GSTIN851924991536,Grocery,4.85,False,,True,2025-07-15,2025-11-21,4,1,Chennai,TN,542753
76,Vendor 76 Pvt Ltd,V-1076,Contact Person 76,9795392488,vendor76@supplier.com,"86, Market Road, Hyderabad",NET 15,PAN966785,GSTIN177920311528,Produce,3.33,False,,True,2025-08-12,2025-11-21,5,5,Hyderabad,TS,475657
77,Vendor 77 Pvt Ltd,V-1077,Contact Person 77,9233523720,vendor77@supplier.com,"249, Market Road, Ahmedabad",NET 30,PAN418862,GSTIN545386964769,Dairy,4.0,False,,True,2025-09-29,2025-11-21,4,1,Ahmedabad,GJ,556771
78,Vendor 78 Pvt Ltd,V-1078,Contact Person 78,9563887247,vendor78@supplier.com,"386, Market Road, Mumbai",NET 15,PAN733039,GSTIN126845125742,Produce,3.46,False,,True,2025-10-20,2025-11-21,5,1,Mumbai,MH,576234
79,Vendor 79 Pvt Ltd,V-1079,Contact Person 79,9718740490,vendor79@supplier.com,"30, Market Road, Chennai",NET 7,PAN593355,GSTIN815193503850,Meat,4.83,False,,True,2025-07-11,2025-11-21,5,4,Chennai,TN,566405
80,Vendor 80 Pvt Ltd,V-1080,Contact Person 80,9197970787,vendor80@supplier.com,"250, Market Road, Ahmedabad",NET 15,PAN528184,GSTIN453618866942,Produce,4.72,False,,True,2025-08-18,2025-11-21,4,4,Ahmedabad,GJ,475554
81,Vendor 81 Pvt Ltd,V-1081,Contact Person 81,9973559879,vendor81@supplier.com,"399, Market Road, Kolkata",NET 30,PAN138479,GSTIN196442742929,Dairy,3.5,False,,True,2025-06-24,2025-11-21,4,5,Kolkata,WB,400301
82,Vendor 82 Pvt Ltd,V-1082,Contact Person 82,9543721204,vendor82@supplier.com,"37, Market Road, Ahmedabad",NET 7,PAN643623,GSTIN784453630589,Meat,4.25,False,,True,2025-06-08,2025-11-21,2,3,Ahmedabad,GJ,543974
83,Vendor 83 Pvt Ltd,V-1083,Contact Person 83,9409268943,vendor83@supplier.com,"234, Market Road, Bangalore",NET 30,PAN608257,GSTIN130586292150,Cleaning Supplies,4.6,False,,True,2025-07-05,2025-11-21,3,5,Bangalore,KA,403584
84,Vendor 84 Pvt Ltd,V-1084,Contact Person 84,9200082623,vendor84@supplier.com,"125, Market Road, Kolkata",NET 7,PAN583863,GSTIN232916613814,Grocery,4.0,False,,True,2025-08-08,2025-11-21,5,3,Kolkata,WB,508918
85,Vendor 85 Pvt Ltd,V-1085,Contact Person 85,9607042130,vendor85@supplier.com,"134, Market Road, Ahmedabad",NET 15,PAN678043,GSTIN521528027521,Grocery,4.84,False,,True,2025-10-03,2025-11-21,2,1,Ahmedabad,GJ,472416
86,Vendor 86 Pvt Ltd,V-1086,Contact Person 86,9464938258,vendor86@supplier.com,"488, Market Road, Kolkata",NET 30,PAN380150,GSTIN103524233168,Dairy,4.45,False,,True,2025-10-21,2025-11-21,4,2,Kolkata,WB,517059
87,Vendor 87 Pvt Ltd,V-1087,Contact Person 87,9470574014,vendor87@supplier.com,"180, Market Road, Ahmedabad",NET 30,PAN899929,GSTIN514650874781,Meat,4.87,False,,True,2025-07-13,2025-11-21,2,5,Ahmedabad,GJ,500393
88,Vendor 88 Pvt Ltd,V-1088,Contact Person 88,9932734539,vendor88@supplier.com,"220, Market Road, Hyderabad",NET 7,PAN433632,GSTIN622889527089,Meat,3.77,False,,True,2025-07-03,2025-11-21,4,1,Hyderabad,TS,433094
89,Vendor 89 Pvt Ltd,V-1089,Contact Person 89,9207765664,vendor89@supplier.com,"457, Market Road, Pune",NET 15,PAN204555,GSTIN114847393047,Grocery,3.82,False,,True,2025-07-04,2025-11-21,1,4,Pune,MH,469474
90,Vendor 90 Pvt Ltd,V-1090,Contact Person 90,9769219685,vendor90@supplier.com,"364, Market Road, Pune",NET 15,PAN781403,GSTIN518903718101,Dairy,4.25,False,,True,2025-09-27,2025-11-21,5,1,Pune,MH,561863
91,Vendor 91 Pvt Ltd,V-1091,Contact Person 91,9352082631,vendor91@supplier.com,"333, Market Road, Delhi",NET 30,PAN401338,GSTIN353392014891,Produce,3.87,False,,True,2025-06-20,2025-11-21,1,4,Delhi,DL,443611
92,Vendor 92 Pvt Ltd,V-1092,Contact Person 92,9131081879,vendor92@supplier.com,"33, Market Road, Chennai",NET 15,PAN934816,GSTIN422363577442,Dairy,3.75,False,,True,2025-07-02,2025-11-21,2,5,Chennai,TN,508016
93,Vendor 93 Pvt Ltd,V-1093,Contact Person 93,9282518553,vendor93@supplier.com,"99, Market Road, Bangalore",NET 7,PAN739098,GSTIN520352055311,Cleaning Supplies,4.37,False,,True,2025-09-30,2025-11-21,5,2,Bangalore,KA,460866
94,Vendor 94 Pvt Ltd,V-1094,Contact Person 94,9784944881,vendor94@supplier.com,"140, Market Road, Ahmedabad",NET 15,PAN367729,GSTIN111453993673,Meat,4.8,False,,True,2025-10-12,2025-11-21,2,1,Ahmedabad,GJ,515796
95,Vendor 95 Pvt Ltd,V-1095,Contact Person 95,9730900313,vendor95@supplier.com,"163, Market Road, Pune",NET 30,PAN544920,GSTIN377842780911,Meat,4.69,False,,True,2025-07-15,2025-11-21,4,4,Pune,MH,427958
96,Vendor 96 Pvt Ltd,V-1096,Contact Person 96,9509486794,vendor96@supplier.com,"302, Market Road, Hyderabad",NET 15,PAN702733,GSTIN425125927992,Produce,4.96,False,,True,2025-09-04,2025-11-21,3,1,Hyderabad,TS,548354
97,Vendor 97 Pvt Ltd,V-1097,Contact Person 97,9751124015,vendor97@supplier.com,"391, Market Road, Mumbai",NET 15,PAN973294,GSTIN951632719131,Grocery,4.21,False,,True,2025-08-24,2025-11-21,2,2,Mumbai,MH,562762
98,Vendor 98 Pvt Ltd,V-1098,Contact Person 98,9827744047,vendor98@supplier.com,"396, Market Road, Chennai",NET 30,PAN904751,GSTIN850155472645,Grocery,4.26,False,,True,2025-06-05,2025-11-21,3,4,Chennai,TN,408746
99,Vendor 99 Pvt Ltd,V-1099,Contact Person 99,9886365312,vendor99@supplier.com,"77, Market Road, Pune",NET 7,PAN409445,GSTIN921742001498,Meat,3.35,False,,True,2025-06-28,2025-11-21,5,3,Pune,MH,539159
100,Vendor 100 Pvt Ltd,V-1100,Contact Person 100,9991713190,vendor100@supplier.com,"94, Market Road, Chennai",NET 15,PAN964749,GSTIN632336233214,Dairy,4.49,False,,True,2025-08-20,2025-11-21,1,4,Chennai,TN,419739
