vendor_id,product_name,uom,unit_price
1,Product 5,Kg,151.35
1,Product 4,Kg,195.16
1,Product 12,Pack,34.18
1,Product 28,Piece,169.29
1,Product 30,Piece,123.92
1,Product 65,Kg,28.25
1,Product 78,Litre,159.15
1,Product 119,Kg,173.96
1,Product 72,Kg,88.42
1,Product 26,Pack,134.42
1,Product 92,Piece,49.28
1,Product 84,Piece,57.71
1,Product 90,Piece,146.33
1,Product 70,Kg,129.64
1,Product 54,Litre,116.15
1,Product 29,Litre,49.41
1,Product 58,Pack,68.59
1,Product 76,Litre,143.23
1,Product 36,Kg,61.23
1,Product 1,Kg,164.91
1,Product 98,Pack,68.19
1,Product 21,Litre,184.36
1,Product 108,Piece,58.27
1,Product 55,Pack,91.21
1,Product 44,Pack,45.72
1,Product 102,Litre,64.39
1,Product 20,Piece,154.46
1,Product 117,Pack,181.61
1,Product 96,Pack,85.16
1,Product 14,Litre,111.71
1,Product 118,Kg,156.04
1,Product 49,Kg,47.51
1,Product 13,Litre,162.57
1,Product 46,Pack,127.35
1,Product 45,Pack,88.69
1,Product 114,Pack,115.24
1,Product 34,Kg,142.45
2,Product 65,Piece,178.17
2,Product 98,Piece,63.1
2,Product 23,Litre,178.04
2,Product 120,Kg,35.42
2,Product 14,Pack,166.88
2,Product 112,Litre,43.11
2,Product 81,Pack,190.43
2,Product 39,Litre,67.71
2,Product 108,Pack,193.59
2,Product 82,Litre,148.33
2,Product 117,Pack,199.13
2,Product 78,Piece,98.86
2,Product 26,Pack,41.78
2,Product 20,Litre,31.52
2,Product 48,Kg,125.9
2,Product 119,Litre,125.92
2,Product 21,Kg,32.78
2,Product 70,Kg,61.21
2,Product 100,Kg,174.73
2,Product 68,Kg,112.55
2,Product 1,Piece,140.42
2,Product 77,Litre,117.06
2,Product 42,Pack,63.74
2,Product 63,Pack,165.35
2,Product 3,Litre,36.98
2,Product 15,Pack,83.77
3,Product 25,Pack,107.42
3,Product 69,Litre,175.64
3,Product 58,Kg,49.63
3,Product 18,Kg,197.36
3,Product 55,Piece,186.77
3,Product 24,Pack,71.34
3,Product 36,Pack,47.86
3,Product 60,Piece,59.19
3,Product 32,Kg,124.25
3,Product 10,Kg,154.64
3,Product 57,Kg,29.03
3,Product 104,Pack,110.51
3,Product 71,Litre,30.24
3,Product 13,Kg,173.24
3,Product 7,Kg,127.11
3,Product 84,Litre,92.68
3,Product 70,Litre,124.21
3,Product 2,Kg,131.49
3,Product 12,Pack,138.33
3,Product 97,Piece,188.25
3,Product 31,Litre,140.55
3,Product 22,Piece,62.96
4,Product 69,Piece,130.1
4,Product 28,Kg,140.22
4,Product 65,Piece,187.72
4,Product 34,Kg,189.01
4,Product 17,Litre,67.6
4,Product 120,Kg,153.64
4,Product 45,Litre,69.02
4,Product 113,Litre,149.17
4,Product 9,Litre,143.75
4,Product 32,Piece,110.97
4,Product 48,Piece,182.96
4,Product 37,Kg,36.61
4,Product 21,Pack,169.28
4,Product 57,Kg,20.64
5,Product 70,Litre,140.05
5,Product 5,Piece,160.42
5,Product 107,Pack,195.29
5,Product 48,Litre,186.64
5,Product 75,Litre,175.63
5,Product 71,Litre,178.65
5,Product 19,Kg,52.28
5,Product 56,Piece,160.83
5,Product 17,Pack,164.4
5,Product 6,Litre,68.03
5,Product 40,Kg,88.86
5,Product 47,Kg,174.55
5,Product 116,Litre,55.92
5,Product 120,Pack,82.94
5,Product 102,Litre,60.13
5,Product 111,Litre,91.72
5,Product 46,Piece,175.58
5,Product 27,Piece,83.21
5,Product 88,Pack,142.31
6,Product 56,Piece,111.28
6,Product 78,Pack,78.71
6,Product 66,Piece,119.79
6,Product 15,Litre,95.68
6,Product 50,Pack,141.92
6,Product 74,Litre,130.79
6,Product 25,Piece,93.09
6,Product 33,Kg,74.7
6,Product 6,Litre,97.38
6,Product 91,Piece,103.7
6,Product 120,Pack,141.61
6,Product 1,Pack,162.87
6,Product 67,Litre,138.59
6,Product 104,Piece,112.78
6,Product 69,Piece,36.81
6,Product 88,Litre,141.1
6,Product 93,Litre,165.18
6,Product 95,Litre,24.4
6,Product 103,Litre,197.11
6,Product 86,Kg,101.97
6,Product 26,Litre,149.3
6,Product 47,Pack,108.99
6,Product 110,Litre,46.56
6,Product 9,Kg,180.68
6,Product 101,Kg,160.12
6,Product 43,Litre,51.66
6,Product 80,Pack,29.04
6,Product 41,Litre,185.14
6,Product 85,Kg,102.16
6,Product 16,Pack,140.16
7,Product 97,Litre,147.16
7,Product 32,Kg,94.68
7,Product 108,Piece,117.67
7,Product 82,Pack,31.21
7,Product 36,Pack,90.11
7,Product 99,Kg,174.21
7,Product 100,Pack,105.86
7,Product 67,Piece,73.75
7,Product 63,Pack,173.62
7,Product 81,Pack,116.88
7,Product 31,Litre,107.88
7,Product 116,Piece,98.45
7,Product 57,Kg,89.99
7,Product 10,Pack,150.35
7,Product 92,Pack,185.52
7,Product 37,Kg,183.25
7,Product 110,Kg,35.11
7,Product 35,Pack,44.43
7,Product 43,Pack,52.71
7,Product 41,Piece,88.24
7,Product 70,Litre,101.85
7,Product 11,Piece,157.02
7,Product 18,Pack,70.09
7,Product 20,Pack,65.41
7,Product 30,Kg,104.66
7,Product 50,Kg,199.98
8,Product 20,Pack,168.02
8,Product 31,Kg,98.03
8,Product 17,Piece,134.41
8,Product 61,Pack,147.32
8,Product 86,Pack,51.7
8,Product 15,Piece,130.86
8,Product 73,Pack,103.68
8,Product 28,Piece,78.01
8,Product 60,Litre,169.53
8,Product 90,Kg,70.21
8,Product 33,Pack,63.9
8,Product 99,Pack,122.57
8,Product 48,Pack,80.55
8,Product 22,Pack,173.17
8,Product 78,Litre,107.76
8,Product 106,Piece,163.61
8,Product 96,Piece,70.34
8,Product 92,Piece,120.04
8,Product 115,Litre,35.41
8,Product 100,Pack,107.94
8,Product 21,Litre,144.31
8,Product 40,Pack,100.67
8,Product 14,Kg,36.75
8,Product 75,Litre,92.79
8,Product 4,Litre,75.12
8,Product 109,Piece,105.19
8,Product 74,Piece,96.59
8,Product 87,Piece,83.33
8,Product 49,Pack,68.76
8,Product 51,Piece,61.5
8,Product 26,Litre,76.8
8,Product 10,Litre,54.48
8,Product 76,Pack,69.77
8,Product 81,Piece,196.49
8,Product 32,Litre,73.32
8,Product 98,Piece,52.3
8,Product 39,Kg,147.44
8,Product 77,Litre,69.38
8,Product 16,Kg,119.6
8,Product 114,Litre,134.82
8,Product 6,Pack,38.47
8,Product 45,Kg,123.33
8,Product 69,Pack,106.17
8,Product 55,Piece,53.19
8,Product 108,Kg,65.45
8,Product 9,Pack,40.54
8,Product 65,Kg,92.13
8,Product 44,Kg,123.86
8,Product 2,Kg,47.31
9,Product 58,Kg,61.67
9,Product 117,Piece,146.54
9,Product 57,Pack,32.81
9,Product 39,Litre,186.3
9,Product 111,Litre,96.53
9,Product 76,Litre,136.57
9,Product 55,Piece,168.79
9,Product 40,Kg,30.73
9,Product 73,Piece,127.11
9,Product 80,Piece,99.05
9,Product 8,Pack,143.96
9,Product 79,Pack,189.68
9,Product 95,Pack,98.8
9,Product 13,Kg,180.1
9,Product 98,Piece,128.67
9,Product 27,Kg,36.44
9,Product 81,Kg,199.92
9,Product 28,Piece,123.72
9,Product 34,Litre,104.69
9,Product 85,Pack,184.89
9,Product 11,Litre,199.45
9,Product 21,Pack,134.26
9,Product 31,Pack,194.43
9,Product 23,Pack,82.63
9,Product 71,Piece,77.79
9,Product 10,Kg,174.39
9,Product 99,Piece,94.1
9,Product 1,Pack,71.88
9,Product 53,Pack,166.44
9,Product 120,Kg,101.87
9,Product 89,Piece,65.43
9,Product 77,Kg,194.63
9,Product 61,Pack,175.68
9,Product 38,Kg,138.38
10,Product 17,Piece,159.08
10,Product 119,Pack,81.18
10,Product 37,Piece,167.7
10,Product 57,Piece,150.69
10,Product 113,Pack,175.75
10,Product 90,Pack,116.94
10,Product 63,Piece,79.84
10,Product 16,Pack,101.96
10,Product 4,Piece,176.53
10,Product 81,Litre,122.92
10,Product 78,Litre,174.08
10,Product 103,Pack,27.86
10,Product 31,Pack,146.94
10,Product 91,Pack,89.49
10,Product 21,Litre,109.16
10,Product 40,Kg,42.72
10,Product 71,Piece,176.55
10,Product 2,Pack,37.95
10,Product 104,Pack,22.76
10,Product 53,Litre,93.8
10,Product 12,Litre,33.47
10,Product 29,Piece,80.94
10,Product 15,Pack,136.97
10,Product 60,Piece,173.42
10,Product 116,Pack,191.75
10,Product 83,Pack,177.03
10,Product 20,Kg,131.14
10,Product 64,Litre,133.61
10,Product 92,Piece,199.54
10,Product 38,Kg,98.11
10,Product 66,Kg,156.87
10,Product 35,Kg,99.86
10,Product 54,Piece,182.62
10,Product 62,Kg,78.39
10,Product 61,Kg,72.81
10,Product 32,Piece,97.52
10,Product 59,Litre,115.61
10,Product 102,Litre,50.6
10,Product 19,Kg,129.71
10,Product 50,Pack,131.55
10,Product 25,Litre,109.58
10,Product 77,Litre,61.79
10,Product 115,Piece,102.72
10,Product 18,Kg,181.8
10,Product 9,Pack,182.22
11,Product 110,Litre,133.08
11,Product 62,Kg,75.61
11,Product 14,Pack,26.01
11,Product 31,Piece,151.82
11,Product 49,Kg,183.73
11,Product 74,Piece,154.55
11,Product 46,Litre,56.14
11,Product 115,Piece,115.55
11,Product 38,Piece,169.49
11,Product 90,Piece,184.53
11,Product 112,Pack,194.13
11,Product 3,Piece,154.38
11,Product 107,Piece,164.76
11,Product 85,Pack,193.32
11,Product 51,Litre,155.75
11,Product 36,Litre,174.83
11,Product 2,Pack,194.11
11,Product 73,Piece,36.25
11,Product 88,Pack,22.51
11,Product 100,Kg,101.86
11,Product 96,Piece,125.22
11,Product 7,Piece,39.5
11,Product 78,Litre,104.87
11,Product 101,Piece,184.75
11,Product 64,Litre,136.58
11,Product 37,Pack,183.69
11,Product 30,Piece,136.86
11,Product 98,Kg,45.16
11,Product 114,Kg,74.79
11,Product 29,Pack,40.9
11,Product 82,Litre,179.71
11,Product 25,Litre,89.96
11,Product 80,Piece,140.69
11,Product 33,Pack,125.72
12,Product 28,Litre,125.55
12,Product 57,Litre,79.14
12,Product 119,Litre,161.96
12,Product 31,Kg,69.91
12,Product 110,Litre,197.75
12,Product 47,Piece,163.73
12,Product 13,Kg,138.99
12,Product 88,Kg,43.72
12,Product 48,Piece,162.2
12,Product 70,Litre,125.99
12,Product 83,Kg,51.36
12,Product 46,Kg,42.82
12,Product 8,Pack,114.7
12,Product 51,Kg,105.72
12,Product 36,Piece,112.38
12,Product 25,Kg,101.36
12,Product 16,Litre,190.17
12,Product 59,Kg,150.9
12,Product 12,Piece,102.45
12,Product 85,Kg,30.95
12,Product 120,Pack,172.51
12,Product 116,Pack,143.5
12,Product 82,Pack,148.23
12,Product 77,Pack,33.23
12,Product 3,Kg,77.98
12,Product 7,Litre,31.82
12,Product 43,Piece,132.38
12,Product 32,Piece,88.56
12,Product 17,Piece,101.67
12,Product 73,Pack,37.85
12,Product 27,Kg,173.5
12,Product 9,Litre,97.41
12,Product 71,Litre,94.49
13,Product 9,Piece,40.68
13,Product 12,Piece,123.34
13,Product 107,Pack,172.13
13,Product 11,Kg,129.62
13,Product 119,Piece,25.21
13,Product 56,Piece,146.49
13,Product 13,Piece,185.88
13,Product 96,Piece,21.1
13,Product 95,Litre,121.94
13,Product 48,Pack,32.53
13,Product 104,Kg,36.52
13,Product 17,Litre,87.71
13,Product 72,Pack,81.36
13,Product 8,Piece,76.09
13,Product 76,Piece,159.83
13,Product 108,Kg,179.0
13,Product 105,Litre,48.33
13,Product 43,Kg,141.31
13,Product 86,Piece,99.76
13,Product 16,Pack,107.42
13,Product 53,Pack,94.55
13,Product 46,Litre,155.89
13,Product 102,Kg,82.13
13,Product 97,Kg,70.98
13,Product 55,Pack,114.85
13,Product 93,Piece,28.18
13,Product 7,Pack,197.2
13,Product 37,Kg,21.38
13,Product 77,Piece,190.16
13,Product 40,Litre,157.55
13,Product 99,Piece,79.06
13,Product 14,Kg,109.53
13,Product 74,Pack,51.63
13,Product 65,Pack,115.86
13,Product 28,Litre,110.05
13,Product 20,Piece,32.97
13,Product 62,Kg,98.52
13,Product 29,Pack,185.81
13,Product 89,Piece,123.64
13,Product 45,Pack,147.71
14,Product 12,Litre,51.23
14,Product 56,Litre,156.84
14,Product 109,Kg,51.89
14,Product 14,Pack,103.51
14,Product 32,Pack,142.6
14,Product 119,Piece,175.56
14,Product 76,Piece,47.17
14,Product 52,Kg,104.41
14,Product 68,Piece,163.34
14,Product 11,Kg,83.35
14,Product 51,Kg,75.87
14,Product 40,Pack,26.77
14,Product 96,Piece,169.71
14,Product 44,Kg,136.04
14,Product 29,Kg,130.7
14,Product 43,Pack,103.29
14,Product 100,Kg,100.95
14,Product 22,Litre,77.87
14,Product 10,Pack,110.25
14,Product 66,Kg,101.09
14,Product 82,Piece,196.83
14,Product 15,Kg,110.82
14,Product 112,Litre,27.05
14,Product 101,Pack,198.38
14,Product 25,Litre,85.5
14,Product 45,Piece,89.73
14,Product 95,Piece,142.2
14,Product 83,Kg,162.06
14,Product 19,Piece,31.86
14,Product 31,Kg,120.43
14,Product 117,Pack,71.15
14,Product 92,Litre,80.01
14,Product 33,Litre,185.01
15,Product 12,Piece,155.43
15,Product 83,Pack,62.12
15,Product 86,Litre,75.7
15,Product 55,Pack,182.72
15,Product 66,Litre,86.21
15,Product 47,Pack,103.1
15,Product 3,Piece,160.06
15,Product 115,Pack,193.93
15,Product 40,Litre,164.23
15,Product 24,Litre,177.14
15,Product 28,Kg,135.41
15,Product 44,Piece,119.82
15,Product 99,Kg,148.05
15,Product 63,Kg,71.31
15,Product 25,Litre,69.1
15,Product 29,Litre,169.59
15,Product 18,Kg,190.35
15,Product 20,Litre,167.01
15,Product 10,Piece,187.48
15,Product 38,Pack,29.59
15,Product 13,Piece,62.44
15,Product 65,Kg,87.48
15,Product 70,Kg,77.36
15,Product 95,Kg,171.05
15,Product 68,Piece,162.45
15,Product 5,Litre,26.89
15,Product 85,Pack,145.29
15,Product 109,Litre,156.59
15,Product 80,Pack,100.75
15,Product 17,Kg,183.05
15,Product 77,Kg,66.07
15,Product 49,Litre,118.78
15,Product 103,Pack,40.01
15,Product 21,Piece,62.78
15,Product 111,Kg,28.59
15,Product 92,Pack,135.01
15,Product 22,Pack,31.31
15,Product 57,Pack,127.41
15,Product 6,Kg,133.75
15,Product 53,Litre,149.34
15,Product 113,Piece,97.26
15,Product 31,Piece,63.3
15,Product 119,Pack,53.72
16,Product 50,Piece,84.26
16,Product 48,Kg,175.84
16,Product 33,Piece,69.18
16,Product 96,Piece,98.65
16,Product 3,Pack,153.8
16,Product 46,Pack,81.03
16,Product 101,Litre,109.32
16,Product 9,Pack,86.12
16,Product 45,Piece,164.21
16,Product 31,Pack,34.21
16,Product 94,Litre,118.19
16,Product 85,Piece,38.47
16,Product 81,Piece,138.97
16,Product 14,Piece,100.26
16,Product 99,Pack,50.0
16,Product 75,Pack,83.28
16,Product 95,Kg,150.83
16,Product 97,Piece,130.67
16,Product 43,Pack,69.42
16,Product 18,Kg,33.51
16,Product 6,Pack,85.4
16,Product 115,Litre,191.5
16,Product 70,Litre,172.76
16,Product 44,Pack,26.26
16,Product 83,Kg,62.48
16,Product 23,Piece,85.19
16,Product 88,Kg,128.92
16,Product 60,Pack,190.79
16,Product 90,Piece,99.91
16,Product 62,Kg,123.31
16,Product 108,Piece,91.65
16,Product 24,Piece,64.93
16,Product 114,Kg,24.66
16,Product 113,Litre,109.83
16,Product 59,Pack,184.44
16,Product 5,Kg,67.12
16,Product 38,Piece,146.73
16,Product 26,Litre,199.35
16,Product 100,Piece,144.92
16,Product 117,Pack,56.03
16,Product 82,Litre,173.51
16,Product 41,Pack,51.08
16,Product 40,Pack,199.51
16,Product 66,Piece,140.21
16,Product 51,Kg,119.0
16,Product 98,Piece,180.44
16,Product 61,Litre,148.13
16,Product 118,Litre,162.87
16,Product 109,Litre,41.85
16,Product 25,Litre,162.57
17,Product 9,Kg,101.0
17,Product 40,Piece,43.1
17,Product 51,Litre,158.2
17,Product 92,Litre,97.87
17,Product 93,Kg,169.65
17,Product 62,Litre,74.74
17,Product 68,Litre,78.08
17,Product 53,Litre,82.28
17,Product 99,Piece,172.27
17,Product 106,Piece,55.33
17,Product 74,Piece,42.53
17,Product 10,Piece,130.6
17,Product 17,Kg,110.46
17,Product 41,Litre,126.53
17,Product 83,Litre,50.82
18,Product 82,Pack,175.55
18,Product 4,Pack,64.69
18,Product 64,Litre,166.43
18,Product 114,Piece,54.17
18,Product 81,Litre,109.69
18,Product 70,Pack,109.78
18,Product 38,Piece,109.53
18,Product 83,Kg,190.14
18,Product 39,Pack,194.0
18,Product 62,Litre,125.0
18,Product 32,Kg,29.1
18,Product 104,Pack,127.55
18,Product 109,Pack,71.43
18,Product 88,Kg,172.49
18,Product 52,Pack,44.11
18,Product 112,Piece,150.95
18,Product 59,Pack,85.87
18,Product 10,Pack,29.21
18,Product 89,Litre,85.25
18,Product 8,Piece,33.24
18,Product 21,Pack,157.59
18,Product 57,Piece,168.56
18,Product 54,Kg,43.16
18,Product 111,Kg,90.9
18,Product 60,Piece,120.41
18,Product 27,Piece,155.89
18,Product 44,Litre,128.44
18,Product 78,Pack,110.01
18,Product 19,Kg,27.0
18,Product 41,Piece,164.71
18,Product 91,Pack,46.81
18,Product 45,Litre,79.03
18,Product 106,Piece,49.25
18,Product 17,Piece,126.87
18,Product 48,Pack,147.57
18,Product 66,Piece,105.48
18,Product 72,Kg,86.3
18,Product 14,Kg,196.38
18,Product 90,Piece,163.42
18,Product 31,Kg,127.44
18,Product 96,Piece,194.07
18,Product 16,Litre,149.85
18,Product 35,Pack,50.69
18,Product 58,Pack,46.6
18,Product 110,Litre,25.68
18,Product 92,Kg,54.34
18,Product 13,Pack,76.46
18,Product 7,Litre,94.33
18,Product 117,Litre,93.87
19,Product 23,Piece,106.36
19,Product 59,Piece,71.8
19,Product 117,Pack,181.24
19,Product 69,Pack,167.31
19,Product 44,Litre,72.28
19,Product 70,Piece,191.96
19,Product 46,Kg,82.35
19,Product 87,Pack,138.07
19,Product 99,Pack,58.52
19,Product 93,Piece,187.94
19,Product 88,Piece,44.71
19,Product 83,Litre,63.64
19,Product 103,Litre,134.83
19,Product 89,Kg,38.04
19,Product 34,Piece,149.12
19,Product 79,Kg,142.61
19,Product 62,Litre,20.93
19,Product 25,Litre,93.24
19,Product 32,Pack,105.94
19,Product 36,Litre,156.06
19,Product 72,Piece,77.81
19,Product 39,Kg,183.43
19,Product 29,Kg,137.41
19,Product 112,Litre,116.33
19,Product 37,Kg,184.38
19,Product 91,Litre,95.22
19,Product 27,Litre,188.11
19,Product 107,Kg,199.49
19,Product 95,Pack,161.83
19,Product 63,Litre,188.59
20,Product 109,Piece,122.2
20,Product 65,Litre,51.59
20,Product 60,Pack,168.86
20,Product 35,Piece,35.61
20,Product 25,Kg,53.26
20,Product 104,Litre,105.94
20,Product 15,Litre,21.23
20,Product 43,Pack,62.39
20,Product 21,Piece,191.73
20,Product 94,Piece,124.84
20,Product 59,Kg,67.08
20,Product 83,Piece,144.7
20,Product 33,Kg,140.2
20,Product 92,Pack,75.23
20,Product 24,Pack,143.49
20,Product 2,Piece,144.25
20,Product 95,Piece,86.16
20,Product 44,Litre,59.44
21,Product 103,Kg,120.58
21,Product 86,Piece,150.19
21,Product 106,Pack,65.8
21,Product 28,Kg,154.24
21,Product 98,Kg,28.15
21,Product 32,Piece,146.07
21,Product 88,Kg,188.22
21,Product 97,Kg,197.5
21,Product 77,Pack,25.71
21,Product 101,Pack,52.4
21,Product 11,Litre,157.85
21,Product 68,Pack,87.4
21,Product 58,Pack,100.74
21,Product 109,Pack,87.62
21,Product 91,Litre,137.64
21,Product 47,Piece,41.35
21,Product 10,Pack,115.19
21,Product 73,Litre,170.27
21,Product 15,Kg,196.13
21,Product 8,Pack,141.23
21,Product 71,Pack,115.75
21,Product 65,Litre,64.55
21,Product 26,Piece,47.92
21,Product 74,Litre,188.73
21,Product 69,Kg,25.8
21,Product 20,Pack,130.69
21,Product 22,Kg,63.32
21,Product 42,Kg,38.16
21,Product 67,Kg,100.36
21,Product 57,Kg,64.05
21,Product 102,Kg,92.41
21,Product 114,Litre,117.16
21,Product 27,Kg,45.22
21,Product 75,Piece,62.15
21,Product 63,Piece,123.95
21,Product 12,Piece,62.64
21,Product 66,Litre,197.43
21,Product 108,Litre,94.44
21,Product 111,Piece,30.97
21,Product 59,Litre,132.68
21,Product 17,Pack,120.05
21,Product 84,Kg,195.01
21,Product 54,Pack,161.44
21,Product 81,Piece,145.34
22,Product 104,Piece,36.64
22,Product 60,Litre,29.28
22,Product 118,Pack,141.26
22,Product 8,Kg,177.25
22,Product 72,Litre,164.84
22,Product 53,Litre,106.29
22,Product 54,Piece,74.57
22,Product 68,Kg,58.13
22,Product 18,Litre,193.17
22,Product 50,Kg,154.44
22,Product 32,Pack,184.6
22,Product 33,Litre,91.39
22,Product 27,Litre,119.37
22,Product 43,Piece,88.52
22,Product 83,Piece,75.52
22,Product 11,Piece,112.31
22,Product 119,Pack,103.88
22,Product 58,Pack,157.09
22,Product 109,Piece,184.58
23,Product 38,Kg,190.13
23,Product 20,Kg,157.58
23,Product 26,Pack,44.75
23,Product 43,Litre,32.23
23,Product 30,Litre,21.65
23,Product 49,Pack,87.18
23,Product 73,Pack,138.67
23,Product 107,Kg,21.19
23,Product 32,Pack,22.13
23,Product 64,Piece,116.43
23,Product 71,Piece,23.09
23,Product 84,Pack,165.11
23,Product 88,Litre,39.26
23,Product 44,Kg,114.39
23,Product 33,Litre,54.55
23,Product 98,Piece,166.74
23,Product 63,Piece,163.09
23,Product 93,Kg,87.15
23,Product 83,Pack,102.62
23,Product 95,Litre,198.24
23,Product 104,Litre,74.0
23,Product 59,Kg,137.67
23,Product 22,Kg,36.83
23,Product 94,Pack,87.89
23,Product 46,Pack,30.1
23,Product 105,Kg,146.51
23,Product 18,Kg,109.97
23,Product 103,Pack,136.08
23,Product 70,Piece,121.85
23,Product 100,Kg,181.06
23,Product 24,Kg,61.36
23,Product 92,Pack,68.8
23,Product 102,Kg,143.2
23,Product 8,Piece,181.88
23,Product 68,Kg,52.28
23,Product 5,Piece,22.82
24,Product 43,Litre,88.4
24,Product 50,Litre,153.14
24,Product 97,Piece,84.93
24,Product 95,Kg,20.94
24,Product 18,Piece,100.05
24,Product 102,Piece,38.4
24,Product 89,Kg,53.73
24,Product 93,Pack,120.26
24,Product 11,Pack,38.59
24,Product 65,Kg,83.7
24,Product 96,Kg,127.45
24,Product 45,Piece,175.47
24,Product 7,Kg,72.53
24,Product 13,Pack,160.25
24,Product 56,Litre,122.95
24,Product 30,Litre,143.36
24,Product 10,Litre,44.99
24,Product 44,Piece,68.31
24,Product 78,Litre,31.39
24,Product 99,Pack,69.67
24,Product 79,Piece,107.16
24,Product 77,Kg,85.0
24,Product 51,Litre,149.76
24,Product 42,Pack,126.89
24,Product 4,Litre,102.42
24,Product 82,Litre,74.84
24,Product 35,Pack,79.8
24,Product 58,Pack,164.73
24,Product 63,Piece,99.24
24,Product 105,Pack,166.79
24,Product 46,Litre,74.08
24,Product 71,Litre,106.22
24,Product 49,Litre,193.62
24,Product 106,Piece,72.46
24,Product 24,Pack,194.2
24,Product 75,Litre,78.66
24,Product 88,Piece,166.97
24,Product 112,Pack,85.7
24,Product 80,Litre,126.6
24,Product 38,Litre,142.71
24,Product 32,Kg,191.54
24,Product 104,Pack,189.74
24,Product 83,Litre,98.92
24,Product 94,Piece,169.63
25,Product 58,Piece,146.29
25,Product 77,Kg,39.69
25,Product 62,Litre,138.37
25,Product 75,Piece,49.94
25,Product 52,Kg,121.38
25,Product 69,Pack,194.03
25,Product 65,Piece,193.83
25,Product 119,Pack,39.07
25,Product 118,Kg,66.57
25,Product 112,Litre,100.24
25,Product 89,Pack,103.35
25,Product 54,Litre,82.09
25,Product 70,Kg,106.9
25,Product 5,Piece,94.88
26,Product 13,Litre,100.92
26,Product 57,Pack,89.99
26,Product 93,Litre,57.04
26,Product 90,Kg,123.92
26,Product 58,Litre,85.84
26,Product 41,Litre,102.36
26,Product 9,Piece,140.73
26,Product 39,Pack,114.99
26,Product 6,Piece,127.45
26,Product 104,Pack,125.66
26,Product 91,Piece,83.36
26,Product 15,Pack,131.13
26,Product 3,Piece,185.36
26,Product 44,Kg,140.98
26,Product 83,Piece,41.22
26,Product 14,Piece,41.05
26,Product 87,Piece,144.82
26,Product 103,Pack,95.28
26,Product 22,Litre,123.47
26,Product 95,Pack,53.44
26,Product 32,Litre,119.88
26,Product 67,Pack,71.99
26,Product 23,Litre,76.62
26,Product 71,Pack,131.49
26,Product 21,Piece,191.33
26,Product 43,Pack,44.58
26,Product 72,Pack,193.49
26,Product 55,Pack,93.64
26,Product 60,Pack,94.81
26,Product 30,Pack,107.97
26,Product 52,Kg,121.77
26,Product 81,Litre,72.58
26,Product 24,Piece,60.47
26,Product 88,Piece,50.28
26,Product 82,Pack,121.82
26,Product 85,Pack,118.95
26,Product 56,Kg,123.09
26,Product 51,Piece,159.52
26,Product 4,Piece,117.57
26,Product 79,Kg,156.8
27,Product 111,Piece,196.22
27,Product 105,Piece,72.08
27,Product 12,Piece,191.43
27,Product 57,Kg,44.41
27,Product 120,Pack,185.38
27,Product 16,Piece,176.07
27,Product 100,Litre,146.26
27,Product 104,Litre,64.94
27,Product 31,Piece,169.13
27,Product 27,Pack,108.1
27,Product 113,Piece,133.01
27,Product 95,Pack,101.36
27,Product 76,Kg,92.51
27,Product 89,Piece,145.05
27,Product 45,Piece,101.85
27,Product 91,Pack,78.91
27,Product 79,Kg,176.4
27,Product 81,Kg,151.57
27,Product 55,Pack,134.27
27,Product 22,Piece,173.02
27,Product 110,Pack,59.21
27,Product 18,Pack,168.47
27,Product 116,Pack,68.34
27,Product 98,Piece,80.8
27,Product 8,Litre,121.91
27,Product 73,Pack,161.89
27,Product 106,Kg,28.27
27,Product 69,Pack,22.93
27,Product 36,Litre,99.43
27,Product 77,Kg,198.53
27,Product 93,Pack,56.42
27,Product 101,Litre,178.79
28,Product 40,Litre,185.58
28,Product 93,Pack,174.79
28,Product 90,Kg,181.39
28,Product 97,Litre,155.44
28,Product 30,Pack,83.28
28,Product 55,Pack,76.61
28,Product 84,Litre,64.6
28,Product 12,Kg,64.67
28,Product 91,Piece,160.21
28,Product 13,Kg,172.62
28,Product 1,Piece,56.98
28,Product 28,Litre,154.61
28,Product 62,Piece,136.31
28,Product 10,Litre,109.08
28,Product 17,Kg,63.39
28,Product 76,Kg,115.09
28,Product 29,Kg,197.64
28,Product 67,Piece,43.76
28,Product 88,Pack,85.77
28,Product 57,Litre,157.29
28,Product 2,Kg,23.0
28,Product 100,Kg,22.48
28,Product 118,Litre,27.17
28,Product 44,Kg,190.76
28,Product 16,Pack,111.19
28,Product 115,Pack,96.24
28,Product 89,Pack,34.84
28,Product 106,Litre,69.94
28,Product 108,Piece,34.22
28,Product 107,Litre,195.38
28,Product 116,Litre,116.55
28,Product 50,Pack,125.56
28,Product 113,Kg,75.83
28,Product 14,Pack,151.39
28,Product 87,Litre,30.42
28,Product 41,Kg,186.43
28,Product 48,Kg,101.61
28,Product 39,Kg,75.67
28,Product 18,Litre,41.5
28,Product 49,Litre,146.27
28,Product 82,Litre,109.35
28,Product 19,Piece,114.14
28,Product 9,Piece,50.05
28,Product 68,Litre,154.96
28,Product 73,Piece,151.93
28,Product 99,Kg,158.86
28,Product 22,Kg,80.3
28,Product 101,Pack,68.96
28,Product 45,Kg,67.33
28,Product 109,Kg,109.31
29,Product 1,Piece,35.55
29,Product 6,Pack,21.43
29,Product 110,Litre,72.49
29,Product 111,Piece,153.12
29,Product 2,Litre,103.51
29,Product 32,Pack,199.6
29,Product 119,Litre,151.84
29,Product 61,Litre,47.1
29,Product 47,Pack,24.3
29,Product 50,Piece,134.47
29,Product 20,Kg,191.18
29,Product 23,Kg,156.61
29,Product 5,Pack,172.82
29,Product 71,Piece,38.71
29,Product 103,Litre,95.57
29,Product 92,Kg,195.06
29,Product 95,Litre,148.1
29,Product 84,Kg,27.9
29,Product 54,Litre,181.51
29,Product 29,Pack,146.15
29,Product 42,Piece,102.52
29,Product 115,Kg,124.54
29,Product 102,Litre,134.7
29,Product 93,Pack,33.47
29,Product 41,Kg,98.3
29,Product 35,Litre,62.62
29,Product 10,Piece,173.16
29,Product 74,Pack,146.13
29,Product 48,Piece,77.25
29,Product 16,Piece,62.05
29,Product 65,Litre,44.5
29,Product 87,Kg,47.97
29,Product 7,Litre,100.92
29,Product 109,Piece,93.17
29,Product 101,Piece,193.63
29,Product 67,Litre,101.35
29,Product 114,Pack,67.7
29,Product 52,Kg,36.28
29,Product 9,Piece,168.75
29,Product 60,Kg,58.7
29,Product 37,Piece,46.7
29,Product 40,Litre,194.31
30,Product 32,Litre,83.71
30,Product 13,Litre,69.5
30,Product 60,Pack,179.02
30,Product 14,Kg,130.54
30,Product 103,Litre,136.51
30,Product 102,Pack,94.16
30,Product 18,Pack,30.98
30,Product 16,Piece,88.94
30,Product 2,Pack,55.9
30,Product 8,Litre,133.54
30,Product 107,Kg,198.09
30,Product 100,Piece,106.34
30,Product 29,Pack,81.93
30,Product 17,Piece,89.91
30,Product 26,Litre,24.69
30,Product 52,Litre,25.27
30,Product 48,Piece,30.55
30,Product 88,Pack,115.3
30,Product 81,Litre,195.32
30,Product 83,Kg,64.61
30,Product 11,Litre,67.97
30,Product 75,Kg,157.53
30,Product 76,Litre,123.62
30,Product 34,Pack,83.86
30,Product 10,Litre,51.7
30,Product 3,Piece,165.12
30,Product 9,Piece,184.52
30,Product 106,Kg,146.62
30,Product 101,Piece,190.56
30,Product 57,Litre,121.36
30,Product 110,Litre,170.61
30,Product 12,Pack,117.58
30,Product 43,Litre,108.28
30,Product 113,Kg,30.11
30,Product 6,Litre,23.59
30,Product 118,Pack,20.12
30,Product 7,Litre,165.16
30,Product 22,Piece,149.05
30,Product 74,Piece,30.72
30,Product 56,Litre,125.59
30,Product 51,Litre,159.39
30,Product 64,Piece,192.9
30,Product 4,Piece,146.82
30,Product 49,Pack,125.48
30,Product 55,Piece,74.32
31,Product 86,Kg,188.6
31,Product 76,Litre,79.61
31,Product 105,Kg,62.84
31,Product 23,Piece,50.22
31,Product 49,Kg,167.9
31,Product 40,Piece,100.39
31,Product 94,Piece,57.74
31,Product 89,Kg,83.09
31,Product 38,Kg,149.67
31,Product 17,Kg,89.47
31,Product 117,Pack,194.44
31,Product 114,Pack,108.75
31,Product 1,Pack,83.22
31,Product 90,Pack,38.26
31,Product 74,Pack,161.97
31,Product 51,Litre,49.28
31,Product 99,Kg,163.86
31,Product 73,Kg,73.08
31,Product 5,Piece,67.0
31,Product 24,Kg,33.36
31,Product 78,Litre,179.83
31,Product 41,Litre,151.76
31,Product 79,Kg,80.83
31,Product 29,Pack,146.81
32,Product 93,Piece,179.39
32,Product 119,Piece,53.58
32,Product 94,Kg,67.39
32,Product 70,Pack,67.41
32,Product 34,Piece,121.56
32,Product 85,Litre,155.4
32,Product 37,Kg,35.43
32,Product 39,Piece,165.47
32,Product 31,Pack,194.73
32,Product 13,Litre,119.65
32,Product 7,Pack,167.31
32,Product 51,Pack,193.81
32,Product 74,Pack,123.09
32,Product 71,Litre,105.73
32,Product 63,Kg,91.06
32,Product 20,Kg,110.38
32,Product 110,Litre,41.65
32,Product 47,Pack,51.12
32,Product 1,Litre,194.99
32,Product 55,Litre,42.71
32,Product 12,Pack,34.11
32,Product 38,Pack,56.35
32,Product 115,Litre,170.14
32,Product 81,Piece,77.55
32,Product 77,Kg,35.66
32,Product 62,Pack,119.37
32,Product 26,Piece,113.54
32,Product 111,Kg,161.58
32,Product 4,Pack,40.25
32,Product 27,Litre,46.68
32,Product 22,Kg,186.49
32,Product 82,Kg,161.43
32,Product 99,Piece,178.02
32,Product 11,Piece,88.95
32,Product 61,Pack,122.96
32,Product 15,Pack,26.74
32,Product 40,Piece,92.54
32,Product 109,Pack,26.98
32,Product 86,Piece,144.29
32,Product 106,Kg,154.23
32,Product 116,Piece,181.47
32,Product 100,Kg,80.82
32,Product 117,Piece,75.97
32,Product 50,Pack,174.48
32,Product 24,Kg,195.05
33,Product 117,Kg,51.27
33,Product 106,Litre,170.66
33,Product 53,Litre,25.95
33,Product 95,Kg,185.25
33,Product 63,Litre,69.32
33,Product 98,Pack,110.92
33,Product 67,Kg,142.61
33,Product 112,Litre,87.04
33,Product 48,Pack,51.97
33,Product 119,Pack,125.64
33,Product 8,Piece,81.96
33,Product 66,Piece,154.81
33,Product 102,Kg,71.31
33,Product 21,Pack,28.94
33,Product 9,Litre,174.28
33,Product 40,Litre,141.99
33,Product 91,Piece,137.29
33,Product 65,Kg,175.63
33,Product 52,Kg,105.34
33,Product 18,Litre,136.53
33,Product 100,Kg,60.28
33,Product 68,Piece,148.29
33,Product 73,Piece,96.29
34,Product 66,Kg,106.71
34,Product 85,Piece,197.9
34,Product 108,Piece,175.07
34,Product 48,Piece,138.1
34,Product 72,Piece,53.9
34,Product 83,Litre,181.94
34,Product 77,Pack,138.9
34,Product 78,Litre,149.83
34,Product 37,Pack,199.54
34,Product 39,Piece,183.24
35,Product 117,Kg,105.0
35,Product 86,Litre,110.09
35,Product 46,Pack,115.37
35,Product 65,Pack,29.73
35,Product 39,Litre,44.73
35,Product 109,Litre,81.68
35,Product 22,Pack,45.78
35,Product 108,Litre,160.21
35,Product 85,Pack,79.87
35,Product 72,Litre,76.41
35,Product 24,Kg,20.85
35,Product 38,Piece,57.69
35,Product 13,Litre,123.73
35,Product 61,Litre,108.12
35,Product 17,Kg,43.29
35,Product 95,Pack,134.03
35,Product 34,Pack,97.22
35,Product 93,Pack,89.0
35,Product 111,Kg,116.08
35,Product 98,Piece,191.01
35,Product 110,Piece,156.23
35,Product 88,Litre,23.22
35,Product 43,Kg,132.8
35,Product 84,Litre,60.73
35,Product 12,Piece,76.18
35,Product 29,Kg,89.04
35,Product 118,Piece,50.06
35,Product 105,Kg,73.68
35,Product 40,Piece,102.07
35,Product 54,Piece,98.06
35,Product 101,Litre,81.69
35,Product 48,Pack,84.67
35,Product 104,Litre,49.68
35,Product 75,Pack,23.44
35,Product 115,Litre,150.89
35,Product 60,Litre,58.01
35,Product 16,Kg,126.14
35,Product 107,Litre,42.17
35,Product 7,Kg,87.53
35,Product 87,Piece,158.82
36,Product 61,Kg,161.26
36,Product 90,Pack,55.76
36,Product 20,Litre,160.03
36,Product 27,Litre,84.43
36,Product 89,Pack,73.16
36,Product 88,Kg,118.66
36,Product 81,Litre,143.88
36,Product 2,Pack,79.51
36,Product 39,Kg,22.29
36,Product 54,Kg,183.24
36,Product 85,Pack,46.85
36,Product 13,Kg,160.31
36,Product 110,Kg,150.24
36,Product 67,Kg,182.86
36,Product 35,Litre,102.22
36,Product 80,Piece,67.54
36,Product 78,Kg,37.97
36,Product 119,Litre,177.35
36,Product 18,Piece,84.84
36,Product 111,Piece,96.68
36,Product 14,Kg,37.1
36,Product 66,Kg,21.74
36,Product 93,Litre,139.4
36,Product 105,Litre,79.16
36,Product 16,Pack,191.92
36,Product 37,Piece,178.13
37,Product 15,Piece,130.04
37,Product 17,Litre,106.95
37,Product 90,Pack,40.33
37,Product 93,Pack,99.32
37,Product 8,Kg,67.09
37,Product 109,Piece,22.22
37,Product 21,Litre,196.02
37,Product 14,Piece,113.44
37,Product 54,Kg,97.91
37,Product 117,Litre,106.75
37,Product 76,Pack,46.76
37,Product 62,Kg,22.1
37,Product 103,Litre,111.0
37,Product 73,Pack,173.34
37,Product 87,Litre,33.48
37,Product 57,Pack,77.71
37,Product 24,Piece,194.63
37,Product 79,Kg,111.25
37,Product 49,Pack,92.59
37,Product 100,Litre,34.19
38,Product 53,Litre,20.4
38,Product 5,Piece,169.38
38,Product 72,Piece,118.58
38,Product 71,Piece,146.38
38,Product 1,Kg,181.44
38,Product 106,Pack,45.28
38,Product 12,Pack,39.25
38,Product 102,Litre,53.76
38,Product 78,Pack,58.81
38,Product 80,Litre,149.02
38,Product 82,Kg,156.29
38,Product 39,Kg,186.79
38,Product 66,Kg,158.99
38,Product 118,Pack,102.33
38,Product 27,Litre,193.49
38,Product 84,Kg,115.47
38,Product 86,Kg,119.58
38,Product 59,Pack,170.99
38,Product 44,Pack,186.39
38,Product 47,Litre,144.53
38,Product 7,Litre,151.49
38,Product 29,Litre,38.64
38,Product 103,Piece,110.74
38,Product 43,Pack,95.36
38,Product 107,Litre,69.25
38,Product 111,Piece,194.69
38,Product 77,Pack,164.86
38,Product 61,Litre,94.29
38,Product 92,Piece,171.75
38,Product 85,Piece,148.14
38,Product 101,Litre,56.16
38,Product 58,Piece,143.59
38,Product 15,Litre,196.64
38,Product 13,Litre,110.7
38,Product 91,Piece,147.86
39,Product 67,Litre,197.04
39,Product 14,Piece,46.36
39,Product 4,Kg,144.31
39,Product 49,Piece,56.72
39,Product 19,Kg,84.56
39,Product 7,Pack,38.45
39,Product 86,Litre,153.63
39,Product 8,Pack,62.77
39,Product 26,Piece,144.73
39,Product 35,Kg,186.77
40,Product 97,Kg,47.67
40,Product 76,Piece,127.44
40,Product 70,Piece,108.3
40,Product 95,Piece,33.12
40,Product 78,Piece,114.57
40,Product 26,Litre,113.71
40,Product 100,Litre,94.87
40,Product 93,Pack,36.55
40,Product 25,Litre,179.01
40,Product 38,Piece,79.59
40,Product 58,Piece,59.32
40,Product 23,Pack,199.39
40,Product 88,Kg,40.65
40,Product 10,Piece,100.22
40,Product 24,Litre,192.6
40,Product 109,Piece,88.65
40,Product 117,Kg,89.46
40,Product 66,Piece,24.45
40,Product 16,Piece,112.58
40,Product 49,Pack,107.62
40,Product 6,Piece,181.69
40,Product 55,Litre,77.66
40,Product 36,Kg,190.68
40,Product 72,Litre,194.89
40,Product 34,Kg,132.85
40,Product 17,Litre,140.66
40,Product 21,Litre,175.69
40,Product 75,Pack,170.42
40,Product 33,Litre,116.8
40,Product 1,Pack,136.38
40,Product 43,Kg,154.44
40,Product 60,Litre,24.28
40,Product 20,Piece,26.82
41,Product 52,Kg,123.09
41,Product 56,Pack,116.69
41,Product 41,Kg,74.84
41,Product 3,Piece,58.11
41,Product 50,Litre,48.97
41,Product 87,Litre,131.04
41,Product 16,Piece,54.98
41,Product 69,Litre,140.78
41,Product 1,Kg,173.25
41,Product 83,Pack,136.04
41,Product 93,Kg,72.32
41,Product 80,Kg,65.12
41,Product 9,Litre,150.61
41,Product 97,Pack,191.28
41,Product 96,Piece,43.08
41,Product 75,Litre,38.01
41,Product 6,Kg,182.02
41,Product 90,Piece,107.46
41,Product 10,Piece,130.94
41,Product 46,Piece,144.82
41,Product 65,Litre,121.8
41,Product 14,Piece,165.39
41,Product 38,Pack,50.36
41,Product 88,Piece,64.31
41,Product 39,Litre,148.2
41,Product 78,Pack,69.8
41,Product 12,Piece,44.18
41,Product 37,Piece,178.02
41,Product 57,Pack,100.16
41,Product 49,Piece,107.65
41,Product 51,Kg,51.64
41,Product 85,Kg,171.52
41,Product 4,Litre,180.43
41,Product 61,Litre,67.38
41,Product 21,Kg,150.94
41,Product 113,Kg,172.93
41,Product 29,Kg,166.28
41,Product 18,Pack,158.46
41,Product 103,Litre,183.13
41,Product 70,Piece,117.82
41,Product 98,Pack,137.7
41,Product 19,Litre,85.85
41,Product 106,Litre,180.46
41,Product 48,Piece,44.1
41,Product 2,Kg,91.42
41,Product 71,Kg,139.28
41,Product 72,Litre,156.3
41,Product 79,Litre,100.32
41,Product 114,Litre,121.94
41,Product 104,Litre,152.47
42,Product 67,Pack,137.66
42,Product 117,Piece,125.78
42,Product 102,Kg,113.0
42,Product 47,Pack,195.08
42,Product 50,Litre,112.95
42,Product 61,Piece,167.1
42,Product 59,Piece,107.64
42,Product 113,Pack,179.69
42,Product 6,Kg,110.33
42,Product 112,Litre,99.18
42,Product 84,Litre,33.88
42,Product 42,Piece,58.07
42,Product 14,Litre,48.32
42,Product 91,Kg,139.0
42,Product 120,Pack,166.01
42,Product 82,Kg,106.67
42,Product 36,Pack,106.22
42,Product 95,Litre,136.51
42,Product 34,Pack,24.04
42,Product 75,Kg,43.02
42,Product 70,Litre,44.25
42,Product 73,Kg,180.34
42,Product 23,Litre,30.06
43,Product 78,Kg,51.94
43,Product 61,Kg,178.0
43,Product 112,Kg,36.77
43,Product 62,Litre,182.36
43,Product 22,Kg,181.45
43,Product 29,Pack,113.97
43,Product 107,Piece,177.47
43,Product 53,Pack,61.31
43,Product 77,Pack,162.12
43,Product 19,Pack,83.09
43,Product 102,Kg,96.59
43,Product 75,Piece,105.89
43,Product 106,Litre,183.82
43,Product 99,Kg,70.99
43,Product 24,Pack,66.4
43,Product 80,Kg,147.65
43,Product 85,Kg,124.04
43,Product 66,Kg,113.56
43,Product 34,Pack,137.82
43,Product 116,Piece,93.59
43,Product 93,Kg,47.86
43,Product 88,Piece,67.03
43,Product 44,Pack,121.64
43,Product 59,Piece,198.52
43,Product 118,Pack,155.89
43,Product 76,Pack,119.38
43,Product 9,Pack,52.17
43,Product 30,Pack,65.68
43,Product 49,Piece,123.98
43,Product 50,Pack,152.44
43,Product 17,Kg,154.61
43,Product 14,Pack,160.96
43,Product 3,Litre,38.05
43,Product 26,Pack,161.49
43,Product 67,Kg,48.93
43,Product 65,Kg,164.79
43,Product 54,Litre,104.9
43,Product 20,Pack,35.87
44,Product 37,Kg,185.45
44,Product 92,Piece,150.7
44,Product 77,Piece,82.55
44,Product 8,Piece,60.73
44,Product 100,Litre,101.86
44,Product 105,Pack,123.48
44,Product 23,Piece,51.51
44,Product 82,Kg,120.55
44,Product 64,Piece,81.19
44,Product 57,Kg,164.53
44,Product 2,Piece,177.7
44,Product 26,Piece,144.95
44,Product 85,Pack,121.37
44,Product 103,Litre,156.35
44,Product 67,Pack,142.69
44,Product 120,Kg,106.75
44,Product 25,Piece,32.16
44,Product 5,Litre,141.84
44,Product 101,Litre,164.03
44,Product 118,Pack,191.98
44,Product 66,Kg,146.15
44,Product 106,Piece,64.69
44,Product 90,Kg,91.81
44,Product 30,Piece,33.69
44,Product 79,Litre,105.78
44,Product 22,Piece,59.34
44,Product 87,Piece,52.9
44,Product 107,Litre,109.82
44,Product 47,Litre,62.28
44,Product 31,Litre,177.09
44,Product 84,Litre,61.26
44,Product 1,Litre,170.54
44,Product 21,Piece,48.08
44,Product 12,Kg,41.58
44,Product 36,Kg,141.65
44,Product 52,Pack,130.49
44,Product 46,Kg,172.64
44,Product 51,Piece,131.72
44,Product 108,Pack,181.66
44,Product 76,Piece,108.34
44,Product 109,Piece,91.62
44,Product 99,Litre,29.75
44,Product 110,Pack,106.1
45,Product 2,Piece,53.69
45,Product 87,Piece,62.69
45,Product 27,Pack,192.53
45,Product 49,Piece,85.87
45,Product 75,Pack,96.31
45,Product 13,Pack,146.13
45,Product 42,Piece,85.71
45,Product 47,Pack,70.33
45,Product 79,Litre,122.85
45,Product 111,Litre,166.55
46,Product 54,Litre,30.81
46,Product 64,Piece,105.78
46,Product 18,Kg,100.97
46,Product 115,Piece,66.76
46,Product 109,Piece,120.86
46,Product 81,Piece,81.95
46,Product 67,Pack,41.82
46,Product 69,Litre,123.83
46,Product 93,Litre,196.29
46,Product 41,Piece,83.92
46,Product 101,Pack,159.45
46,Product 63,Pack,180.13
46,Product 39,Pack,130.46
46,Product 33,Pack,133.71
46,Product 72,Litre,176.29
46,Product 110,Piece,95.93
46,Product 73,Pack,172.8
46,Product 7,Kg,34.24
46,Product 51,Piece,61.08
46,Product 13,Piece,137.54
46,Product 89,Piece,128.97
47,Product 85,Kg,137.87
47,Product 33,Pack,75.69
47,Product 96,Litre,152.77
47,Product 90,Pack,132.77
47,Product 118,Litre,114.81
47,Product 11,Litre,25.14
47,Product 27,Piece,174.87
47,Product 22,Piece,175.56
47,Product 51,Pack,195.5
47,Product 14,Piece,118.74
47,Product 13,Litre,194.52
47,Product 9,Litre,126.35
47,Product 61,Pack,133.59
47,Product 71,Pack,114.22
47,Product 7,Piece,183.61
47,Product 4,Pack,117.14
47,Product 99,Kg,99.53
47,Product 112,Piece,94.2
47,Product 68,Litre,74.64
47,Product 98,Kg,114.2
47,Product 115,Litre,81.9
47,Product 111,Pack,116.32
47,Product 34,Pack,190.45
47,Product 80,Pack,73.93
47,Product 20,Pack,163.63
48,Product 107,Pack,53.8
48,Product 49,Kg,47.39
48,Product 29,Kg,53.47
48,Product 34,Kg,70.78
48,Product 11,Litre,148.74
48,Product 55,Kg,61.91
48,Product 81,Litre,22.65
48,Product 31,Litre,81.54
48,Product 67,Piece,161.43
48,Product 98,Pack,199.63
48,Product 103,Pack,145.45
48,Product 79,Kg,79.44
48,Product 104,Litre,30.09
48,Product 89,Pack,32.85
48,Product 88,Pack,52.69
48,Product 35,Piece,167.11
48,Product 37,Kg,41.95
48,Product 84,Litre,89.26
48,Product 96,Pack,64.49
48,Product 69,Kg,55.85
48,Product 105,Kg,113.81
48,Product 53,Litre,105.11
48,Product 25,Piece,188.52
48,Product 9,Litre,133.25
48,Product 24,Kg,154.05
48,Product 18,Kg,65.6
48,Product 38,Piece,55.77
48,Product 15,Kg,175.46
48,Product 82,Litre,195.19
48,Product 59,Litre,133.92
48,Product 80,Piece,22.71
48,Product 58,Piece,125.25
48,Product 100,Pack,162.05
48,Product 90,Kg,194.39
49,Product 8,Piece,167.5
49,Product 120,Piece,101.73
49,Product 46,Pack,152.06
49,Product 83,Kg,131.55
49,Product 20,Piece,159.68
49,Product 90,Litre,77.72
49,Product 69,Kg,138.49
49,Product 102,Pack,54.18
49,Product 14,Pack,157.83
49,Product 17,Litre,130.35
49,Product 63,Piece,93.76
49,Product 30,Piece,39.88
49,Product 41,Kg,27.88
49,Product 72,Litre,52.15
49,Product 101,Kg,56.37
49,Product 117,Pack,54.49
49,Product 97,Kg,122.78
49,Product 45,Pack,138.43
49,Product 57,Piece,28.84
49,Product 94,Litre,129.07
49,Product 25,Kg,22.36
49,Product 3,Litre,138.03
49,Product 89,Kg,104.25
49,Product 49,Kg,84.97
49,Product 118,Pack,167.96
49,Product 93,Kg,168.26
49,Product 18,Piece,115.22
49,Product 33,Kg,170.2
49,Product 6,Kg,190.03
49,Product 110,Kg,38.22
49,Product 113,Litre,115.7
49,Product 107,Litre,54.76
49,Product 38,Litre,122.6
49,Product 70,Litre,120.52
49,Product 91,Pack,154.3
49,Product 100,Piece,141.41
49,Product 73,Pack,178.91
49,Product 24,Litre,162.64
49,Product 87,Pack,110.84
49,Product 103,Litre,116.1
49,Product 42,Pack,188.03
49,Product 60,Piece,119.01
49,Product 36,Piece,172.07
49,Product 77,Pack,157.55
49,Product 71,Pack,168.71
49,Product 21,Piece,129.51
49,Product 9,Litre,87.51
49,Product 68,Piece,84.8
49,Product 116,Pack,100.55
49,Product 58,Pack,20.04
50,Product 99,Kg,26.79
50,Product 106,Piece,48.1
50,Product 89,Piece,86.07
50,Product 36,Litre,61.94
50,Product 118,Piece,36.54
50,Product 71,Pack,122.43
50,Product 66,Litre,152.17
50,Product 72,Piece,162.72
50,Product 74,Litre,107.89
50,Product 119,Kg,127.14
50,Product 20,Piece,26.73
51,Product 100,Pack,137.4
51,Product 81,Litre,121.01
51,Product 49,Litre,63.62
51,Product 7,Piece,159.82
51,Product 40,Piece,143.25
51,Product 68,Kg,40.26
51,Product 6,Pack,96.24
51,Product 41,Piece,54.29
51,Product 70,Piece,126.9
51,Product 73,Kg,158.54
51,Product 20,Litre,197.78
51,Product 42,Pack,132.17
51,Product 65,Pack,28.08
51,Product 90,Litre,55.94
51,Product 29,Piece,48.08
51,Product 110,Kg,40.23
51,Product 117,Kg,63.75
51,Product 87,Litre,176.38
51,Product 94,Piece,22.47
51,Product 51,Kg,74.92
51,Product 58,Pack,24.09
51,Product 97,Litre,153.2
51,Product 77,Litre,56.68
51,Product 74,Piece,118.78
51,Product 108,Litre,145.11
51,Product 12,Kg,87.79
51,Product 106,Kg,65.98
51,Product 56,Kg,71.12
51,Product 38,Piece,29.56
51,Product 101,Kg,31.99
51,Product 19,Piece,139.34
51,Product 17,Piece,175.57
51,Product 44,Kg,72.65
51,Product 11,Pack,61.61
51,Product 61,Pack,111.54
51,Product 99,Kg,182.7
51,Product 104,Pack,176.02
51,Product 71,Kg,53.56
51,Product 52,Pack,120.92
51,Product 34,Kg,27.16
51,Product 103,Piece,80.04
51,Product 82,Pack,153.99
51,Product 96,Kg,82.42
51,Product 93,Piece,83.97
51,Product 89,Piece,62.52
51,Product 18,Piece,166.14
51,Product 62,Piece,178.16
51,Product 72,Kg,189.94
51,Product 26,Piece,60.6
51,Product 63,Piece,181.49
52,Product 20,Litre,53.25
52,Product 55,Piece,129.01
52,Product 40,Litre,127.34
52,Product 117,Litre,143.73
52,Product 78,Piece,34.31
52,Product 43,Pack,44.14
52,Product 58,Pack,148.16
52,Product 70,Piece,53.12
52,Product 17,Pack,108.46
52,Product 27,Litre,49.48
52,Product 84,Litre,25.8
52,Product 18,Kg,186.58
52,Product 75,Pack,60.06
52,Product 113,Litre,156.4
52,Product 88,Kg,51.87
52,Product 103,Pack,176.08
52,Product 26,Pack,143.82
52,Product 109,Pack,179.77
52,Product 118,Pack,92.88
52,Product 89,Kg,129.43
52,Product 91,Pack,149.64
52,Product 68,Pack,130.07
52,Product 105,Kg,113.72
52,Product 56,Pack,102.24
52,Product 19,Kg,178.0
52,Product 110,Litre,113.37
52,Product 73,Pack,197.09
52,Product 21,Kg,120.39
52,Product 41,Kg,54.17
52,Product 9,Pack,91.65
52,Product 72,Piece,159.26
52,Product 69,Piece,103.04
52,Product 16,Pack,73.0
52,Product 24,Kg,144.19
52,Product 92,Litre,103.44
52,Product 96,Pack,36.28
52,Product 4,Kg,52.36
52,Product 86,Litre,90.75
52,Product 53,Piece,101.16
52,Product 82,Litre,101.66
52,Product 39,Litre,178.86
52,Product 57,Kg,65.01
52,Product 36,Litre,149.31
52,Product 120,Kg,36.41
52,Product 25,Pack,134.13
52,Product 14,Kg,114.29
53,Product 21,Piece,22.2
53,Product 112,Pack,173.97
53,Product 19,Kg,129.44
53,Product 23,Pack,62.82
53,Product 99,Pack,101.67
53,Product 92,Pack,34.29
53,Product 7,Kg,64.05
53,Product 54,Piece,131.56
53,Product 40,Litre,28.81
53,Product 94,Litre,29.91
53,Product 58,Piece,26.61
53,Product 37,Kg,140.06
53,Product 81,Piece,79.6
53,Product 24,Kg,28.83
53,Product 16,Pack,198.87
53,Product 116,Litre,140.98
53,Product 17,Litre,193.93
53,Product 26,Piece,187.67
53,Product 1,Kg,158.33
54,Product 53,Kg,103.68
54,Product 68,Kg,152.74
54,Product 27,Litre,163.92
54,Product 90,Pack,94.53
54,Product 118,Piece,82.94
54,Product 79,Litre,22.03
54,Product 8,Litre,144.2
54,Product 14,Piece,162.24
54,Product 74,Piece,74.05
54,Product 94,Piece,158.07
54,Product 81,Kg,143.45
54,Product 119,Piece,91.29
54,Product 12,Kg,169.77
54,Product 62,Litre,79.49
54,Product 93,Piece,186.01
54,Product 89,Pack,184.91
54,Product 78,Kg,136.22
54,Product 101,Pack,47.97
54,Product 91,Pack,180.57
54,Product 37,Piece,103.24
54,Product 55,Pack,187.0
54,Product 104,Kg,170.32
54,Product 41,Piece,121.69
54,Product 34,Piece,119.93
54,Product 109,Kg,57.49
54,Product 112,Piece,163.92
54,Product 80,Piece,31.92
54,Product 46,Litre,70.48
54,Product 17,Kg,81.05
54,Product 115,Pack,132.77
54,Product 73,Litre,122.78
54,Product 64,Pack,53.73
54,Product 67,Kg,175.63
54,Product 110,Piece,146.95
54,Product 105,Piece,147.77
54,Product 86,Piece,94.5
54,Product 24,Pack,177.87
54,Product 102,Piece,101.34
54,Product 30,Piece,58.91
54,Product 38,Piece,51.5
54,Product 25,Piece,161.29
54,Product 1,Litre,184.4
54,Product 16,Pack,111.08
55,Product 87,Kg,22.75
55,Product 17,Kg,57.18
55,Product 27,Piece,118.89
55,Product 93,Piece,45.48
55,Product 5,Piece,123.33
55,Product 59,Litre,32.82
55,Product 50,Piece,117.3
55,Product 92,Kg,43.41
55,Product 111,Pack,182.59
55,Product 67,Kg,39.07
55,Product 15,Kg,35.5
55,Product 1,Pack,52.22
55,Product 40,Pack,130.94
55,Product 6,Piece,79.82
55,Product 88,Litre,148.32
55,Product 77,Kg,195.26
55,Product 12,Pack,122.2
55,Product 43,Kg,166.31
55,Product 60,Pack,37.51
55,Product 107,Piece,143.21
55,Product 14,Pack,104.7
55,Product 112,Litre,45.87
55,Product 85,Piece,184.32
55,Product 96,Pack,53.0
55,Product 108,Piece,161.98
55,Product 3,Piece,101.59
55,Product 74,Kg,31.77
55,Product 97,Kg,83.26
55,Product 82,Pack,172.24
55,Product 118,Piece,158.23
55,Product 42,Litre,111.43
55,Product 26,Pack,167.16
55,Product 25,Kg,78.66
55,Product 37,Kg,162.64
55,Product 36,Pack,92.15
55,Product 69,Pack,62.94
55,Product 41,Litre,118.63
55,Product 57,Pack,89.09
55,Product 16,Piece,57.48
55,Product 35,Pack,161.18
55,Product 20,Pack,122.1
55,Product 21,Piece,118.01
55,Product 86,Litre,51.16
56,Product 23,Piece,185.33
56,Product 40,Pack,149.2
56,Product 52,Piece,198.25
56,Product 9,Kg,130.07
56,Product 77,Pack,172.57
56,Product 14,Piece,31.23
56,Product 88,Kg,20.15
56,Product 105,Piece,39.75
56,Product 116,Piece,175.82
56,Product 99,Litre,97.71
56,Product 113,Pack,132.54
56,Product 49,Pack,93.09
56,Product 42,Pack,118.12
56,Product 64,Litre,105.48
56,Product 83,Litre,119.98
56,Product 85,Piece,171.19
56,Product 8,Litre,71.92
56,Product 12,Litre,44.17
56,Product 28,Kg,136.71
56,Product 18,Litre,149.84
56,Product 75,Pack,138.43
56,Product 97,Litre,35.24
56,Product 82,Pack,174.83
56,Product 1,Pack,132.18
56,Product 19,Pack,111.69
56,Product 110,Pack,89.25
56,Product 20,Litre,53.44
56,Product 58,Kg,124.03
56,Product 69,Litre,148.18
56,Product 38,Piece,93.95
56,Product 50,Piece,26.02
56,Product 79,Kg,122.27
56,Product 74,Piece,40.37
56,Product 93,Pack,193.11
56,Product 26,Kg,45.58
56,Product 27,Piece,103.69
56,Product 41,Kg,114.2
56,Product 39,Kg,64.14
57,Product 59,Piece,43.86
57,Product 66,Piece,69.54
57,Product 116,Piece,22.56
57,Product 61,Kg,128.69
57,Product 74,Litre,138.65
57,Product 94,Piece,165.41
57,Product 43,Piece,160.85
57,Product 54,Litre,107.29
57,Product 46,Kg,81.71
57,Product 103,Kg,194.12
57,Product 38,Litre,170.77
57,Product 110,Pack,158.67
57,Product 22,Litre,138.92
57,Product 5,Litre,57.95
57,Product 89,Piece,29.78
57,Product 77,Piece,155.99
57,Product 96,Kg,29.45
57,Product 39,Pack,91.77
57,Product 115,Piece,105.73
57,Product 101,Litre,88.36
57,Product 73,Pack,105.43
57,Product 34,Litre,115.48
57,Product 8,Pack,22.14
57,Product 81,Pack,88.76
57,Product 117,Piece,193.12
57,Product 75,Kg,37.53
57,Product 108,Piece,192.11
57,Product 118,Pack,129.89
57,Product 7,Piece,80.29
57,Product 85,Piece,164.42
57,Product 109,Piece,137.78
57,Product 80,Pack,103.0
57,Product 4,Litre,152.18
57,Product 37,Litre,113.59
57,Product 63,Litre,76.39
57,Product 11,Kg,141.1
57,Product 17,Kg,22.15
57,Product 65,Kg,114.55
57,Product 10,Pack,83.27
57,Product 36,Piece,65.34
58,Product 17,Pack,59.31
58,Product 49,Kg,184.27
58,Product 85,Piece,38.59
58,Product 98,Kg,32.67
58,Product 116,Piece,159.9
58,Product 83,Kg,181.37
58,Product 73,Litre,137.52
58,Product 103,Kg,187.92
58,Product 24,Pack,67.96
58,Product 15,Piece,182.83
58,Product 90,Kg,112.77
58,Product 112,Pack,106.07
58,Product 33,Pack,171.93
58,Product 38,Kg,117.22
58,Product 60,Kg,89.2
58,Product 118,Pack,41.82
58,Product 10,Piece,80.02
58,Product 82,Piece,92.11
58,Product 59,Kg,85.76
58,Product 36,Piece,34.48
58,Product 99,Pack,156.88
58,Product 55,Piece,136.6
58,Product 89,Litre,119.81
58,Product 86,Pack,138.93
58,Product 42,Piece,145.26
58,Product 108,Kg,133.51
58,Product 21,Piece,107.57
58,Product 104,Pack,152.36
58,Product 101,Litre,26.43
58,Product 8,Kg,149.55
58,Product 119,Litre,108.06
58,Product 50,Kg,162.69
58,Product 43,Piece,109.94
58,Product 91,Pack,193.98
58,Product 34,Kg,26.67
58,Product 97,Kg,80.79
58,Product 23,Kg,92.99
58,Product 57,Litre,165.28
58,Product 9,Pack,189.22
58,Product 63,Litre,153.39
58,Product 26,Litre,186.47
58,Product 79,Kg,152.38
58,Product 51,Pack,137.69
58,Product 84,Pack,183.29
58,Product 81,Kg,63.68
58,Product 14,Litre,22.59
58,Product 19,Kg,182.84
58,Product 70,Kg,102.11
59,Product 55,Kg,69.3
59,Product 44,Pack,50.25
59,Product 104,Piece,119.61
59,Product 107,Pack,63.86
59,Product 95,Kg,44.01
59,Product 87,Pack,159.98
59,Product 52,Kg,178.33
59,Product 42,Kg,21.14
59,Product 16,Litre,186.7
59,Product 88,Piece,94.92
59,Product 74,Pack,144.62
59,Product 70,Litre,45.76
59,Product 18,Piece,114.16
59,Product 113,Pack,63.07
59,Product 102,Litre,129.9
59,Product 28,Kg,127.33
59,Product 98,Pack,130.17
59,Product 6,Kg,132.89
59,Product 76,Piece,82.61
59,Product 23,Kg,120.39
59,Product 43,Litre,41.15
59,Product 9,Kg,131.41
60,Product 21,Litre,161.39
60,Product 86,Pack,112.68
60,Product 119,Kg,181.11
60,Product 6,Pack,126.69
60,Product 7,Piece,95.43
60,Product 83,Piece,61.41
60,Product 47,Kg,78.7
60,Product 37,Kg,62.68
60,Product 27,Pack,176.58
60,Product 56,Pack,180.45
60,Product 33,Kg,104.78
60,Product 43,Pack,29.78
60,Product 79,Pack,46.09
60,Product 104,Pack,52.05
60,Product 114,Piece,44.55
60,Product 98,Litre,133.76
60,Product 59,Piece,56.4
60,Product 14,Litre,25.78
60,Product 95,Kg,70.51
60,Product 69,Kg,173.3
60,Product 23,Pack,95.28
61,Product 53,Litre,64.61
61,Product 110,Pack,124.3
61,Product 67,Litre,184.48
61,Product 63,Kg,95.2
61,Product 111,Kg,27.21
61,Product 28,Pack,152.03
61,Product 76,Kg,96.63
61,Product 61,Pack,106.27
61,Product 108,Kg,101.44
61,Product 60,Litre,34.96
61,Product 36,Kg,144.77
61,Product 2,Pack,190.99
61,Product 94,Litre,84.51
61,Product 55,Litre,136.58
61,Product 95,Kg,22.87
62,Product 24,Kg,88.93
62,Product 102,Pack,131.44
62,Product 112,Piece,85.96
62,Product 48,Kg,120.94
62,Product 81,Litre,44.91
62,Product 60,Piece,62.95
62,Product 91,Kg,136.83
62,Product 82,Litre,155.57
62,Product 1,Litre,77.68
62,Product 111,Piece,110.64
62,Product 116,Pack,69.89
62,Product 10,Kg,87.11
62,Product 50,Pack,107.52
62,Product 89,Kg,104.63
62,Product 43,Piece,101.36
62,Product 68,Piece,163.98
62,Product 5,Kg,53.9
62,Product 38,Pack,35.72
62,Product 55,Pack,181.63
62,Product 97,Piece,192.49
62,Product 35,Kg,39.69
62,Product 90,Piece,40.16
62,Product 79,Litre,109.34
62,Product 70,Litre,113.72
62,Product 74,Kg,72.77
62,Product 27,Litre,105.3
62,Product 88,Pack,99.89
62,Product 11,Kg,72.47
62,Product 80,Kg,23.97
62,Product 106,Litre,170.29
62,Product 8,Piece,94.1
62,Product 66,Piece,138.04
62,Product 87,Piece,107.51
62,Product 47,Pack,102.44
62,Product 7,Litre,181.69
63,Product 119,Piece,136.5
63,Product 21,Piece,105.3
63,Product 92,Piece,194.53
63,Product 69,Litre,163.92
63,Product 37,Pack,80.96
63,Product 24,Kg,151.7
63,Product 23,Kg,45.1
63,Product 108,Kg,75.45
63,Product 91,Pack,131.15
63,Product 89,Litre,100.28
63,Product 86,Kg,78.75
63,Product 102,Litre,125.02
63,Product 20,Litre,160.63
63,Product 120,Piece,55.23
63,Product 31,Kg,116.91
63,Product 15,Pack,141.87
63,Product 6,Kg,195.65
63,Product 41,Pack,55.0
63,Product 74,Piece,128.57
63,Product 17,Kg,183.52
63,Product 57,Piece,91.56
63,Product 34,Pack,86.53
63,Product 48,Piece,22.19
63,Product 115,Piece,83.24
63,Product 27,Pack,177.37
63,Product 72,Kg,58.83
63,Product 112,Pack,153.47
63,Product 5,Pack,164.66
63,Product 110,Piece,49.48
63,Product 103,Pack,151.15
63,Product 45,Pack,45.12
63,Product 19,Kg,45.86
63,Product 98,Piece,105.43
63,Product 58,Piece,31.9
63,Product 70,Pack,35.92
63,Product 107,Pack,134.99
63,Product 117,Piece,94.61
63,Product 39,Pack,147.84
63,Product 16,Litre,55.87
63,Product 4,Pack,72.1
63,Product 52,Pack,27.6
63,Product 64,Piece,170.23
63,Product 111,Piece,108.94
63,Product 59,Pack,60.41
63,Product 94,Kg,47.72
63,Product 113,Piece,192.08
63,Product 1,Pack,42.35
63,Product 118,Piece,95.09
63,Product 65,Pack,183.22
64,Product 88,Litre,22.32
64,Product 61,Piece,87.14
64,Product 89,Pack,94.16
64,Product 105,Litre,38.44
64,Product 16,Litre,110.61
64,Product 48,Litre,163.12
64,Product 66,Kg,95.12
64,Product 94,Kg,40.98
64,Product 74,Litre,186.21
64,Product 3,Pack,82.68
64,Product 109,Piece,45.02
64,Product 34,Pack,180.15
64,Product 21,Piece,51.0
64,Product 75,Piece,25.18
64,Product 8,Kg,60.02
64,Product 19,Litre,143.85
64,Product 41,Piece,42.56
64,Product 60,Litre,196.6
64,Product 118,Pack,144.35
64,Product 18,Kg,33.99
64,Product 46,Pack,156.32
64,Product 108,Kg,55.34
64,Product 7,Kg,162.75
64,Product 35,Kg,104.43
64,Product 47,Piece,27.79
64,Product 54,Piece,140.17
64,Product 82,Kg,160.83
64,Product 100,Litre,125.77
64,Product 98,Litre,53.26
64,Product 38,Piece,25.27
64,Product 91,Litre,172.26
64,Product 68,Piece,190.78
64,Product 113,Piece,83.4
64,Product 10,Litre,110.88
64,Product 114,Kg,37.84
64,Product 25,Kg,115.19
64,Product 81,Litre,193.57
64,Product 24,Litre,182.3
64,Product 13,Kg,195.24
64,Product 77,Kg,186.36
64,Product 22,Pack,85.96
64,Product 70,Litre,99.14
64,Product 42,Kg,52.55
64,Product 104,Piece,196.63
64,Product 39,Pack,58.57
64,Product 97,Litre,93.36
64,Product 96,Piece,42.25
64,Product 120,Kg,113.55
64,Product 69,Pack,157.21
64,Product 93,Piece,120.28
65,Product 53,Piece,156.13
65,Product 38,Pack,84.1
65,Product 110,Pack,197.75
65,Product 55,Piece,46.53
65,Product 25,Pack,39.45
65,Product 118,Piece,108.08
65,Product 9,Litre,133.11
65,Product 108,Litre,25.35
65,Product 103,Kg,169.46
65,Product 61,Pack,142.06
65,Product 87,Litre,88.87
65,Product 48,Piece,47.49
65,Product 23,Kg,156.83
65,Product 2,Pack,162.69
65,Product 115,Litre,72.84
65,Product 63,Pack,108.25
65,Product 106,Piece,117.64
65,Product 14,Kg,191.46
65,Product 51,Kg,198.33
65,Product 57,Kg,89.05
65,Product 67,Piece,173.52
65,Product 85,Pack,102.74
65,Product 104,Kg,51.84
65,Product 11,Piece,179.25
65,Product 16,Litre,108.47
65,Product 19,Litre,76.24
65,Product 102,Pack,107.74
65,Product 52,Kg,122.39
65,Product 89,Pack,138.81
65,Product 76,Pack,105.66
65,Product 112,Litre,111.2
65,Product 22,Pack,67.41
65,Product 114,Pack,131.05
65,Product 47,Piece,157.96
65,Product 26,Piece,77.69
65,Product 44,Kg,126.28
65,Product 86,Litre,170.65
65,Product 77,Piece,165.72
65,Product 93,Kg,157.73
65,Product 96,Piece,88.5
65,Product 30,Pack,82.13
65,Product 117,Piece,94.15
65,Product 64,Kg,139.02
65,Product 36,Litre,62.23
65,Product 75,Piece,126.66
66,Product 35,Piece,67.73
66,Product 3,Piece,199.32
66,Product 90,Pack,164.83
66,Product 61,Kg,149.19
66,Product 76,Kg,126.54
66,Product 119,Piece,32.11
66,Product 41,Pack,96.88
66,Product 49,Piece,163.22
66,Product 74,Piece,110.84
66,Product 50,Piece,97.92
66,Product 42,Piece,56.01
66,Product 112,Pack,65.23
66,Product 13,Pack,140.88
66,Product 104,Litre,178.56
66,Product 63,Litre,123.83
66,Product 108,Litre,138.95
66,Product 89,Pack,68.23
66,Product 87,Pack,188.23
66,Product 27,Kg,114.01
66,Product 44,Piece,103.25
66,Product 64,Litre,47.09
66,Product 65,Piece,171.94
66,Product 98,Pack,77.36
66,Product 86,Kg,134.11
66,Product 101,Pack,68.05
66,Product 22,Piece,136.29
66,Product 79,Piece,143.63
66,Product 39,Litre,93.06
66,Product 47,Kg,46.99
66,Product 56,Kg,64.21
66,Product 26,Piece,103.55
66,Product 100,Pack,95.96
66,Product 82,Kg,56.36
66,Product 10,Piece,44.56
66,Product 69,Piece,162.14
66,Product 28,Piece,138.56
67,Product 111,Kg,159.17
67,Product 9,Piece,79.27
67,Product 116,Pack,165.05
67,Product 53,Litre,188.39
67,Product 115,Litre,45.97
67,Product 47,Litre,58.54
67,Product 86,Piece,99.11
67,Product 85,Piece,175.32
67,Product 12,Kg,108.26
67,Product 51,Piece,145.93
67,Product 108,Kg,76.97
67,Product 93,Pack,105.47
67,Product 110,Litre,193.4
67,Product 18,Litre,85.34
67,Product 31,Piece,167.85
67,Product 15,Kg,136.17
67,Product 74,Kg,171.47
67,Product 95,Kg,144.32
67,Product 65,Litre,65.54
67,Product 16,Pack,75.67
67,Product 67,Piece,182.57
67,Product 114,Kg,116.28
67,Product 75,Litre,174.38
67,Product 68,Pack,21.42
67,Product 33,Pack,186.95
67,Product 64,Piece,74.16
67,Product 112,Litre,73.54
67,Product 106,Litre,184.86
67,Product 77,Piece,178.3
68,Product 113,Kg,39.95
68,Product 118,Litre,112.95
68,Product 105,Litre,172.45
68,Product 13,Pack,162.68
68,Product 106,Piece,101.27
68,Product 21,Litre,66.92
68,Product 90,Piece,163.92
68,Product 34,Litre,35.19
68,Product 65,Piece,52.74
68,Product 9,Pack,190.06
68,Product 46,Litre,23.73
68,Product 54,Kg,186.16
68,Product 78,Litre,183.23
68,Product 94,Pack,55.69
68,Product 119,Litre,28.96
68,Product 71,Pack,128.07
68,Product 95,Litre,36.03
68,Product 42,Piece,50.62
68,Product 59,Kg,22.54
68,Product 89,Pack,159.2
68,Product 4,Pack,168.91
68,Product 98,Pack,41.33
68,Product 7,Litre,54.3
68,Product 83,Piece,71.83
68,Product 97,Pack,88.77
68,Product 24,Pack,174.14
68,Product 81,Litre,199.14
68,Product 57,Piece,150.81
68,Product 96,Litre,95.3
68,Product 18,Pack,162.64
68,Product 1,Kg,72.23
68,Product 52,Piece,62.39
68,Product 26,Pack,183.32
68,Product 107,Piece,124.92
68,Product 40,Pack,35.43
68,Product 41,Pack,43.98
68,Product 74,Piece,195.39
69,Product 43,Kg,20.96
69,Product 120,Pack,74.45
69,Product 31,Pack,140.83
69,Product 61,Litre,194.25
69,Product 117,Kg,124.49
69,Product 46,Piece,50.58
69,Product 78,Pack,187.46
69,Product 86,Pack,43.75
69,Product 103,Piece,147.85
69,Product 77,Pack,45.52
69,Product 91,Kg,76.39
69,Product 96,Litre,109.86
69,Product 104,Piece,154.61
70,Product 98,Piece,121.38
70,Product 20,Litre,125.04
70,Product 72,Kg,114.68
70,Product 110,Litre,94.96
70,Product 85,Kg,64.31
70,Product 82,Pack,141.84
70,Product 103,Piece,24.67
70,Product 57,Kg,90.95
70,Product 7,Kg,170.66
70,Product 25,Litre,25.2
70,Product 119,Pack,169.53
70,Product 112,Pack,101.73
70,Product 30,Piece,126.96
70,Product 24,Kg,79.3
70,Product 5,Kg,138.11
70,Product 61,Pack,78.48
70,Product 34,Litre,58.05
70,Product 21,Kg,164.28
70,Product 91,Piece,78.17
70,Product 60,Kg,153.88
70,Product 56,Pack,36.66
70,Product 15,Piece,52.04
70,Product 64,Pack,36.05
70,Product 6,Litre,49.33
70,Product 113,Pack,71.29
70,Product 46,Litre,41.71
70,Product 102,Pack,164.2
70,Product 118,Piece,182.67
70,Product 63,Litre,84.63
70,Product 59,Kg,169.77
70,Product 120,Litre,108.13
70,Product 99,Pack,105.76
70,Product 19,Pack,36.24
70,Product 16,Pack,165.98
70,Product 45,Litre,98.14
70,Product 12,Pack,36.73
70,Product 27,Piece,195.19
70,Product 37,Litre,136.57
70,Product 107,Litre,187.52
70,Product 22,Kg,72.33
70,Product 66,Pack,34.25
71,Product 10,Kg,98.08
71,Product 118,Kg,21.05
71,Product 6,Kg,22.39
71,Product 66,Pack,102.83
71,Product 14,Pack,176.38
71,Product 117,Pack,74.5
71,Product 55,Piece,144.32
71,Product 53,Pack,164.84
71,Product 13,Kg,42.52
71,Product 60,Kg,54.34
71,Product 85,Kg,145.29
71,Product 93,Litre,174.62
71,Product 73,Litre,106.6
71,Product 105,Litre,136.95
71,Product 33,Pack,171.58
71,Product 46,Litre,35.5
71,Product 106,Pack,46.67
71,Product 75,Pack,23.93
71,Product 11,Litre,182.43
71,Product 99,Pack,193.5
71,Product 65,Pack,23.53
71,Product 3,Pack,125.34
71,Product 15,Litre,73.07
71,Product 95,Pack,29.17
71,Product 110,Kg,38.48
71,Product 111,Pack,196.31
71,Product 23,Pack,152.67
71,Product 24,Piece,26.66
71,Product 51,Pack,107.5
71,Product 119,Pack,61.74
71,Product 102,Kg,115.1
71,Product 54,Pack,123.75
71,Product 39,Kg,68.21
71,Product 41,Pack,180.05
71,Product 76,Kg,109.06
71,Product 59,Piece,100.7
71,Product 58,Pack,23.75
71,Product 80,Piece,150.72
71,Product 34,Pack,81.89
71,Product 44,Litre,111.37
71,Product 109,Piece,185.91
71,Product 28,Pack,43.61
71,Product 83,Piece,150.14
71,Product 90,Pack,192.76
71,Product 82,Piece,163.28
72,Product 13,Kg,195.44
72,Product 102,Kg,168.25
72,Product 54,Kg,111.32
72,Product 64,Litre,133.39
72,Product 39,Litre,183.98
72,Product 31,Litre,151.1
72,Product 27,Pack,157.15
72,Product 72,Pack,151.86
72,Product 7,Kg,47.77
72,Product 3,Piece,80.23
72,Product 46,Litre,42.14
72,Product 34,Litre,99.04
72,Product 110,Pack,158.46
72,Product 87,Kg,64.16
72,Product 21,Pack,81.44
72,Product 23,Litre,35.34
72,Product 65,Piece,148.74
72,Product 5,Pack,84.92
72,Product 9,Litre,47.29
72,Product 44,Pack,161.7
72,Product 56,Litre,164.32
72,Product 15,Pack,185.24
72,Product 80,Pack,191.33
72,Product 30,Piece,189.87
72,Product 16,Pack,46.21
72,Product 113,Kg,149.17
72,Product 29,Kg,35.26
72,Product 63,Piece,92.3
72,Product 109,Litre,98.13
72,Product 101,Pack,156.65
72,Product 108,Litre,182.45
72,Product 6,Kg,195.99
72,Product 95,Piece,95.47
72,Product 35,Piece,149.88
72,Product 20,Piece,183.66
72,Product 66,Kg,168.86
72,Product 78,Litre,146.05
72,Product 14,Pack,135.9
72,Product 112,Pack,145.54
72,Product 57,Pack,159.57
72,Product 59,Piece,35.17
73,Product 71,Litre,83.06
73,Product 40,Piece,140.05
73,Product 67,Litre,148.58
73,Product 44,Litre,38.94
73,Product 97,Litre,168.11
73,Product 82,Piece,101.78
73,Product 21,Litre,148.1
73,Product 3,Pack,34.75
73,Product 4,Kg,96.48
73,Product 102,Litre,105.73
73,Product 70,Pack,34.05
73,Product 76,Pack,125.88
73,Product 34,Pack,176.96
73,Product 31,Pack,134.56
73,Product 100,Pack,144.02
73,Product 39,Pack,151.71
73,Product 93,Pack,168.29
73,Product 55,Litre,111.04
73,Product 65,Pack,148.01
73,Product 15,Litre,194.25
73,Product 94,Kg,145.0
73,Product 8,Pack,105.2
73,Product 48,Litre,189.93
73,Product 108,Piece,185.91
73,Product 81,Kg,128.29
73,Product 111,Pack,39.86
73,Product 46,Piece,122.92
73,Product 16,Kg,114.1
73,Product 7,Kg,86.86
73,Product 84,Piece,74.59
73,Product 104,Pack,25.04
73,Product 58,Litre,45.59
73,Product 105,Pack,28.76
73,Product 74,Piece,180.03
73,Product 1,Litre,52.95
73,Product 59,Pack,20.38
73,Product 117,Piece,32.16
73,Product 107,Kg,95.16
73,Product 75,Piece,121.84
73,Product 73,Piece,160.64
73,Product 69,Pack,170.2
73,Product 77,Litre,157.15
74,Product 116,Kg,54.64
74,Product 51,Kg,192.31
74,Product 44,Litre,155.1
74,Product 70,Kg,41.65
74,Product 6,Litre,193.23
74,Product 86,Piece,161.62
74,Product 114,Litre,169.34
74,Product 57,Pack,35.24
74,Product 95,Piece,92.32
74,Product 36,Kg,108.47
74,Product 83,Kg,81.19
74,Product 12,Litre,94.69
74,Product 22,Piece,88.76
74,Product 91,Kg,40.64
74,Product 4,Kg,117.52
74,Product 74,Piece,45.93
74,Product 81,Piece,158.29
74,Product 102,Litre,75.22
74,Product 99,Pack,142.15
74,Product 107,Kg,130.61
74,Product 40,Piece,52.66
74,Product 72,Kg,73.64
74,Product 110,Kg,77.61
74,Product 16,Pack,180.74
75,Product 50,Kg,20.18
75,Product 15,Pack,193.0
75,Product 35,Piece,137.55
75,Product 8,Litre,20.1
75,Product 41,Pack,69.19
75,Product 60,Piece,171.11
75,Product 71,Pack,199.86
75,Product 53,Litre,125.33
75,Product 9,Piece,28.19
75,Product 62,Kg,74.11
75,Product 4,Pack,145.72
75,Product 113,Litre,150.51
75,Product 82,Piece,178.09
75,Product 30,Litre,129.88
75,Product 3,Piece,179.11
75,Product 118,Piece,134.33
75,Product 114,Pack,69.14
75,Product 76,Piece,81.49
75,Product 87,Pack,192.62
75,Product 13,Piece,22.86
75,Product 32,Litre,136.36
75,Product 98,Kg,129.58
75,Product 72,Kg,182.26
75,Product 84,Litre,94.37
75,Product 17,Pack,157.24
75,Product 39,Kg,161.71
75,Product 73,Kg,116.96
75,Product 109,Pack,141.0
75,Product 58,Piece,194.97
75,Product 11,Pack,168.94
75,Product 108,Piece,89.62
75,Product 65,Kg,42.46
75,Product 27,Piece,188.52
75,Product 19,Pack,21.69
75,Product 48,Kg,156.52
75,Product 70,Piece,54.47
75,Product 22,Piece,165.51
75,Product 100,Litre,62.17
75,Product 69,Pack,194.11
75,Product 55,Kg,70.54
75,Product 99,Litre,21.28
75,Product 92,Pack,39.97
76,Product 76,Litre,172.58
76,Product 17,Kg,198.55
76,Product 96,Piece,142.52
76,Product 9,Pack,20.35
76,Product 34,Pack,135.37
76,Product 120,Kg,173.69
76,Product 73,Piece,97.86
76,Product 110,Pack,69.33
76,Product 30,Pack,109.2
76,Product 113,Kg,179.08
76,Product 67,Litre,28.45
76,Product 94,Pack,115.83
76,Product 101,Piece,20.93
76,Product 36,Litre,80.25
77,Product 81,Pack,37.25
77,Product 13,Pack,61.96
77,Product 4,Kg,101.61
77,Product 62,Pack,163.13
77,Product 56,Kg,81.13
77,Product 104,Kg,101.73
77,Product 118,Piece,125.81
77,Product 76,Kg,38.48
77,Product 103,Kg,126.72
77,Product 120,Litre,182.79
77,Product 43,Litre,134.73
77,Product 108,Piece,83.97
77,Product 33,Pack,150.43
77,Product 32,Pack,53.47
77,Product 14,Litre,163.46
77,Product 61,Kg,42.98
77,Product 31,Pack,112.36
77,Product 44,Piece,76.01
77,Product 7,Litre,46.53
77,Product 110,Piece,128.6
77,Product 67,Piece,86.39
77,Product 115,Kg,113.18
77,Product 10,Litre,30.32
77,Product 77,Kg,95.97
77,Product 80,Litre,195.77
77,Product 57,Litre,161.35
77,Product 119,Piece,54.08
77,Product 111,Pack,145.06
77,Product 58,Pack,127.96
77,Product 75,Piece,173.36
77,Product 16,Piece,130.9
77,Product 11,Pack,79.15
77,Product 8,Kg,101.77
77,Product 5,Kg,109.27
77,Product 49,Kg,134.98
77,Product 41,Litre,103.98
77,Product 9,Litre,63.02
77,Product 17,Piece,165.31
77,Product 88,Pack,56.96
77,Product 95,Litre,168.7
77,Product 82,Kg,85.31
77,Product 39,Kg,84.42
77,Product 116,Kg,45.63
77,Product 84,Pack,54.99
77,Product 106,Piece,27.9
77,Product 96,Kg,55.84
77,Product 72,Piece,51.35
77,Product 102,Piece,149.39
77,Product 38,Piece,172.56
77,Product 86,Litre,52.14
78,Product 59,Litre,173.8
78,Product 31,Piece,162.13
78,Product 48,Piece,64.49
78,Product 104,Piece,177.11
78,Product 118,Pack,57.66
78,Product 85,Kg,161.24
78,Product 22,Kg,50.14
78,Product 68,Pack,155.24
78,Product 103,Piece,109.75
78,Product 80,Pack,52.22
78,Product 56,Piece,114.59
78,Product 92,Pack,148.82
78,Product 9,Pack,105.28
78,Product 16,Pack,134.86
78,Product 19,Kg,57.3
78,Product 17,Litre,101.37
78,Product 102,Litre,91.26
78,Product 25,Piece,96.5
78,Product 112,Pack,122.85
78,Product 69,Piece,65.82
78,Product 49,Kg,44.18
78,Product 89,Kg,73.11
78,Product 116,Piece,61.43
78,Product 41,Kg,103.75
78,Product 77,Piece,96.7
78,Product 55,Pack,97.85
78,Product 82,Piece,164.81
78,Product 32,Piece,69.14
78,Product 6,Kg,52.32
79,Product 101,Piece,54.32
79,Product 36,Litre,199.71
79,Product 119,Piece,21.54
79,Product 30,Piece,70.73
79,Product 13,Piece,160.96
79,Product 16,Pack,190.25
79,Product 10,Kg,104.96
79,Product 47,Litre,175.78
79,Product 5,Litre,60.85
79,Product 70,Litre,105.4
79,Product 26,Pack,150.05
79,Product 43,Pack,81.32
79,Product 87,Kg,76.35
79,Product 33,Litre,97.18
79,Product 39,Pack,57.73
80,Product 55,Piece,36.78
80,Product 88,Kg,141.48
80,Product 97,Litre,25.77
80,Product 52,Pack,24.83
80,Product 98,Litre,32.51
80,Product 100,Pack,71.09
80,Product 89,Litre,72.4
80,Product 69,Kg,101.84
80,Product 39,Piece,113.34
80,Product 42,Litre,78.82
80,Product 76,Pack,90.4
80,Product 3,Kg,43.24
80,Product 73,Pack,106.09
80,Product 101,Kg,90.02
80,Product 5,Litre,43.39
80,Product 18,Litre,75.76
80,Product 20,Pack,48.58
80,Product 43,Piece,125.75
80,Product 108,Pack,69.58
80,Product 81,Kg,198.4
80,Product 78,Pack,31.51
80,Product 115,Pack,128.87
80,Product 74,Litre,114.65
80,Product 51,Pack,102.84
80,Product 49,Kg,152.71
80,Product 27,Piece,136.33
80,Product 118,Pack,82.42
80,Product 9,Piece,90.4
80,Product 113,Litre,94.71
80,Product 50,Litre,181.99
80,Product 25,Pack,102.41
80,Product 61,Litre,145.73
80,Product 14,Kg,90.84
80,Product 103,Kg,63.15
80,Product 102,Litre,69.28
80,Product 58,Piece,140.0
81,Product 97,Kg,135.0
81,Product 14,Pack,88.61
81,Product 65,Pack,174.04
81,Product 99,Pack,26.8
81,Product 100,Piece,40.64
81,Product 42,Litre,78.88
81,Product 53,Pack,107.26
81,Product 58,Kg,34.86
81,Product 22,Litre,148.44
81,Product 33,Pack,45.25
81,Product 27,Piece,171.48
81,Product 6,Litre,170.93
81,Product 60,Kg,51.9
81,Product 4,Kg,116.24
82,Product 115,Kg,90.31
82,Product 87,Piece,99.92
82,Product 69,Kg,28.76
82,Product 28,Pack,158.08
82,Product 57,Litre,87.44
82,Product 90,Litre,56.0
82,Product 7,Kg,95.9
82,Product 108,Kg,80.68
82,Product 82,Litre,142.39
82,Product 104,Kg,59.7
82,Product 67,Kg,163.45
82,Product 83,Litre,150.32
83,Product 55,Kg,127.98
83,Product 16,Pack,142.02
83,Product 30,Litre,79.77
83,Product 28,Piece,196.04
83,Product 14,Pack,32.15
83,Product 46,Kg,129.54
83,Product 42,Pack,88.83
83,Product 23,Litre,110.62
83,Product 2,Kg,61.87
83,Product 52,Kg,75.59
83,Product 84,Pack,156.3
83,Product 41,Kg,30.79
83,Product 112,Piece,109.77
83,Product 50,Litre,47.3
83,Product 117,Litre,135.57
83,Product 59,Litre,186.21
83,Product 29,Pack,153.07
83,Product 9,Piece,44.17
83,Product 85,Piece,135.85
83,Product 36,Kg,113.76
83,Product 110,Pack,136.65
83,Product 80,Piece,155.1
83,Product 48,Litre,172.45
83,Product 6,Piece,81.69
83,Product 103,Litre,117.08
83,Product 106,Litre,164.26
83,Product 53,Litre,129.45
83,Product 39,Pack,113.86
83,Product 77,Litre,99.62
83,Product 64,Kg,31.63
83,Product 116,Pack,32.6
83,Product 69,Litre,29.38
83,Product 73,Litre,188.89
83,Product 22,Litre,36.52
83,Product 33,Litre,62.54
84,Product 37,Litre,119.51
84,Product 74,Litre,66.31
84,Product 58,Pack,75.05
84,Product 82,Piece,87.53
84,Product 26,Pack,32.95
84,Product 35,Litre,148.68
84,Product 111,Litre,47.85
84,Product 101,Litre,20.75
84,Product 62,Piece,108.46
84,Product 11,Pack,189.25
84,Product 47,Piece,89.13
84,Product 51,Piece,135.39
84,Product 49,Kg,93.58
84,Product 22,Kg,198.65
84,Product 61,Kg,89.27
84,Product 57,Litre,54.96
84,Product 55,Pack,192.28
84,Product 65,Piece,111.73
84,Product 79,Pack,134.3
84,Product 95,Piece,145.36
84,Product 56,Pack,186.77
84,Product 98,Litre,63.62
84,Product 20,Kg,185.86
84,Product 112,Piece,133.57
84,Product 3,Kg,145.54
84,Product 108,Litre,67.04
84,Product 104,Pack,189.97
84,Product 114,Litre,65.77
84,Product 39,Litre,22.22
85,Product 33,Piece,151.95
85,Product 89,Litre,51.75
85,Product 39,Litre,146.73
85,Product 65,Litre,107.56
85,Product 69,Kg,101.12
85,Product 85,Litre,53.41
85,Product 114,Kg,154.98
85,Product 49,Litre,66.68
85,Product 76,Pack,99.33
85,Product 40,Kg,176.31
85,Product 94,Litre,34.37
85,Product 53,Kg,87.99
85,Product 97,Piece,31.57
85,Product 110,Kg,125.42
85,Product 12,Pack,107.33
85,Product 14,Kg,21.71
85,Product 82,Piece,155.32
85,Product 74,Kg,139.76
85,Product 100,Kg,37.43
85,Product 45,Kg,87.62
85,Product 19,Piece,187.78
85,Product 35,Pack,156.24
85,Product 96,Pack,80.58
85,Product 27,Piece,199.9
85,Product 98,Litre,189.38
85,Product 51,Pack,88.12
85,Product 90,Kg,195.55
85,Product 111,Piece,165.13
85,Product 1,Kg,102.25
85,Product 22,Pack,150.54
85,Product 63,Litre,24.62
85,Product 92,Kg,176.42
85,Product 13,Piece,191.19
85,Product 9,Litre,86.32
85,Product 54,Pack,112.68
85,Product 68,Litre,20.56
85,Product 86,Piece,22.99
86,Product 120,Kg,98.28
86,Product 61,Kg,48.84
86,Product 85,Piece,182.48
86,Product 110,Piece,59.67
86,Product 90,Piece,139.87
86,Product 13,Kg,139.79
86,Product 94,Pack,36.28
86,Product 50,Piece,176.95
86,Product 38,Kg,135.92
86,Product 78,Pack,183.83
86,Product 25,Pack,137.71
86,Product 92,Pack,165.52
86,Product 19,Litre,66.64
86,Product 67,Piece,35.78
86,Product 74,Kg,81.24
86,Product 101,Litre,154.03
86,Product 109,Kg,123.11
86,Product 65,Litre,173.6
86,Product 5,Pack,123.85
86,Product 17,Kg,75.94
86,Product 64,Litre,172.48
86,Product 12,Pack,77.54
86,Product 39,Piece,163.55
86,Product 87,Litre,113.56
86,Product 71,Litre,39.19
86,Product 60,Kg,116.89
86,Product 22,Pack,76.87
86,Product 58,Piece,170.7
86,Product 15,Pack,142.4
86,Product 62,Litre,128.26
86,Product 118,Litre,154.47
86,Product 70,Kg,127.8
86,Product 31,Piece,110.43
86,Product 32,Kg,69.22
86,Product 28,Pack,133.59
86,Product 114,Litre,109.1
86,Product 99,Pack,30.59
87,Product 39,Litre,123.89
87,Product 105,Pack,145.27
87,Product 85,Piece,181.5
87,Product 117,Litre,59.26
87,Product 109,Litre,152.36
87,Product 21,Kg,85.2
87,Product 3,Kg,142.1
87,Product 71,Litre,87.78
87,Product 51,Pack,142.3
87,Product 44,Litre,186.68
87,Product 55,Kg,84.01
87,Product 87,Pack,52.33
87,Product 61,Kg,41.12
87,Product 45,Piece,126.81
87,Product 97,Litre,132.86
87,Product 112,Pack,64.1
87,Product 119,Kg,63.35
87,Product 10,Pack,74.48
87,Product 68,Litre,137.5
87,Product 94,Pack,159.65
87,Product 37,Kg,159.99
87,Product 100,Pack,69.54
87,Product 90,Pack,86.12
87,Product 25,Kg,40.99
87,Product 98,Kg,108.06
87,Product 113,Litre,24.14
87,Product 104,Pack,69.27
87,Product 13,Kg,162.98
87,Product 17,Litre,89.11
87,Product 42,Pack,73.71
87,Product 75,Litre,37.9
87,Product 7,Kg,148.48
87,Product 120,Litre,92.96
87,Product 59,Kg,90.88
87,Product 84,Pack,31.51
88,Product 103,Litre,143.83
88,Product 41,Kg,62.68
88,Product 16,Litre,45.5
88,Product 6,Litre,192.34
88,Product 17,Litre,126.52
88,Product 74,Piece,43.13
88,Product 27,Pack,33.38
88,Product 84,Piece,66.92
88,Product 21,Litre,92.01
88,Product 12,Kg,190.05
88,Product 72,Pack,189.24
88,Product 33,Litre,116.46
88,Product 97,Kg,133.32
88,Product 5,Piece,199.16
88,Product 11,Litre,148.6
88,Product 118,Litre,95.54
88,Product 65,Litre,76.94
88,Product 39,Pack,88.21
88,Product 47,Litre,33.95
88,Product 70,Kg,115.66
88,Product 22,Pack,31.87
88,Product 55,Kg,85.31
88,Product 85,Piece,160.05
88,Product 1,Litre,176.39
88,Product 32,Litre,69.26
88,Product 120,Kg,87.89
88,Product 117,Litre,88.15
88,Product 67,Kg,160.89
88,Product 38,Kg,51.63
88,Product 98,Piece,125.99
88,Product 69,Pack,37.2
88,Product 57,Piece,146.08
88,Product 18,Piece,119.28
88,Product 115,Kg,181.38
88,Product 63,Litre,77.24
88,Product 119,Pack,52.52
88,Product 93,Pack,105.84
88,Product 46,Litre,66.63
89,Product 54,Kg,148.55
89,Product 91,Piece,63.96
89,Product 59,Kg,129.33
89,Product 24,Litre,141.41
89,Product 57,Litre,51.47
89,Product 46,Piece,171.09
89,Product 103,Piece,191.45
89,Product 60,Pack,109.19
89,Product 65,Litre,87.19
89,Product 37,Kg,80.83
89,Product 36,Litre,169.71
89,Product 55,Kg,72.21
89,Product 67,Pack,72.84
89,Product 92,Litre,20.4
89,Product 105,Pack,59.14
89,Product 30,Piece,187.24
89,Product 40,Kg,188.37
89,Product 82,Pack,30.35
89,Product 12,Kg,130.8
89,Product 104,Piece,73.7
89,Product 53,Kg,20.93
89,Product 99,Litre,92.37
89,Product 41,Kg,38.24
89,Product 102,Pack,55.56
89,Product 114,Litre,93.93
89,Product 11,Pack,21.24
89,Product 10,Piece,60.7
89,Product 31,Pack,87.38
89,Product 97,Piece,97.1
89,Product 22,Litre,116.56
89,Product 74,Piece,39.57
89,Product 8,Pack,138.13
89,Product 95,Pack,49.13
89,Product 111,Piece,154.48
89,Product 71,Kg,84.66
89,Product 64,Litre,39.92
89,Product 2,Piece,27.25
89,Product 109,Pack,95.79
89,Product 66,Piece,182.18
89,Product 18,Litre,139.92
89,Product 62,Pack,192.75
89,Product 85,Piece,41.38
89,Product 96,Pack,119.02
89,Product 69,Litre,78.48
89,Product 16,Pack,110.33
89,Product 52,Pack,43.66
89,Product 84,Kg,162.69
89,Product 25,Litre,48.0
90,Product 63,Litre,198.66
90,Product 11,Litre,61.29
90,Product 98,Litre,92.23
90,Product 55,Piece,198.27
90,Product 32,Litre,96.73
90,Product 80,Litre,36.37
90,Product 20,Kg,88.46
90,Product 94,Piece,146.03
90,Product 66,Litre,59.92
90,Product 24,Pack,106.26
90,Product 116,Pack,135.9
90,Product 36,Piece,39.81
90,Product 99,Piece,70.5
90,Product 15,Piece,148.09
90,Product 34,Litre,77.57
90,Product 90,Kg,52.72
90,Product 110,Kg,29.38
90,Product 86,Piece,58.16
90,Product 117,Pack,70.43
90,Product 26,Kg,97.56
90,Product 61,Piece,190.7
90,Product 91,Piece,80.17
90,Product 14,Kg,37.44
90,Product 105,Kg,142.93
90,Product 113,Litre,79.62
90,Product 65,Piece,153.73
90,Product 79,Piece,62.89
90,Product 111,Piece,57.81
91,Product 119,Piece,145.41
91,Product 13,Litre,72.14
91,Product 10,Kg,162.99
91,Product 70,Litre,153.33
91,Product 80,Pack,109.1
91,Product 44,Kg,49.79
91,Product 39,Pack,121.25
91,Product 93,Pack,92.15
91,Product 61,Piece,57.25
91,Product 98,Kg,48.8
91,Product 26,Litre,126.58
91,Product 69,Kg,178.25
91,Product 113,Pack,110.69
91,Product 20,Piece,74.61
91,Product 6,Litre,73.35
91,Product 17,Piece,119.39
91,Product 25,Litre,60.31
91,Product 54,Litre,72.53
91,Product 71,Litre,189.57
91,Product 92,Piece,186.9
91,Product 33,Piece,177.21
91,Product 111,Kg,135.63
91,Product 72,Litre,198.12
91,Product 45,Litre,116.23
91,Product 47,Kg,136.76
91,Product 58,Piece,78.42
91,Product 81,Piece,149.97
91,Product 101,Pack,181.7
91,Product 16,Piece,78.43
91,Product 56,Kg,132.67
91,Product 9,Kg,168.31
91,Product 62,Litre,151.49
91,Product 103,Piece,51.81
91,Product 68,Kg,116.73
91,Product 65,Kg,150.07
91,Product 3,Pack,190.22
91,Product 22,Piece,176.6
91,Product 77,Litre,167.03
92,Product 116,Litre,167.15
92,Product 62,Litre,32.5
92,Product 12,Kg,96.75
92,Product 64,Pack,183.64
92,Product 24,Pack,38.04
92,Product 59,Litre,150.82
92,Product 105,Kg,128.59
92,Product 111,Pack,89.12
92,Product 23,Kg,168.78
92,Product 25,Kg,43.79
92,Product 73,Kg,68.18
92,Product 63,Kg,162.63
92,Product 94,Kg,192.37
92,Product 83,Kg,117.63
92,Product 37,Piece,173.49
92,Product 3,Kg,56.42
92,Product 40,Pack,156.74
92,Product 21,Pack,166.78
92,Product 114,Piece,79.72
93,Product 14,Piece,33.73
93,Product 66,Piece,41.3
93,Product 114,Kg,181.21
93,Product 108,Litre,52.05
93,Product 54,Piece,127.93
93,Product 19,Pack,47.04
93,Product 1,Piece,132.46
93,Product 29,Piece,82.71
93,Product 4,Kg,68.8
93,Product 30,Pack,139.11
93,Product 55,Piece,165.93
93,Product 50,Kg,161.99
93,Product 115,Litre,160.0
93,Product 46,Litre,77.65
93,Product 84,Pack,100.41
93,Product 37,Pack,166.64
93,Product 113,Kg,124.01
93,Product 88,Piece,46.04
93,Product 109,Piece,199.06
93,Product 103,Litre,158.16
93,Product 92,Piece,77.48
93,Product 15,Pack,106.63
93,Product 63,Pack,128.31
93,Product 22,Piece,44.88
93,Product 99,Litre,88.97
93,Product 104,Pack,116.97
93,Product 120,Pack,115.85
93,Product 105,Litre,89.23
94,Product 72,Kg,146.25
94,Product 61,Kg,105.83
94,Product 18,Litre,25.43
94,Product 15,Piece,45.43
94,Product 8,Litre,33.87
94,Product 45,Pack,46.95
94,Product 47,Litre,104.56
94,Product 109,Litre,154.66
94,Product 113,Piece,104.63
94,Product 111,Piece,99.92
94,Product 100,Kg,71.62
94,Product 105,Litre,30.8
94,Product 118,Kg,128.75
94,Product 38,Litre,110.59
94,Product 59,Kg,91.35
94,Product 19,Pack,142.38
94,Product 71,Pack,119.75
94,Product 54,Piece,185.45
94,Product 32,Piece,147.68
94,Product 27,Pack,187.66
94,Product 29,Piece,195.16
94,Product 116,Pack,196.03
94,Product 96,Litre,153.76
94,Product 108,Pack,131.43
94,Product 16,Litre,90.61
94,Product 90,Kg,166.98
94,Product 91,Pack,105.93
94,Product 112,Pack,168.91
94,Product 49,Litre,29.84
94,Product 4,Piece,136.4
94,Product 95,Litre,68.59
94,Product 55,Kg,34.01
94,Product 48,Piece,25.05
95,Product 82,Litre,76.61
95,Product 119,Pack,150.62
95,Product 5,Litre,146.48
95,Product 31,Kg,79.64
95,Product 35,Kg,110.39
95,Product 11,Litre,24.26
95,Product 73,Pack,105.85
95,Product 114,Kg,72.22
95,Product 6,Litre,142.83
95,Product 113,Kg,179.34
95,Product 102,Kg,191.51
95,Product 62,Litre,179.19
95,Product 112,Litre,158.39
95,Product 7,Litre,198.81
95,Product 41,Piece,100.55
95,Product 12,Litre,81.02
95,Product 40,Piece,132.22
95,Product 2,Pack,27.2
95,Product 46,Pack,63.04
95,Product 97,Kg,192.44
95,Product 37,Pack,37.53
95,Product 51,Kg,45.67
96,Product 47,Pack,48.48
96,Product 46,Pack,173.69
96,Product 12,Litre,89.88
96,Product 10,Pack,140.45
96,Product 23,Piece,103.86
96,Product 91,Pack,39.64
96,Product 99,Litre,151.72
96,Product 59,Pack,158.28
96,Product 34,Litre,92.27
96,Product 61,Kg,77.11
96,Product 33,Pack,58.27
96,Product 98,Pack,40.58
96,Product 57,Pack,26.89
96,Product 84,Litre,190.74
96,Product 18,Litre,135.24
96,Product 16,Piece,122.28
96,Product 73,Pack,31.23
96,Product 63,Piece,162.12
96,Product 6,Pack,58.42
96,Product 120,Litre,176.24
96,Product 37,Pack,68.57
96,Product 52,Litre,35.05
96,Product 53,Kg,69.3
96,Product 80,Kg,73.7
96,Product 88,Pack,176.83
96,Product 17,Litre,140.54
96,Product 108,Piece,53.13
96,Product 101,Kg,36.64
96,Product 66,Pack,81.56
96,Product 97,Piece,49.62
96,Product 41,Piece,189.55
96,Product 48,Pack,105.59
96,Product 11,Litre,193.81
96,Product 109,Pack,83.84
96,Product 65,Pack,168.14
96,Product 58,Litre,34.01
96,Product 112,Litre,78.27
96,Product 102,Piece,22.55
96,Product 115,Pack,188.09
96,Product 8,Pack,175.57
96,Product 32,Kg,162.56
96,Product 72,Pack,67.3
96,Product 2,Kg,197.88
96,Product 20,Litre,134.17
96,Product 14,Kg,26.57
96,Product 38,Litre,95.63
97,Product 65,Pack,71.31
97,Product 105,Pack,134.14
97,Product 112,Kg,199.17
97,Product 16,Kg,36.13
97,Product 90,Kg,130.93
97,Product 64,Pack,38.66
97,Product 84,Kg,134.03
97,Product 59,Kg,140.19
97,Product 53,Pack,58.14
97,Product 118,Pack,119.29
97,Product 46,Kg,55.2
97,Product 110,Pack,191.1
97,Product 107,Piece,194.17
97,Product 70,Pack,94.33
97,Product 55,Pack,21.37
97,Product 67,Piece,160.8
97,Product 98,Piece,68.17
97,Product 43,Piece,75.33
97,Product 15,Pack,141.19
97,Product 23,Kg,182.03
97,Product 113,Pack,25.88
97,Product 106,Kg,47.61
97,Product 48,Piece,171.34
97,Product 101,Piece,80.32
97,Product 71,Pack,63.53
97,Product 77,Pack,54.68
97,Product 21,Pack,169.14
97,Product 108,Pack,43.2
97,Product 56,Pack,195.92
98,Product 74,Kg,102.64
98,Product 101,Kg,39.27
98,Product 51,Piece,67.16
98,Product 108,Litre,36.7
98,Product 98,Pack,172.03
98,Product 81,Litre,90.34
98,Product 34,Pack,163.18
98,Product 117,Pack,33.24
98,Product 71,Kg,57.85
98,Product 21,Pack,87.55
98,Product 42,Piece,134.04
98,Product 27,Pack,165.54
98,Product 12,Litre,73.78
98,Product 113,Litre,138.74
98,Product 4,Kg,41.1
98,Product 56,Piece,198.87
98,Product 2,Pack,199.08
98,Product 115,Kg,48.51
98,Product 99,Piece,186.78
98,Product 76,Litre,129.1
98,Product 20,Kg,113.24
98,Product 106,Litre,58.94
98,Product 80,Piece,40.66
98,Product 91,Litre,25.31
98,Product 70,Litre,59.56
98,Product 11,Litre,68.17
98,Product 120,Pack,55.86
98,Product 49,Kg,82.74
98,Product 102,Piece,104.07
98,Product 17,Pack,98.49
98,Product 59,Pack,186.02
98,Product 82,Piece,51.13
98,Product 103,Piece,193.14
98,Product 46,Kg,125.06
98,Product 24,Piece,49.82
98,Product 31,Litre,191.68
98,Product 84,Pack,98.02
98,Product 29,Pack,96.27
98,Product 39,Piece,166.86
98,Product 25,Kg,129.31
98,Product 69,Pack,55.95
98,Product 32,Piece,87.31
98,Product 93,Kg,100.89
98,Product 114,Kg,192.46
98,Product 7,Piece,125.64
98,Product 36,Piece,128.7
98,Product 95,Piece,91.7
98,Product 19,Kg,52.38
98,Product 3,Piece,97.29
98,Product 14,Litre,84.39
99,Product 28,Pack,109.76
99,Product 60,Piece,95.82
99,Product 73,Kg,101.5
99,Product 102,Piece,126.41
99,Product 42,Litre,123.75
99,Product 30,Piece,23.21
99,Product 72,Kg,184.1
99,Product 9,Piece,43.59
99,Product 50,Pack,26.66
99,Product 37,Kg,80.73
99,Product 78,Kg,32.5
99,Product 120,Kg,169.37
99,Product 68,Pack,150.19
99,Product 109,Piece,77.09
99,Product 14,Piece,92.06
99,Product 114,Piece,108.89
99,Product 36,Kg,90.8
99,Product 92,Pack,108.8
99,Product 110,Kg,171.75
99,Product 86,Kg,25.27
99,Product 10,Kg,168.58
99,Product 74,Litre,38.92
99,Product 83,Piece,175.05
99,Product 54,Pack,60.74
99,Product 88,Kg,54.41
99,Product 56,Piece,166.91
99,Product 41,Kg,188.14
99,Product 94,Kg,66.74
99,Product 26,Kg,39.94
99,Product 103,Piece,33.51
99,Product 7,Piece,143.83
100,Product 58,Kg,184.54
100,Product 86,Litre,185.01
100,Product 16,Pack,195.51
100,Product 67,Litre,160.4
100,Product 68,Litre,32.36
100,Product 31,Pack,49.56
100,Product 74,Piece,191.27
100,Product 62,Kg,46.51
100,Product 85,Kg,154.1
100,Product 63,Litre,22.99
100,Product 36,Pack,53.67
100,Product 42,Kg,105.72
100,Product 99,Pack,83.35
100,Product 94,Kg,186.85
100,Product 113,Kg,83.8
100,Product 29,Litre,47.11
100,Product 12,Pack,111.43
100,Product 34,Kg,99.44
100,Product 108,Piece,37.61
100,Product 38,Pack,151.76
100,Product 92,Pack,54.91
100,Product 11,Litre,92.48
100,Product 46,Piece,115.32
100,Product 72,Pack,113.35
100,Product 32,Kg,142.61
100,Product 112,Litre,192.61
100,Product 83,Litre,40.73
100,Product 27,Kg,123.54
100,Product 89,Litre,31.85
100,Product 10,Kg,69.58
100,Product 91,Pack,90.54
100,Product 64,Kg,59.58
100,Product 8,Piece,109.13
100,Product 28,Litre,161.43
100,Product 2,Piece,134.64
100,Product 87,Piece,152.1
100,Product 60,Kg,53.31
100,Product 50,Pack,153.04
100,Product 25,Litre,50.64
100,Product 111,Kg,50.0
100,Product 14,Piece,181.98
100,Product 44,Litre,193.2
100,Product 93,Pack,97.03
100,Product 76,Kg,51.95
100,Product 116,Piece,178.63
100,Product 66,Litre,142.26
100,Product 41,Kg,126.92
100,Product 40,Pack,124.97
100,Product 59,Pack,177.18
100,Product 20,Pack,39.69
